충전소 아이디,충전소명,시도,위도,경도
8119,서울직할(공용),서울특별시 중구 남대문로 92,37.565199,126.983339
8118,서울전력관리처(공용),서울특별시 중구 남산동3가 11-10,37.5607325,126.9877962
5631,버티공영주차장,서울특별시 중구 신당동 432-1693,37.5490628,127.0062466
5167,SK렌터카 본사,서울특별시 종로구 관철동 7-3,37.5694743,126.987209
5063,서울대학교병원 암병동 주차장,서울특별시 종로구 연건동 28-21,37.578789,126.9976056
5062,서울대학교병원 대한외래병동주차장,서울특별시 종로구 연건동 28-21,37.5787913,126.9975631
5060,서울대학교병원 장례식장주차장,서울특별시 종로구 연건동 28-2,37.5800436,126.9969348
5059,약수동공영주차장,서울특별시 중구 신당동 349-234,37.5521571,127.0131473
5058,묵정공원 공영주차장,서울특별시 중구 충무로5가 21,37.5639159,127.0002857
5057,서울역(한화역사),서울특별시 중구 봉래동2가 122,37.5546558,126.971523
4793,전국은행연합회,서울특별시 중구 명동1가 4-1,37.5649442,126.985558
3993,국립중앙극장,서울특별시 중구 장충동2가 산 14-67,37.552871,127.0001308
3849,신세계 본점,서울특별시 중구 소공로 63 (충무로1가_신세계백화점건물),37.560914,126.9810816
3068,남산케이블카,서울특별시 중구 회현동1가 산 1-19,37.556417,126.984586
3005,LIG서울역리가아파트,서울특별시 중구 만리동1가 231,37.555975,126.966934
2947,한국관광공사 옆 노상 공영주차장,서울특별시 중구 다동 85-4,37.568226,126.981962
1373,무악현대 아파트,서울특별시 종로구 무악동 통일로 246-20,37.575074,126.959929
1015,효성주얼리시티,서울특별시 종로구 인의동 종로 183,37.571415,126.998657
1013,창신쌍용2단지 아파트,서울특별시 종로구 창신동 낙산길 198,37.580271,127.011826
1012,창신두산 아파트,서울특별시 종로구 창신동 지봉로5길 7,37.574219,127.014312
1011,인왕산2차아이파크,서울특별시 종로구 무악동 통일로 246-20,37.575769,126.959533
1009,덕수궁 롯데캐슬,서울특별시 중구 순화동 서소문로9길 28,37.563699,126.97025
1008,남산센트럴자이,서울특별시 중구 충무로4가 퇴계로 235,37.56247,126.997827
1007,광화문스페이스본 아파트,서울특별시 종로구 사직동 사직로8길 4,37.57424,126.96871
830,종로센트레빌,서울특별시 종로구 숭인동 동망산길 47,37.580628,127.016222
829,명륜아남1차 아파트,서울특별시 종로구 명륜2가 창경궁로 265,37.585634,126.999562
828,롯데캐슬베네치아,서울특별시 중구 황학동 청계천로 400,37.571042,127.020992
827,동성빌라,서울특별시 종로구 구기동 비봉2길 32,37.611634,126.958662
826,경희궁의아침3단지 아파트,서울특별시 종로구 내수동 사직로8길 34,37.573369,126.972271
596,쌍용남산플래티넘 아파트,서울특별시 중구 소공로 46,37.5594133,126.9832222
595,남산타운 아파트,서울특별시 중구 다산로 32 1동_21동_31동,37.546659,127.006507
594,남산롯데캐슬아이리스 아파트,서울특별시 중구 소공로 35,37.55822,126.982114
283,국립현대미술관 서울관,서울특별시 종로구 소격동 165-10,37.5782017,126.9801122
282,동대문디자인플라자,서울특별시 중구 을지로7가 2-1,37.5662152,127.0101559
281,석탄회관,서울특별시 종로구 수송동 80-6,37.57282,126.980218
14,서울직할,서울특별시 중구 남대문로 92,37.565199,126.983339
11,서울전력관리처,서울특별시 중구 남산동3가 11-10,37.5607325,126.9877962
4808,현대백화점 미아점,서울특별시 성북구 동소문로 315 (길음동_현대백화점미아점),37.608453,127.0287466
4143,북서울꿈의숲,서울특별시 강북구 번동 90,37.6215438,127.0412916
3999,래미안아트리지,서울특별시 성북구 석관동 410,37.6060427,127.0636379
3815,강북문화예술회관,서울특별시 강북구 수유동 360-10,37.6407909,127.0134276
3602,돈암현대,서울특별시 성북구 돈암동 1-3,37.6039345,127.0285721
3500,강북성북지사,서울특별시 강북구 미아동 190-1,37.630923,127.024819
3353,성북동아에코빌아파트,서울특별시 성북구 상월곡동 101,37.607443,127.046239
3134,삼선힐스테이트,서울특별시 성북구 삼선동2가 420,37.5821301,127.0134865
3069,국민대학교,서울특별시 성북구 정릉동 861-1,37.610015,126.996915
3019,미아한일유앤아이APT,서울특별시 강북구 미아동 1355,37.614026,127.0365
2910,길음래미안3차,서울특별시 성북구 길음동 1283,37.606454,127.022261
2761,종암삼성래미안,서울특별시 성북구 종암동 80,37.601396,127.029801
2724,돈암더샵아파트,서울특별시 성북구 돈암동 603,37.597877,127.010327
2667,대림 샹그레빌,서울특별시 성북구 하월곡동 224,37.596349,127.041207
2383,해모로아파트,서울특별시 강북구 번동 139,37.626598,127.037899
2382,삼선 SK뷰 아파트,서울특별시 성북구 삼선동3가 116,37.58777,127.011914
2289,정릉풍림아이원,서울특별시 성북구 정릉동 239,37.618782,127.007279
2288,브라운스톤돈암아파트,서울특별시 성북구 돈암동 636,37.597049,127.018558
1374,삼선푸르지오 아파트,서울특별시 성북구 삼선동2가 425,37.58342,127.013815
1019,정릉e편한세상 아파트,서울특별시 성북구 정릉동 1028,37.614892,127.010221
1018,석관두산 아파트,서울특별시 성북구 석관동 10,37.612336,127.069684
1017,보문하우스토리,서울특별시 성북구 보문동4가 116,37.584386,127.020844
1016,래미안미아1차 아파트,서울특별시 강북구 미아동 797,37.625668,127.018992
836,한신휴아파트,서울특별시 성북구 동소문동7가 23,37.595328,127.014314
835,정릉2차 e편한세상 아파트,서울특별시 성북구 정릉동 1035,37.600129,127.019378
834,미아동부센트레빌,서울특별시 강북구 미아동 474,37.613741,127.025894
833,동일하이빌뉴시티 아파트,서울특별시 성북구 하월곡동 88-387,37.604609,127.031071
832,돈암일신건영휴먼빌 아파트,서울특별시 성북구 돈암동 524,37.600504,127.011848
831,꿈의숲대명루첸 아파트,서울특별시 성북구 장위동 317,37.620405,127.047524
597,금호어울림 센터힐 아파트,서울특별시 성북구 돈암동 643,37.600602,127.022399
214,고려대학교(자연과학),서울특별시 성북구 안암동5가 126-16 (고려대학교안암캠퍼스),37.5835884,127.026351
213,고려대학교,서울특별시 성북구 안암동5가 1-2 (고려대학교안암캠퍼스),37.588985,127.033897
10,강북성북지사(공용),서울특별시 강북구 미아동 190-1,37.630923,127.024819
8113,광진성동지사(공용),서울특별시 성동구 마장로27길 13,37.567845,127.034026
6822,한전성동전력지사,서울 성동구 마장동 487-1,37.5678984,127.0394149
4810,금호스포츠센터,서울특별시 성동구 금호동4가 56,37.5457446,127.0251919
4801,뚝섬유수지 공영주차장,서울특별시 성동구 성수동1가 685-63,37.5506009,127.0414385
4794,서울숲SK V1 타워,서울특별시 성동구 성수동2가 284-55,37.5470626,127.0517144
4151,구의삼성쉐르빌상가,서울특별시 광진구 구의동 199-18,37.5399384,127.0946074
4150,서울숲M타워,서울특별시 성동구 성수동1가 656-334,37.5441388,127.0465722
3998,구의삼성쉐르빌아파트,서울특별시 광진구 구의동 199-18,37.539954,127.0948846
3337,e편한세상 금호파크힐스,서울특별시 성동구 금호동1가 1823,37.554285,127.0226915
3083,한양대학교,서울특별시 성동구 사근동 110,37.557023,127.047167
3021,센트라스 3획지,서울 성동구 하왕십리동 1070,37.5654699,127.0240723
3006,센트라스 1획지,서울 성동구 하왕십리동 1070,37.5667876,127.0238633
2996,센트라스 6획지,서울 성동구 하왕십리동 1070,37.5651645,127.0296835
2970,센트라스 2획지,서울 성동구 하왕십리동 1070,37.5661627,127.0282351
2539,서울 새활용플라자,서울특별시 성동구 자동차시장길 49,37.558589,127.058496
2228,장로회신학대학교,서울특별시 광진구 광장동 353,37.54945,127.104825
1850,성수2차대우 아파트,서울특별시 성동구 성수동1가 상원6길 16,37.54828,127.050422
983,광진하우스토리한강,서울특별시 광진구 자양동 구의강변로1길 44,37.530042,127.09034
795,행당한진타운,서울특별시 성동구 행당동 행당로 82,37.555215,127.028245
793,서울숲푸르지오 아파트,서울특별시 성동구 금호동4가 금호로 15,37.545144,127.022683
792,리버그린동아 아파트,서울특별시 성동구 응봉동 고산자로4길 34,37.55332,127.037354
791,금호자이1차,서울특별시 성동구 금호동2가 금호로 117,37.55235,127.023167
583,성수동아이파크 아파트,서울특별시 성동구 성수동2가 성수이로 137,37.546956,127.057287
581,광장힐스테이트 아파트,서울특별시 광진구 광장동 아차산로 537-17,37.543324,127.100043
289,강변테크노마트 주차장,서울특별시 광진구 구의동 546-4,37.5356997,127.0957647
288,광진구청 주차장,서울특별시 광진구 자양동 777,37.5383979,127.0824286
216,뚝도충전소,서울특별시 광진구 자양3동 510-8,37.53631,127.069429
15,광진성동지사,서울특별시 성동구 마장로27길 13,37.567845,127.034026
8115,노원도봉지사(공용),서울특별시 노원구 상계동 700,37.6539179,127.0556666
8114,인재개발원(공용),서울특별시 노원구 노원길 130,37.6351988,127.0873634
7177,도봉구 보건소,서울 도봉구 쌍문동 565,37.657899,127.038753
5760,인재개발원(공용),서울특별시 노원구 공릉동 170-2,37.6316022,127.0840149
5625,서울북부지검,서울특별시 도봉구 도봉동 626-20,37.6758071,127.04649
4807,도깨비시장 공영주차장,서울특별시 도봉구 방학동 632-1,37.6645694,127.0339789
4803,방학3동 주민센터,서울특별시 도봉구 방학동 498-16,37.6591043,127.0280096
4802,창3동 주민센터,서울특별시 도봉구 창동 462-2,37.6380506,127.0429259
4146,한국원자력의학원,서울특별시 노원구 공릉동 215-4,37.6283982,127.0822702
3994,북서울시립미술관,서울특별시 노원구 중계동 508,37.6408393,127.0667834
3816,서울과학기술대학교,서울특별시 노원구 공릉동 172,37.6330077,127.0775419
3232,상계주공15단지,서울특별시 노원구 상계동 652,37.669436,127.054247
3131,창동주공18단지아파트,서울특별시 도봉구 노해로70길 126 (창동_주공18단지아파트),37.64652,127.0527
3130,창동대우아파트,서울특별시 도봉구 덕릉로63가길 43 (창동_창동대우아파트),37.642224,127.037342
3129,쌍문미라보아파트,서울특별시 도봉구 시루봉로2길 62 (쌍문동_쌍문미라보아파트),37.655394,127.031444
3079,한일병원,서울특별시 도봉구 쌍문동 388-1,37.645987,127.027378
3067,삼육대학교,서울특별시 노원구 공릉동 26-21,37.643011,127.108412
2995,대상타운현대아파트,서울특별시 도봉구 방학동 720-1,37.664667,127.048718
2990,노원프레미어스엠코,서울특별시 노원구 공릉동 670-20,37.618445,127.076387
2967,상계주공16단지아파트,서울특별시 노원구 상계동 624,37.6687833,127.0537251
2776,수락리버시티3단지,서울특별시 노원구 상계동 누원로 28,37.687134,127.05443
2764,중계우성3차아파트,서울특별시 노원구 중계동 덕릉로 613,37.652723,127.073245
2683,노원우성아파트,서울특별시 노원구 상계동 상계로7길 18,37.657759,127.065054
2682,중계건영3차아파트,서울특별시 노원구 노원로22길 71 (중계동_건영3차아파트),37.648587,127.074654
2640,상계동아불암아파트,서울특별시 노원구 상계동 1285,37.666731,127.079439
2622,창동3차현대아파트,서울특별시 도봉구 창동 도봉로 428,37.659689,127.045917
2540,노원구청,서울특별시 노원구 상계동 701-1,37.653754,127.056952
2380,창동2차현대아파트,서울특별시 도봉구 창동 도봉로136길 111,37.660905,127.04586
2379,방학금광포란재,서울특별시 도봉구 방학동 도봉로150바길 26,37.664732,127.045172
2378,공릉풍림아파트,서울특별시 노원구 공릉동 섬밭로 139,37.629093,127.067499
1856,현대그린 아파트,서울특별시 노원구 중계동 중계로8길 39,37.646893,127.084574
1851,공릉대동 아파트,서울특별시 노원구 공릉동 동일로175길 38,37.620056,127.072536
1360,효성하이타운,서울특별시 도봉구 방학동 방학로11길 33,37.661264,127.033065
1359,중계경남롯데상아 아파트,서울특별시 노원구 섬밭로 265 (중계동_경남_롯데_상아아파트),37.638929,127.063001
1358,쌍문염광 아파트,서울특별시 도봉구 쌍문동 우이천로30길 28,37.648687,127.026106
1357,상계동양 아파트,서울특별시 노원구 상계동 상계로5길 12,37.657129,127.064275
1356,미주동방벽운 아파트,서울특별시 노원구 상계동 1265,37.681033,127.05576
1355,도봉서원 아파트,서울특별시 도봉구 도봉동 641-1,37.672821,127.048135
1353,공릉동부 아파트,서울특별시 노원구 공릉동 공릉로 206,37.628002,127.078863
998,창동쌍용 아파트,서울특별시 도봉구 창동 마들로 551,37.659787,127.048115
996,창동대동 아파트,서울특별시 도봉구 창동 도봉로 642-30,37.661553,127.043888
995,중계센트럴파크,서울특별시 노원구 덕릉로70가길 21 (상계동_중계센트럴파크),37.643296,127.059732
994,중계삼성 아파트,서울특별시 노원구 중계동 593,37.648831,127.083529
993,월계청백1단지 아파트,서울특별시 노원구 월계동 초안산로 89,37.634786,127.052612
989,방학명품ESA2단지,서울특별시 도봉구 방학동 716-5,37.666546,127.045881
988,방학5단지 신동아 아파트,서울특별시 도봉구 방학동 방학로12길 53,37.663214,127.028786
986,동진신안 아파트,서울특별시 노원구 중계동 364,37.650163,127.078652
985,동아청솔아파트,서울특별시 도봉구 창동 808,37.657032,127.048139
807,화랑타운,서울특별시 노원구 공릉동 화랑로51길 17,37.623527,127.088218
806,창동한신 아파트,서울특별시 도봉구 창동 덕릉로60바길 21,37.638969,127.041149
805,중계주공4단지 아파트,서울특별시 노원구 중계동 덕릉로76길 29,37.656063,127.076178
803,서울가든 아파트,서울특별시 도봉구 도봉동 도봉산길 35,37.686862,127.041
801,방학우성1차 아파트,서울특별시 도봉구 방학동 해등로 286-5,37.657365,127.024179
800,롯데우성 아파트,서울특별시 노원구 중계동 361-1,37.646994,127.073504
798,동신 아파트,서울특별시 노원구 공릉동 공릉로 213,37.628447,127.076946
797,공릉동현대성우 아파트,서울특별시 노원구 공릉동 공릉로27길 110,37.626604,127.077431
796,공릉2단지라이프 아파트,서울특별시 노원구 공릉동 708,37.630351,127.066663
590,창동한승미메이드 아파트,서울특별시 도봉구 덕릉로 60길 164-13,37.632965,127.04291
589,중계현대2차 아파트,서울특별시 노원구 한글비석로 15길 51,37.656072,127.073635
587,쌍문한양6차 아파트,서울특별시 도봉구 시루봉로 58,37.656002,127.02944
586,북한산코오롱하늘채 아파트,서울특별시 도봉구 우이천로 367,37.648403,127.02286
585,방학극동 아파트,서울특별시 도봉구 시루봉로 11길 25-8,37.66396,127.02672
584,도봉현대성우 아파트,서울특별시 도봉구 마들로 735-8,37.67628,127.047334
104,노원도봉지사,서울특별시 노원구 상계동 700,37.6539179,127.0556666
36,인재개발원,서울특별시 노원구 노원길 130,37.6351988,127.0873634
5815,장영당길 공영주차장,서울특별시 동대문구 답십리동 484-45,37.5687281,127.0530157
5814,동답 공영주차장,서울특별시 동대문구 답십리동 2-283,37.5693685,127.063534
5805,동대문중랑지사(공용),서울특별시 중랑구 묵동 181-4,37.6074049,127.0793415
5563,서울의료원,서울특별시 중랑구 신내동 316,37.6128812,127.099434
4814,청량리역사(한화역사),서울특별시 동대문구 왕산로 214 (전농동_청량리역_롯데백화점),37.5808088,127.04803
4154,태릉시장 중화공영주차장,서울특별시 중랑구 중화동 73-6,37.597533,127.074776
4152,우림골목시장 주차장,서울특별시 중랑구 망우로62길 52-4 (망우동_우림시장 편의시설),37.5967545,127.0982745
4145,신내테크노타운,서울특별시 중랑구 상봉동 485,37.6040022,127.0877351
3885,신내건영1차 아파트,서울특별시 중랑구 상봉동 1,37.604091,127.093513
3315,힐스테이트청계,서울특별시 동대문구 답십리동 465-18,37.571543,127.045904
3020,동일스위트리버,서울특별시 동대문구 휘경동 366,37.587382,127.068375
2961,청솔우성,서울특별시 동대문구 답십리동 80,37.575381,127.060661
2851,신내7단지진로아파트,서울특별시 중랑구 신내동 654,37.613765,127.093248
2725,이문쌍용아파트,서울특별시 동대문구 이문동 64,37.5997835,127.0685135
2690,한일써너스빌 아파트,서울특별시 중랑구 상봉동 81-5,37.597381,127.091548
2430,답십리래미안위브2블럭,서울특별시 동대문구 답십리로 130,37.570246,127.052799
2429,답십리래미안위브1블럭,서울특별시 동대문구 답십리로 130,37.571654,127.054289
1849,휘경베스트빌현대,서울특별시 동대문구 휘경동 52,37.58138,127.07448
1350,휘경주공1단지,서울특별시 동대문구 휘경동 57,37.582369,127.071263
1349,전농sk 아파트,서울특별시 동대문구 전농동 10,37.577205,127.061375
982,신내우디안1단지,서울특별시 중랑구 신내동 816,37.6173725,127.106824
981,신내LG쌍용아파트,서울특별시 중랑구 상봉동 484,37.6037624,127.0907158
980,상봉우정 아파트,서울특별시 중랑구 상봉동 496,37.5994293,127.0886838
979,면목두원 아파트,서울특별시 중랑구 면목동 1521,37.5734234,127.0797941
978,면목두산2_3차 아파트,서울특별시 중랑구 면목동 1510,37.5805528,127.0835583
789,중랑숲리가 아파트,서울특별시 중랑구 망우동 583,37.6023596,127.1049548
788,장안힐스테이트 아파트,서울특별시 동대문구 장안동 329-2,37.5759645,127.07535
787,브라운스톤휘경,서울특별시 동대문구 휘경동 368,37.5904739,127.0664922
786,브라운스톤태릉 아파트,서울특별시 중랑구 묵동 387,37.6187414,127.0824272
785,면목두산4_5단지 아파트,서울특별시 중랑구 면목동 1522-1,37.5780844,127.0812571
580,묵동자이2단지 아파트,서울특별시 중랑구 묵동 170-1,37.6138458,127.0775526
579,묵동자이1단지 아파트,서울특별시 중랑구 묵동 164-4,37.614856,127.0779068
578,래미안엘파인 아파트,서울특별시 동대문구 답십리동 1000,37.575881,127.0653075
284,배봉공영주차장,서울특별시 동대문구 휘경동 286-66,37.586908,127.0620475
209,회기동 공영주차장,서울특별시 동대문구 회기동 1-1,37.5920731,127.0554804
12,동대문중랑지사,서울특별시 중랑구 동일로 862,37.607357,127.079493
8116,마포용산지사(공용),서울특별시 마포구 도화동 51-3,37.5420523,126.9466327
4931,서울서부지방검찰청,서울특별시 마포구 공덕동 105-1,37.5496154,126.9554556
4809,서울신용보증재단,서울특별시 마포구 공덕동 168,37.5490211,126.9540012
4790,중부전력지사,서울특별시 마포구 합정동 55-1,37.5442641,126.9164414
4787,중부전력지사,서울특별시 마포구 토정로 56 (합정동),37.5439384,126.9199167
4001,마포한강2차 푸르지오아파트,서울특별시 마포구 합정동 473,37.5511114,126.9119166
4000,용산파크자이아파트,서울특별시 용산구 한강로1가 50-1,37.5366372,126.9725934
3814,전쟁기념관,서울특별시 용산구 이태원로 29,37.536754,126.977161
3600,대우월드마크용산,서울특별시 용산구 한강로1가 64,37.5371756,126.9729849
3286,마포도화우성아파트,서울특별시 마포구 도화동 삼개로 38,37.536343,126.948545
3274,마포한강푸르지오1차,서울특별시 마포구 월드컵로1길 14 (합정동_마포 한강 푸르지오),37.549915,126.912238
3132,마포자이2차아파트,서울특별시 마포구 대흥동 804,37.549151,126.942372
3084,국립 중앙 박물관,서울특별시 용산구 용산동6가 11-426,37.524561,126.977211
2871,마포트라팰리스2차,서울특별시 마포구 아현동 738,37.552198,126.955541
2862,신촌포스빌,서울특별시 마포구 노고산동 1-3,37.5563,126.942237
2542,용산전자상가1 공영주차장,서울특별시 용산구 한강로3가 12,37.531767,126.965127
2541,마포중앙도서관,서울특별시 마포구 성산동 275-3,37.5637891,126.9084489
2381,상암월드컵파크3단지,서울특별시 마포구 상암동 월드컵로 338,37.573609,126.889656
2287,마포래미안푸르지오 4단지,서울특별시 마포구 아현동 마포대로 195,37.552737,126.953164
2286,마포래미안푸르지오 3단지,서울특별시 마포구 아현동 마포대로 195,37.554041,126.951517
2285,마포래미안푸르지오 2단지,서울특별시 마포구 아현동 마포대로 195,37.553968,126.954621
2284,마포래미안푸르지오 1단지,서울특별시 마포구 아현동 마포대로 195,37.555274,126.95395
1861,창전삼성 아파트,서울특별시 마포구 창전동 서강로 95,37.551292,126.931494
1860,래미안밤섬리베뉴2,서울특별시 마포구 상수동 독막로20나길 21,37.546535,126.928136
1859,래미안마포리버웰,서울특별시 마포구 용강동 토정로31길 23,37.542217,126.94196
1858,대명 아파트,서울특별시 마포구 연남동 동교로39길 11,37.561672,126.92361
1372,한강대우,서울특별시 용산구 이촌동 이촌로 181,37.522509,126.970087
1371,용산한신 아파트,서울특별시 용산구 용산동2가 녹사평대로 245,37.540132,126.986764
1369,메세나폴리스 아파트,서울특별시 마포구 양화로 45,37.551047,126.913787
1368,마포대림1차 아파트,서울 마포구 용강동 500,37.540191,126.94172
1367,리첸시아용산B블록,서울특별시 용산구 원효로1가 백범로 341,37.537949,126.96833
1366,롯데캐슬프레지던트,서울특별시 마포구 공덕동 마포대로 109,37.544865,126.950739
1006,한남동현대하이페리온,서울특별시 용산구 한남동 서빙고로 413,37.527513,127.005005
1004,쌍용황금,서울특별시 마포구 마포동 마포대로 6,37.537126,126.94564
1003,e편한세상마포리버파크,서울특별시 마포구 용강동 토정로31길 24,37.541996,126.943692
825,한강삼성 아파트,서울특별시 마포구 토정동 토정로32길 11,37.539554,126.941169
824,프라임팰리스,서울특별시 용산구 문배동 백범로90길 38,37.536688,126.969599
823,파크타워 아파트,서울특별시 용산구 용산동5가 서빙고로 67,37.524518,126.970654
821,용산아크로타워,서울특별시 용산구 문배동 백범로90길 26,37.536829,126.968616
820,용산시티파크1단지,서울특별시 용산구 한강로3가 서빙고로 35,37.52434,126.970394
819,용산더프라임,서울특별시 용산구 원효로1가 원효로90길 11,37.539693,126.969936
818,성지(주상복합) 아파트,서울특별시 마포구 도화동 큰우물로 75,37.541242,126.94639
816,래미안첼리투스,서울특별시 용산구 이촌동 이촌로 300,37.516747,126.97943
815,래미안밤섬리베뉴1 아파트,서울특별시 마포구 상수동 독막로20나길 22,37.546107,126.924993
814,LG한강자이 아파트,서울특별시 용산구 이촌동 이촌로64길 15,37.519278,126.970777
593,청암자이 아파트,서울특별시 용산구 삼개로 60 (청암동_천년명가 청암자이),37.534841,126.947209
592,리첸시아 아파트,서울특별시 용산구 백범로 341,37.538278,126.967441
591,동아그린 아파트,서울특별시 용산구 이촌로 100-8,37.523167,126.957891
194,상암월드컵경기장,서울특별시 마포구 성산동 531,37.5683831,126.8949428
13,마포용산지사,서울특별시 마포구 도화동 51-3,37.5420523,126.9466327
8117,서대문은평지사(공용),서울특별시 은평구 통일로 659,37.605443,126.933577
5064,연세세브란스 에비슨의생명 연구센터,서울특별시 서대문구 신촌동 134,37.5640189,126.9423457
4932,연희동 홍연2교 옆 노상주차장,서울특별시 서대문구 연희동 736,37.577512,126.9310401
3997,은평스카이뷰자이아파트,서울특별시 은평구 진관동 62,37.6349011,126.9177912
3996,한국프라우드아파트,서울특별시 은평구 역촌동 9-54,37.606273,126.9156964
3995,서부수도사업소,서울특별시 서대문구 홍제동 38-69,37.5828902,126.9523506
3813,연세대학교,서울특별시 서대문구 신촌동 134,37.5605046,126.9370543
3601,DMC센트럴아이파크아파트,서울특별시 서대문구 남가좌동 388,37.5793624,126.9208402
3146,연희동성원아파트,서울특별시 서대문구 연희로32길 48 (연희동_연희동성원아파트),37.57626,126.939017
2543,서북병원,서울특별시 은평구 역촌동 산 31-1,37.6043082,126.9037141
1857,연희대우 아파트,서울특별시 서대문구 연희동 739,37.5615205,126.9295147
1362,은평뉴타운우물골6단지,서울특별시 은평구 진관동 81,37.6351748,126.9237807
1361,남가좌삼성 아파트,서울특별시 서대문구 남가좌동 377,37.5777836,126.9165298
1002,돈의문센트레빌 아파트,서울특별시 서대문구 냉천동 261,37.566245,126.962026
810,무악청구2차 아파트,서울특별시 서대문구 홍제동 453-1,37.5812596,126.9515062
809,DMC아이파크 아파트,서울특별시 서대문구 북가좌동 458,37.5763943,126.9145267
808,DMC래미안e편한세상,서울특별시 서대문구 북가좌동 481,37.5726489,126.9105507
324,홍은1동 제4공영주차장,서울특별시 서대문구 홍은동 11-23,37.6014042,126.9489614
286,서울특별시은평병원 주차장,서울특별시 은평구 백련산로 90,37.594371,126.923464
215,은평평화공원 공영주차장,서울특별시 은평구 녹번동 153-1,37.604979,126.923072
208,응암3동 공영주차장,서울특별시 은평구 불광천길 436 (응암동_응암공영주차장),37.593538,126.915227
141,서대문은평지사,서울특별시 은평구 통일로 659,37.605443,126.933577
8083,영등포전력지사(공용),서울특별시 영등포구 경인로 878,37.517367,126.910236
8082,남서울직할(공용),서울특별시 영등포구 여의도동 21,37.5272919,126.9298532
5793,신길역사 주차장,서울특별시 영등포구 신길동 53,37.5159809,126.9175344
5639,영등포 제1스포츠센터,서울특별시 영등포구 신길동 426-3,37.500314,126.906495
5544,남서울직할(영등포)지사,서울특별시 영등포구 문래동3가 80,37.5199036,126.8935148
5436,영등포구청 환승공영주차장,서울특별시 영등포구 당산동3가 370-4,37.5244906,126.8957236
5284,영등포구민회관,서울특별시 영등포구 당산동3가 3,37.5261425,126.9000283
5263,여의도KBS (본관_신관),서울특별시 영등포구 여의도동 18,37.5251721,126.9172303
5238,서울영등포우체국,서울특별시 영등포구 당산동4가 93-6,37.5296261,126.8949565
4616,당산근린지하공영주차장,서울특별시 영등포구 당산동3가 385,37.5255122,126.8957694
4052,문래힐스테이트,서울특별시 영등포구 문래동3가 94,37.51872,126.89107
4050,바다마을아파트,서울특별시 영등포구 신길동 가마산로 540,37.50276,126.91541
3610,문래건영아파트,서울특별시 영등포구 문래동3가 93-1,37.5182764,126.8925386
3266,대림운동장 공영주차장,서울특별시 영등포구 대림동 780,37.4990685,126.8942003
3265,대림어린이공원 공영주차장,서울특별시 영등포구 대림동 870,37.4910844,126.9033538
2991,양평한신아파트,서울특별시 영등포구 양평동5가 76,37.5400711,126.8920208
2726,문래자이아파트,서울특별시 영등포구 문래동3가 당산로4길 12,37.5162769,126.8973918
2350,롯데캐슬엠파이어,서울특별시 영등포구 여의도동 의사당대로 127,37.5202413,126.9264085
2273,보라매벚꽃마을아파트,서울특별시 영등포구 신길동 대방천로14길 34,37.495921,126.9101936
942,영등포아트자이 아파트,서울특별시 영등포구 도림동 도영로 66,37.5103939,126.9001777
940,문래금호어울림 아파트,서울특별시 영등포구 문래동3가 97,37.5191773,126.8975089
734,신길삼성래미안,서울특별시 영등포구 신길동 가마산로79길 7,37.5051397,126.9145979
732,대림동현대3차 아파트,서울특별시 영등포구 대림동 608-1,37.5055256,126.8957519
731,당산대우 아파트,서울특별시 영등포구 당산동2가 16-1,37.5211288,126.893332
530,영등포레미안 아파트,서울특별시 영등포구 신길동 4945,37.5049406,126.9074017
296,영등포전력지사,서울특별시 영등포구 경인로 878,37.517367,126.910236
21,남서울직할(영등포)지사(공용),서울특별시 영등포구 문래동3가 80,37.5199036,126.8935148
20,남서울직할,서울특별시 영등포구 여의도동 21,37.5272919,126.9298532
18,국회의사당,서울특별시 영등포구 여의도동 1,37.5326966,126.9142123
5264,공무원연금공단 서울지부(상록회관),서울특별시 강남구 역삼동 701,37.5040998,127.0429444
3768,대치2문화센터 공영주차장,서울특별시 강남구 대치동 980-9,37.502333,127.0642142
3679,우정에쉐르 3차,서울특별시 강남구 대치동 950,37.5068751,127.0622276
3323,역삼2차아이파크아파트,서울특별시 강남구 역삼동 도곡로57길 12,37.496746,127.051602
3296,라테라스삼성,서울특별시 강남구 삼성동 봉은사로 645,37.515489,127.065721
3233,삼성동한일아파트,서울특별시 강남구 삼성동 48,37.5139403,127.0500344
3148,세곡리엔파크1단지,서울특별시 강남구 세곡동 508,37.4641001,127.1009689
3147,개나리푸르지오,서울특별시 강남구 역삼동 755-1,37.4996776,127.0495726
2982,아크로힐스논현,서울특별시 강남구 논현동 276-1,37.5095702,127.0387042
2968,래미안삼성1차,서울특별시 강남구 삼성동 103-22,37.5171637,127.0639328
2900,역삼e-편한세상,서울특별시 강남구 역삼동 755-4,37.498557,127.049722
2892,현대까르띠에710아파트,서울특별시 강남구 역삼동 710,37.501522,127.0449314
2891,역삼래미안,서울특별시 강남구 역삼동 757,37.497198,127.050153
2881,삼성우정에쉐르아파트,서울특별시 강남구 삼성동 3-8,37.5172807,127.044511
2872,세곡푸르지오아파트,서울특별시 강남구 세곡동 533,37.4673544,127.0934279
2507,강남구청 공영주차장,서울특별시 강남구 삼성동 16-1,37.517705,127.046821
2360,삼성동현대아파트,서울특별시 강남구 삼성동 학동로64길 14,37.5167635,127.0446125
2359,래미안강남힐즈,서울특별시 강남구 자곡동 자곡로 101,37.4726558,127.0958062
2357,LH강남힐스테이트,서울특별시 강남구 자곡동 자곡로3길 21,37.471028,127.088781
1817,세곡리엔파크2단지 아파트,서울특별시 강남구 세곡동 헌릉로 590길10,37.464099,127.102849
1816,삼성동힐스테이트2단지,서울특별시 강남구 삼성로 111길 8,37.513789,127.051413
1815,금호어울림 아파트(삼성동),서울특별시 강남구 삼성동 봉은사로111길 25,37.5167326,127.0647107
1814,강남한양수자인,서울특별시 강남구 자곡동 자곡로 260,37.475905,127.112986
1813,강남데시앙포레,서울특별시 강남구 수서동 광평로34길55,37.480807,127.09049
1287,청담래미안로이뷰,서울특별시 강남구 청담동 영동대로142길 16,37.5247595,127.0562105
1286,세곡리엔파크3단지,서울특별시 강남구 세곡동 헌릉로590길 11,37.463952,127.104109
1285,삼성파크 아파트,서울특별시 강남구 삼성동 삼성로99길 14,37.5092129,127.0538237
1284,개나리래미안 아파트,서울특별시 강남구 역삼동 역삼로 306,37.4989768,127.046594
955,타워팰리스G동,서울특별시 강남구 도곡동 언주로30길 26,37.4877623,127.0525283
954,타워팰리스 2차,서울특별시 강남구 도곡동 언주로30길 57,37.4894771,127.0540356
953,청담파크파라곤,서울특별시 강남구 청담동 학동로97길 31,37.5213797,127.0545473
952,청담자이 아파트,서울특별시 강남구 청담동 영동대로138길 12,37.524103,127.0572508
951,아이파크삼성동,서울특별시 강남구 삼성동 영동대로 640,37.5183968,127.0595495
950,강남데시앙파크,서울특별시 강남구 세곡동 헌릉로590길 63,37.461046,127.1015424
949,삼성중앙하이츠빌리지,서울특별시 강남구 삼성동 학동로68길 30,37.516579,127.0465082
948,래미안대치팰리스,서울특별시 강남구 대치동 삼성로51길 37,37.4934362,127.0576977
947,도곡렉슬 아파트,서울특별시 강남구 도곡동 선릉로 221,37.4942075,127.0497329
946,대치현대 아파트,서울특별시 강남구 대치동 삼성로64길 5,37.5004483,127.0605123
945,개포7차 우성 아파트,서울특별시 강남구 일원동 개포로110길 15,37.4932436,127.0791148
944,강남아이파크,서울특별시 강남구 자곡동 자곡로 175,37.474774,127.101196
743,타워팰리스1차,서울특별시 강남구 도곡동 언주로30길 56,37.4880682,127.0534828
742,샘터마을 아파트,서울특별시 강남구 일원동 일원로 120,37.4852006,127.0826748
741,삼성동 에스케이뷰 아파트,서울특별시 강남구 삼성동 봉은사로109길 14-8,37.516318,127.0648642
740,래미안대치하이스턴 아파트,서울특별시 강남구 대치동 도곡로93길 12,37.5015124,127.0654756
739,래미안그레이튼,서울특별시 강남구 역삼동 도곡로43길 20,37.496565,127.04824
738,도곡대림아크로빌,서울특별시 강남구 도곡동 언주로30길 13,37.4881415,127.0506742
737,강남한신휴 플러스8단지,서울특별시 강남구 율현동 밤고개로27길 20,37.469852,127.110746
736,가람아파트,서울특별시 강남구 일원동 일원로 127,37.481773,127.085611
532,도성 아파트,서울특별시 강남구 삼성로67길 14,37.5011341,127.0583189
531,강남한신휴플러스6단지 아파트,서울특별시 강남구 율현동 밤고개로26길 50,37.468095,127.105372
337,LH서울지사,서울특별시 강남구 선릉로 121길 12,37.514473,127.040862
336,강남세브란스 병원,서울 강남구 도곡동 146-92,37.4927066,127.0464178
8080,강동송파지사(공용),서울특별시 강동구 둔촌동 522-9,37.5238651,127.1356658
5361,송파도서관,서울특별시 송파구 오금동 51,37.5010097,127.134043
5353,강동아트센터(강동문화재단),서울특별시 강동구 상일동 477,37.551183,127.1573277
4628,천호유수지,서울특별시 강동구 천호동 329,37.5447889,127.1218775
4614,오금공원,서울특별시 송파구 오금동 51,37.5024046,127.130453
4045,힐스테이트 강동리버뷰,서울특별시 강동구 암사동 675,37.5488202,127.1253702
3896,성내동중앙하이츠,서울특별시 강동구 성내동 410-2,37.5305192,127.1335396
3866,문정근린공원 공영주차장,서울특별시 송파구 문정동 38-3,37.4859415,127.1236855
3770,송파공영주차장,서울특별시 송파구 송파동 128,37.5070083,127.1133489
3769,강동보건소,서울특별시 강동구 성내동 541-2,37.52944,127.1255335
3680,성내1차이편한세상,서울특별시 강동구 성내동 598,37.5333173,127.1310838
3605,잠실파크인수,서울특별시 송파구 잠실동 250-5,37.5047326,127.0877404
3604,쌍용스윗닷홈 거여1차 아파트,서울특별시 송파구 거여동 28,37.4918257,127.1467064
3603,삼익가든아파트,서울특별시 강동구 명일동 260-1,37.545886,127.1466312
3275,문정래미안아파트,서울특별시 송파구 문정동 문정로 83,37.490893,127.130226
3262,한국광고문화회관,서울특별시 송파구 신천동 7-11,37.5159069,127.0995937
3261,가락2동 주민센터,서울특별시 송파구 가락동 154,37.4987146,127.1266525
3260,삼전동 공영주차장,서울특별시 송파구 삼전동 175-8,37.500239,127.095866
3259,거여2동 주민센터,서울특별시 송파구 거여동 195-1,37.4935643,127.1469699
3247,강일리버파크11단지,서울특별시 강동구 강일동 고덕로97길 100,37.562856,127.17973
3221,호수임광아파트,서울특별시 송파구 송파동 송파대로48길 29,37.510218,127.107464
3181,명일한양아파트,서울특별시 강동구 명일동 동남로71길 19,37.550839,127.155315
3149,위례스타힐스,서울특별시 송파구 장지동 위례광장로 215,37.481504,127.143668
3022,송파더센트레,서울특별시 송파구 장지동 879,37.4793589,127.1401853
2960,갤러리아팰리스,서울특별시 송파구 잠실동 40,37.511529,127.094596
2873,송파꿈에그린(위례24단지),서울특별시 송파구 장지동 901,37.4758879,127.1393067
2812,위례 포레샤인 23단지,서울특별시 송파구 장지동 380-1,37.4761708,127.1353309
2685,둔촌푸르지오아파트,서울특별시 강동구 둔촌동 명일로 172,37.533875,127.147529
2623,한강포스파크아파트,서울특별시 강동구 암사동 고덕로19길 30,37.556032,127.133941
2347,한강극동아파트,서울특별시 송파구 풍납동 토성로 38-6,37.529071,127.11161
2346,강일리버파크10단지,서울특별시 강동구 강일동 고덕로97길 20,37.559002,127.18087
2345,강동역 신동아 파밀리에,서울특별시 강동구 천호동 천호대로 1089,37.536822,127.133259
2271,신성둔촌미소지움아파트 입주자대표회의,서울특별시 강동구 둔촌동 명일로 102,37.527911,127.142992
1808,암펠로스타워,서울특별시 강동구 둔촌동 명일로 110,37.528946,127.142793
1807,송파파크데일2단지,서울특별시 송파구 마천동 성내천로47길 38,37.4963394,127.1581638
1806,송파파인타운9단지,서울특별시 송파구 송파대로 8길 17,37.478239,127.128729
1805,송파파인타운7단지,서울특별시 송파구 충민로 4길 19,37.479097,127.130755
1804,리센츠 아파트,서울특별시 송파구 올림픽로 135,37.513161,127.090312
1803,대우한강베네시티 아파트,서울특별시 강동구 올림픽로 664,37.540361,127.124838
1802,길동삼익파크,서울특별시 강동구 길동 명일로 293,37.544819,127.1478
1800,강일리버파크3단지,서울특별시 강동구 강일동 아리수로93길 40,37.567409,127.174666
1799,GS강동자이 아파트,서울특별시 강동구 천호대로 1239(길동),37.537527,127.148702
1268,풍납쌍용,서울특별시 송파구 풍납동 올림픽로47길 9,37.527721,127.1181
1267,잠실한양3차 아파트,서울특별시 송파구 방이동 양재대로 1089,37.505978,127.122973
1266,송파와이즈더샵,서울특별시 송파구 장지동 위례광장로 270,37.4771052,127.1436523
1265,성내삼성 아파트,서울특별시 강동구 성내동 풍성로 128,37.532049,127.126629
1264,거여5단지 아파트,서울특별시 송파구 거여동 양산로4길 16,37.4892095,127.1449645
1263,거여4단지 아파트,서울특별시 송파구 거여동 양산로4길 8,37.4895863,127.1433912
927,송파파인타운10단지,서울특별시 송파구 장지동 송파대로8길 20,37.4781324,127.1311863
926,레이크팰리스,서울특별시 송파구 잠실동 잠실로 88,37.508406,127.093875
925,강일리버파크 6단지,서울특별시 강동구 강일동 아리수로94길 19,37.564461,127.175877
693,암사라인 아파트,서울특별시 강동구 암사동 고덕로 53,37.555386,127.131476
692,송파현대힐스테이트,서울특별시 송파구 풍납동 풍성로26길 31,37.531242,127.118256
691,송파성원상떼빌,서울특별시 송파구 가락동 송파대로28길 27,37.494885,127.1200929
690,송파삼성래미안,서울특별시 송파구 송파동 오금로32길 14,37.504229,127.119152
689,고덕아이파크,서울특별시 강동구 고덕동 동남로79길 26,37.559165,127.15474
688,가락우성2차 아파트,서울특별시 송파구 가락동 중대로12길 35,37.4920142,127.1254708
687,가락쌍용1차 아파트,서울특별시 송파구 가락동 동남로 193,37.4946987,127.1292251
680,마천동1공영주차장,서울특별시 송파구 성내천로43길 6,37.495181,127.155564
526,잠실롯데캐슬골드 아파트,서울특별시 송파구 신천동 올림픽로 269,37.514288,127.101758
524,송파파크데일1단지 아파트,서울특별시 송파구 마천동 성내천로37길 37,37.4987866,127.1581012
523,송파파인타운6단지 아파트,서울특별시 송파구 충민로6길 14,37.4805625,127.1319978
521,고덕리엔파크3단지 아파트,서울특별시 강동구 상일로 74,37.55371,127.175019
520,강일리버파크7단지 아파트,서울특별시 강동구 아리수로98길 25,37.565254,127.178943
226,현대백화점 천호점,서울특별시 강동구 천호대로 1005,37.539426,127.124332
225,천호1동 공영주차장,서울특별시 강동구 구천면로 42길 60(천호동),37.545049,127.136282
224,명일동 공영주차장,서울특별시 강동구 구천면로 395(명일동),37.551194,127.142924
222,가락시장,서울특별시 송파구 양재대로 932,37.493512,127.116489
114,방이동숙소,서울특별시 송파구 오금로 27길 29,37.508808,127.118769
108,송파구청,서울특별시 송파구 신천동 29-5 송파구청 앞,37.514474,127.105464
16,강동송파지사,서울특별시 강동구 둔촌동 522-9,37.5238651,127.1356658
8081,강서양천지사(공용),서울특별시 양천구 신정동 319-1,37.5193062,126.8684542
5164,양천구청 지하주차장,서울특별시 양천구 신정동 321-4,37.517105,126.866302
4627,한국공항공사 고객전용주차장,서울특별시 강서구 과해동 676,37.565267,126.800042
4615,경창시장 고객주차장,서울특별시 양천구 신월동 446-4,37.5238581,126.8423934
4053,등마루 공영주차장,서울특별시 양천구 목동 965-1,37.5459262,126.8654891
4047,신정동일하이빌아파트2단지,서울특별시 양천구 신정동 1310,37.510846,126.840186
4046,미주진로아파트,서울특별시 강서구 등촌동 701,37.5598384,126.8470286
4043,강서수도사업소,서울특별시 양천구 신정동 319-15,37.5195353,126.869913
4042,서울남부출입국 외국인사무소,서울특별시 강서구 마곡동 745,37.561247,126.8213733
4041,한국방송광고진흥공사,서울특별시 양천구 목동 923-5,37.5269588,126.8715052
4040,마곡 이웰메디파크,서울특별시 강서구 마곡동 801-7,37.5578684,126.8349445
3683,신정동일하이빌아파트1단지,서울특별시 양천구 신정동 1311,37.511858,126.839128
3607,e편한세상염창,서울특별시 강서구 염창동 309,37.548762,126.8703941
3606,마곡수명산파크8단지,서울특별시 강서구 내발산동 745,37.5509748,126.8285922
3324,신월코아루1단지아파트,서울특별시 양천구 신월동 남부순환로56길 9,37.531844,126.82983
3288,마곡엠밸리8단지,서울특별시 강서구 마곡동 마곡서1로 81,37.564076,126.819977
3287,마곡엠밸리2단지,서울특별시 강서구 마곡동 마곡서1로 146,37.569615,126.819528
3203,마곡엠밸리11단지아파트,서울특별시 강서구 마곡동 공항대로 124,37.558829,126.820478
3182,신정이펜하우스 2단지,서울특별시 양천구 신정이펜2로 55,37.515688,126.830737
2997,마곡13단지 힐스테이트마스터,서울특별시 강서구 마곡동 748,37.557592,126.818291
2883,목동 현대하이페리온2아파트,서울특별시 양천구 목동 961,37.5243896,126.870063
2843,목동2차우성아파트,서울특별시 양천구 신정동 337,37.5074919,126.8665833
2821,신정숲속마을아파트,서울특별시 양천구 신정동 1324,37.5061243,126.8339302
2691,목동힐스테이트아파트,서울특별시 양천구 신정동 중앙로36길 15,37.5207747,126.8559472
2676,신정뉴타운두산위브아파트,서울특별시 양천구 신월로20길 7,37.5129492,126.845414
2654,마곡수명산파크7단지,서울특별시 강서구 내발산동 수명로2가길 22,37.5476645,126.8219199
2513,서울에너지공사 주차장,서울특별시 양천구 목동 900,37.5401156,126.8837631
2510,가로공원 공영주차장,서울특별시 양천구 신월동 263,37.5359873,126.829044
2353,마곡수명산파크1단지,서울특별시 강서구 내발산동 742,37.5535661,126.830534
2352,강서한강자이아파트,서울특별시 강서구 가양동 양천로55길 55,37.5664707,126.8481216
1269,마곡엠밸리6단지,서울특별시 강서구 마곡동 743,37.564275,126.820538
930,양천벽산블루밍 아파트,서울특별시 양천구 신월동 1026,37.525121,126.838868
929,방화동부센트레빌,서울특별시 강서구 방화동 875,37.5744012,126.814068
928,목동삼성쉐르빌1,서울특별시 양천구 신정동 318-10,37.5229427,126.8701243
709,화곡초록 아파트,서울특별시 강서구 화곡동 1139,37.5452804,126.8329698
708,한사랑2차삼성 아파트,서울특별시 강서구 공항대로59길 64,37.554381,126.864052
707,푸른마을2단지,서울특별시 양천구 신정동 1281,37.513507,126.834917
706,우당 아파트,서울특별시 양천구 신월동 506-1,37.5230639,126.8478476
705,염창힐스테이트 아파트,서울특별시 강서구 염창동 306,37.551616,126.8733338
704,신월해주 아파트,서울특별시 양천구 신월동 217-8,37.5270574,126.8346395
703,부영그린타운2차,서울특별시 양천구 목동 908-28,37.5363756,126.8811258
702,방화5단지 아파트,서울특별시 강서구 방화동 금낭화로 287-19,37.5768026,126.8102854
700,목동트윈빌,서울특별시 양천구 목동 905-22,37.532176,126.8767427
699,마곡힐스테이트,서울특별시 강서구 마곡동 725-1,37.564093,126.818064
698,마곡엠밸리3단지,서울특별시 강서구 마곡동 736,37.5685319,126.8197196
696,마곡수명산파크5단지,서울특별시 강서구 내발산동 749,37.5515869,126.8275825
695,마곡수명산파크3단지,서울특별시 강서구 내발산동 751,37.5518565,126.8247074
393,한국공항공사 서울,서울특별시 강서구 방화동 886,37.564285,126.800266
17,강서양천지사,서울특별시 양천구 신정동 319-1,37.5193062,126.8684542
7601,관악동작지사,서울 동작구 사당동 1008-22,37.4820923,126.9814442
4525,빙수골 장미주차장,서울특별시 동작구 상도동 301-132,37.4933038,126.9336732
4524,관악구 종합체육센타,서울특별시 관악구 봉천동 225,37.472922,126.9600934
4054,관악구 평생학습관,서울특별시 관악구 신림동 1577-4,37.4829505,126.9224274
4048,신림 주공2단지,서울특별시 관악구 신림동 광신길 86,37.46425,126.92662
4044,대방중간집하장 공영주차장,서울특별시 동작구 대방동 67-1,37.5138842,126.9309274
2636,대우유로카운티,서울특별시 동작구 상도동 양녕로 287,37.5054012,126.9493141
2617,관악동작 견인차량 보관소,서울특별시 관악구 신사로 7,37.4846968,126.9040653
2275,힐스테이트상도프레스티지,서울특별시 동작구 상도동 상도로 346-2,37.4947509,126.9482719
2274,래미안상도3차아파트,서울특별시 동작구 대방동 상도로 53길 8,37.49815,126.953982
1277,흑석한강센트레빌,서울특별시 동작구 흑석동 흑석한강로 2,37.505913,126.965193
1276,신림쌍용 아파트,서울특별시 관악구 신림동 미성길 122,37.4728278,126.9121747
1275,신림동부센트레빌,서울특별시 관악구 신림동 미성3길 16,37.4729532,126.9160634
1274,상도파크자이,서울특별시 동작구 상도동 장승배기로 11,37.50553,126.938083
1273,동작상떼빌 아파트,서울특별시 동작구 신대방동 신대방1가길 38,37.4878995,126.9069377
1272,대우신림2차푸르지오,서울특별시 관악구 신림동 난곡로 66,37.4610661,126.9198746
1271,대방성원 아파트,서울특별시 동작구 대방동 여의대방로44길 9,37.5097317,126.9259166
1270,관악동부센트레빌 아파트,서울특별시 관악구 봉천동 은천로33길 5,37.4872985,126.950154
936,은천2단지 아파트,서울특별시 관악구 봉천동 인헌12길 46-1,37.4706639,126.9645625
934,신대방현대 아파트,서울특별시 동작구 신대방동 여의대방로 28,37.494725,126.912038
933,서울대입구아이원,서울특별시 관악구 봉천동 청룡길 78,37.4783116,126.9453754
932,상도대림 아파트,서울특별시 동작구 상도동 상도로60길 20,37.4931852,126.953262
931,보라매아카데미타워 아파트,서울특별시 동작구 신대방동 보라매로5가길 16,37.4912743,126.924094
714,이수힐스테이트,서울특별시 동작구 동작동 동작대로39길 22,37.4946347,126.9819657
713,상도래미안1차 아파트,서울특별시 동작구 상도동 등용로 37,37.506025,126.935483
712,사당롯데캐슬샤인,서울특별시 동작구 사당동 사당로27길 190,37.4909601,126.9715998
711,보라매삼성 아파트,서울특별시 관악구 봉천동 보라매로 62,37.4933922,126.9278189
710,관악벽산블루밍,서울특별시 관악구 봉천동 은천로 93,37.490119,126.944492
342,서울시여성가족재단,서울특별시 동작구 대방동 345-1,37.5111456,126.926809
8591,과천 국립현대미술관 전기버스 ,경기 과천시 막계동 산 58-4,37.431027,127.0205417
8084,서초지사(공용),서울특별시 서초구 효령로 72길 60,37.4856046,127.028077
5798,수자원공사 한강유역본부 주차장,경기도 과천시 갈현동 649-1,37.4225203,126.9887055
5182,양재하이브랜드,서울특별시 서초구 양재동 215,37.463367,127.0370159
5181,용마골삼거리주차장,경기도 과천시 과천동 549-12,37.447213,126.9937279
5179,과천동주민센터,경기도 과천시 과천동 538-1,37.4483799,126.9954399
5178,한국연구재단,서울특별시 서초구 염곡동 304-3,37.4649977,127.0457095
5177,한전 서초지사,서울특별시 서초구 서초동 1355,37.4853318,127.0272549
5176,문원체육공원,경기도 과천시 문원동 20,37.4274448,127.003926
5175,관문체육공원,경기도 과천시 관문동 3,37.4406921,126.9984857
5173,과천시민회관,경기도 과천시 중앙동 6-2,37.4287824,126.9889813
5172,서울대공원,경기도 과천시 막계동 159-1,37.4339771,127.0059913
4617,동산마을 공영주차장,서울특별시 서초구 양재동 370-5,37.4700908,127.0443089
4613,대한무역투자진흥공사,서울특별시 서초구 염곡동 300-9,37.4652145,127.0446692
4059,잠원동방음언덕형 공영주차장,서울특별시 서초구 잠원동 10-33,37.516,127.01621
4058,태남빌딩 주차장,서울특별시 서초구 잠원로3길 40,37.5082002,127.003639
4057,구룡공원 공영주차장,서울특별시 서초구 양재동 399,37.4715575,127.0486722
4056,반포동방음언덕형 공영주차장,서울특별시 서초구 반포동 730-2,37.5047906,127.0186202
4051,과천래미안센트럴스위트,경기도 과천시 별양동 별양로 163,37.4322,126.99762
3850,신세계 강남점,서울특별시 서초구 반포동 19-3,37.5036951,127.0039583
3767,국립 중앙도서관,서울특별시 서초구 반포동 산 94-1,37.4976202,127.0025218
3682,서초아크빌,서울특별시 서초구 서초동 1568-1,37.4906817,127.0128453
3681,양재리본타워2단지아파트,서울특별시 서초구 양재동 212,37.464809,127.035923
3609,방배롯데캐슬아르떼,서울특별시 서초구 방배동 424-28,37.4834282,126.9837639
3338,삼창골든빌리지 입주자대표회의,서울특별시 서초구 반포동 동광로32길 7,37.493953,126.997425
3194,서초2차e편한세상아파트,서울특별시 서초구 서초동 1529,37.4863122,127.009249
3151,LH서초4단지 아파트,서울특별시 서초구 우면동 788,37.4582256,127.0241651
3150,서초동일하이빌,서울특별시 서초구 서초동 1542-1,37.4915786,127.0083026
2981,방배롯데캐슬포레스트,서울특별시 서초구 방배동 844-1,37.4918266,126.9958726
2962,현대ESA아파트,서울특별시 서초구 서초동 1338,37.490886,127.0295128
2717,서초더샵포레,서울특별시 서초구 내곡동 77,37.4539217,127.064331
2675,리첸시아방배,서울특별시 서초구 방배동 755-14,37.4972769,126.9857331
2512,서울시립어린이병원,서울특별시 서초구 내곡동 6-7,37.4557176,127.0688535
2356,방배1차 e편한세상,서울특별시 서초구 방배동 884-2,37.4872478,126.999014
2355,반포미도아파트,서울특별시 서초구 반포동 60-4,37.5011518,127.0086288
2052,남서울농협 하나로마트 우면점,서울특별시 서초구 우면동 763,37.4568574,127.0158573
1279,아크로리버파크,서울특별시 서초구 반포동 2-12,37.5062516,126.9926711
1278,반포리체 아파트,서울특별시 서초구 반포동 30-26,37.5044672,127.0124541
938,서초리젠 아파트,서울특별시 서초구 서초동 1444-19,37.4843053,127.019696
937,롯데캐슬헤론,서울특별시 서초구 방배동 754-1,37.4969957,126.9847244
728,LH서초5단지,서울특별시 서초구 우면동 368-1,37.4591299,127.0255398
727,서초힐스 아파트,서울특별시 서초구 우면동 773,37.4576068,127.0175687
726,서초포레스타5단지,서울특별시 서초구 신원동 374,37.4511428,127.0576833
725,서초롯데캐슬프레지던트,서울특별시 서초구 서초동 1681-8,37.4969735,127.0194189
724,서초롯데캐슬84,서울특별시 서초구 서초동 1642-14,37.4926055,127.0184136
723,서초네이처힐7단지,서울특별시 서초구 우면동 735,37.462055,127.0235785
722,서초네이처힐6단지,서울특별시 서초구 우면동 737,37.4618472,127.0262573
721,서초네이처힐1단지,서울특별시 서초구 우면동 707,37.4636278,127.0205327
720,서초경남아너스빌201동,서울특별시 서초구 서초동 1456-2,37.4838195,127.0141783
718,방배동부센트레빌 아파트,서울특별시 서초구 방배동 3275,37.4973457,126.9881169
717,방배3차e편한세상,서울특별시 서초구 방배동 797-30,37.4943871,126.9919893
716,래미안서초스위트 아파트,서울특별시 서초구 서초동 1301-6,37.5020983,127.0198681
715,래미안서초7차 아파트,서울특별시 서초구 서초동 1642-34,37.492384,127.0175553
528,월드메르디앙 아파트,서울특별시 서초구 서초동 1549-3,37.490199,127.0104481
527,서초호반써밋아파트,서울특별시 서초구 우면동 753,37.4561153,127.0137843
340,예술의 전당,서울특별시 서초구 서초동 산 130-19,37.4798202,127.0120803
325,강남전력지사,서울특별시 서초구 서초동 1355,37.485861,127.028034
102,서초지사,서울특별시 서초구 효령로 72길 60,37.4856046,127.028077
6823,금천구청 지상주차장2,서울 금천구 시흥동 1020,37.4568321,126.8954051
5242,금나래체육문화센타,서울특별시 금천구 독산동 1148,37.4589888,126.8961726
4610,하늘공원 공영주차장,서울특별시 구로구 가리봉동 1-11,37.48724,126.88053
4609,구로리공원,서울특별시 구로구 구로동 139-82,37.49052,126.89152
4055,구로아트밸리 지하2층,서울특별시 구로구 구로동 102,37.4969472,126.8895559
4049,구로중앙하이츠아파트,서울특별시 구로구 구로동 1269,37.49877,126.88051
3608,항동하버라인3단지,서울특별시 구로구 항동 242,37.4796495,126.8242612
3264,메이퀸 웨딩홀,서울특별시 금천구 독산동 152-1,37.4726494,126.8975385
3263,구로아트밸리 지하1층,서울특별시 구로구 구로동 102,37.4969472,126.8895559
3193,신도림7차e-편한세상아파트,서울특별시 구로구 신도림동 신도림로 56-13,37.508273,126.882458
3028,고척스카이돔,서울특별시 구로구 고척동 63-6,37.4985266,126.8662741
2971,고척파크푸르지오,서울특별시 구로구 고척동 339,37.5076806,126.858386
2882,동아한신아파트,서울특별시 구로구 고척동 327,37.5009493,126.865399
2877,근상프리즘아파트,서울특별시 구로구 구로동 1283,37.4982934,126.8754911
2624,남서울힐스테이트아파트,서울특별시 금천구 시흥동 시흥대로 165,37.446617,126.90216
2351,천왕연지타운1단지,서울특별시 구로구 오류동 오류로 30,37.4864295,126.8400162
2349,구로삼성래미안,서울특별시 구로구 구로동 256-1,37.4875066,126.8920287
2348,개봉대상아파트,서울특별시 구로구 개봉동 477,37.4822798,126.8498977
1812,신도림동아1차 아파트,서울특별시 구로구 신도림로 87,37.510895,126.88338
1283,천왕이펜하우스5단지,서울특별시 구로구 천왕동 천왕로 10,37.4807272,126.8421629
1282,천왕이펜하우스2단지,서울특별시 구로구 천왕동 천왕로 92,37.4852303,126.8380876
1280,개봉영화 아파트,서울특별시 구로구 개봉동 475,37.4963932,126.8602279
943,천왕이펜하우스4단지 아파트,서울특별시 구로구 천왕동 천왕로 29,37.4808016,126.8385946
735,오류푸르지오,서울특별시 구로구 오류동 346,37.49168,126.8415847
733,신구로자이 아파트,서울특별시 구로구 구로동 501,37.4999288,126.8844508
729,고척LIG리가 아파트,서울특별시 구로구 고척동 340,37.5056976,126.8615056
529,롯데 아파트,서울특별시 구로구 구로동 1263,37.5031267,126.8837673
395,구로4동 주택가 공동,서울특별시 구로구 구로동 741-44,37.4895155,126.8868979
221,구로구청 주차장,서울특별시 구로구 구로동 435,37.4949492,126.887489
220,금천구청 지상 주차장,서울특별시 금천구 시흥동 1020,37.4572497,126.8959546
218,지식산업센터(대륭테크노타운2차),서울특별시 금천구 가산디지털1로 33-33,37.468697,126.884634
217,고척근린공원 지하주차장,서울특별시 구로구 고척로 45길 39,37.503986,126.852453
8123,인천전력관리처(공용),인천광역시 부평구 갈산동 216,37.51485,126.730577
8122,인천직할(공용),인천광역시 부평구 갈산동 90,37.516461,126.726897
6818,부평구보건소,인천 부평구 부평동 442-1,37.4988444,126.7241821
6798,장성제 근린공원,인천 계양구 서운동 223,37.5294219,126.7487323
5863,인천전력관리처 공용,인천광역시 부평구 갈산동 90-1,37.5148509,126.7305617
5565,부개역공영주차장,인천광역시 부평구 부개동 468,37.4890389,126.7393582
5564,계양2동 행정복지센터,인천광역시 계양구 임학동 69-23,37.5437652,126.7371112
5550,계양1동행정복지센터,인천광역시 계양구 장기동 130,37.5765499,126.7339706
5163,삼산동 해돋이 공영주차장,인천광역시 부평구 삼산동 428-2,37.5168955,126.7332239
5162,청천천공영주차장,인천광역시 부평구 청천동 113,37.5167292,126.7150667
5161,계산택지3 공영주차장,인천광역시 계양구 계산동 1076-4,37.5352984,126.7362245
5081,계산택지1 공영주차장,인천광역시 계양구 계산동 1060,37.5410489,126.7371717
5080,계양구청 문화회관,인천광역시 계양구 계산동 724,37.5466449,126.7180026
3972,효성동금호어울림아파트,인천광역시 계양구 효성동 675,37.5243104,126.7148252
3823,부개3차 공영주차장,인천광역시 부평구 부개동 502-16,37.4970964,126.7394772
3820,계양산 공영주차장,인천광역시 계양구 계산동 905,37.5476109,126.7264775
3062,주안변전소,인천광역시 부평구 십정2동 303-22,37.471886,126.698609
2552,부평국민체육센터,인천광역시 부평구 갈산동 166-14,37.518684,126.723367
2551,계양구청,인천광역시 계양구 계산동 1079-1,37.537318,126.73689
2384,산곡한신휴아파트,인천광역시 부평구 산곡동 222,37.498792,126.703205
2072,삼산농산물도매시장,인천광역시 부평구 삼산동 7-1,37.52134,126.750476
2071,부평아트센터,인천광역시 부평구 십정동 186-411,37.482107,126.704236
1377,초정마을동아 아파트,인천광역시 계양구 용종동 213-3,37.539109,126.740138
1376,작전동보2차 아파트,인천광역시 계양구 작전동 286-1,37.526367,126.732737
1375,갈산이안 아파트,인천광역시 부평구 갈산동 159,37.517524,126.723057
1022,삼산서해그랑블 아파트,인천광역시 부평구 삼산동 513,37.517822,126.747737
1021,산곡우성1.2.3차 아파트,인천광역시 부평구 산곡동 294-35,37.501714,126.713371
1020,부평금호어울림,인천광역시 부평구 십정동 609,37.478399,126.696379
598,미래타운4단지,인천광역시 부평구 삼산동 389-8,37.521183,126.744723
297,인천전력관리처,인천광역시 부평구 갈산동 216,37.51485,126.730577
40,인천직할,인천광역시 부평구 갈산동 90,37.516461,126.726897
5634,농업기술센터,인천광역시 강화군 불은면 삼성리 1027-42,37.703319,126.434468
5374,대룡리 공영주차장,인천광역시 강화군 교동면 대룡리 1111-7,37.7817648,126.278578
5187,송해면사무소,인천광역시 강화군 송해면 솔정리 357-2,37.76433,126.46424
5186,화개산 공영주차장,인천광역시 강화군 교동면 고구리 1474-5,37.78381,126.28827
5185,신문 제1공영주차장,인천광역시 강화군 강화읍 신문리 589-1,37.74674,126.47977
5184,갑곳 제1공영주차장,인천광역시 강화군 강화읍 갑곳리 644,37.7385525,126.5077041
5183,창리 제1공영주차장,인천광역시 강화군 선원면 창리 663-1,37.72276,126.4788
4585,선원면사무소,인천광역시 강화군 선원면 금월리 235-1,37.7132634,126.4848281
4584,내가면사무소,인천광역시 강화군 내가면 고천리 797-1,37.7197376,126.3898453
4583,동막해변공영주차장,인천광역시 강화군 화도면 동막리 61-19,37.5942334,126.4564004
4582,화도면사무소,인천광역시 강화군 화도면 상방리 839-1,37.6318072,126.4199548
4581,창리공영주차장,인천광역시 강화군 선원면 창리 606-9,37.7229268,126.4835027
4580,하점면사무소,인천광역시 강화군 하점면 신봉리 617,37.7748261,126.4116777
3106,신문리 공영주차장,인천광역시 강화군 강화읍 신문리 593-1,37.7464954,126.4793029
3103,온수리 제1공영주차장,인천광역시 강화군 길상면 온수리 480-7,37.6416034,126.4895773
2074,마니산국민관광지,인천광역시 강화군 화도면 상방리 362-1,37.6338385,126.4238921
2073,강화군청,인천광역시 강화군 강화읍 관청리 163,37.7465503,126.4877951
264,강화지사,인천광역시 강화군 강화읍 갑곳리 350,37.7417949,126.4988768
5763,김포 종합운동장,경기도 김포시 사우동 290,37.6178262,126.7206987
5762,김포 생활체육관,경기도 김포시 마산동 642-1,37.6403379,126.6439815
5761,김포 솔터축구장,경기도 김포시 마산동 642-1,37.6412837,126.6518048
5733,한국전력공사 김포지사2,경기도 김포시 장기동 2083-1,37.6392082,126.6809467
5571,한국전력공사 경인권물류센터,경기도 김포시 양촌읍 학운리 3973,37.6078355,126.6035059
5548,한국전력공사 김포지사,경기도 김포시 장기동 2083-1,37.6392487,126.6809069
4467,솔터체육공원,경기도 김포시 마산동 642-1,37.6404533,126.6492244
4466,서암체육공원,경기도 김포시 통진읍 서암리 151-4,37.7048464,126.5971965
4463,김포문화재단,경기도 김포시 사우동 925,37.6188937,126.720151
4462,나래울공원,경기도 김포시 운양동 1258-1,37.6540005,126.6930407
3865,김포아울렛 타워존,경기도 김포시 고촌읍 전호리 668,37.5981002,126.784044
3819,한전김포지사,경기도 김포시 장기동 2083-1,37.639213,126.681156
3818,김포아울렛_본관,경기도 김포시 고촌읍 전호리 654,37.599156,126.785823
3817,고촌농협 장곡지점,경기도 김포시 고촌읍 태리 31-14,37.605792,126.752728
3655,김포한강모아미래도엘가,경기도 김포시 김포한강2로 273 (장기동_청송마을 모아미래도엘가),37.649518,126.662362
3229,한강신도시 반도유보라5차아파트,경기도 김포시 구래동 6873-19,37.647107,126.626044
3168,청송6단지중흥S클래스파크애비뉴아파트,경기도 김포시 장기동 1866-1,37.651398,126.669277
3167,오스타파라곤3단지,경기도 김포시 걸포동 1555,37.635973,126.706198
3104,김포시청소년수련원 주차장,경기도 김포시 월곶면 군하리 435-14,37.720872,126.555575
2966,이니스더원아파트,경기도 김포시 장기동 1635,37.64232,126.661527
2903,호수마을자연&e편한세상 3단지 아파트,경기도 김포시 구래동 6874-6,37.647998,126.630142
2870,오스타파라곤아파트 1단지,경기도 김포시 걸포동 1558,37.635197,126.704295
2751,수기마을힐스테이트3단지,경기도 김포시 고촌읍 신곡리 1248,37.600908,126.766713
2732,김포풍무푸르지오,경기도 김포시 풍무동 354-1,37.608604,126.733783
2731,수기마을 힐스테이트2단지 아파트,경기도 김포시 고촌읍 신곡리 1256,37.598337,126.769093
2294,백석마을 신일해피트리,경기도 김포시 통진읍 도사리 972,37.680433,126.62185
2079,김포시청 주차장,경기도 김포시 사우동 263-1,37.615644,126.716185
2077,고촌읍 주민센터,경기도 김포시 고촌읍 신곡리 530-1,37.603267,126.770995
2026,구래동 주민센터,경기도 김포시 구래동 6872-5,37.646448,126.623821
1871,한강화성파크드림 아파트,경기도 김포시 운양동 1325-7,37.644934,126.69228
1870,장릉마을삼성쉐르빌,경기도 김포시 풍무동 740,37.605665,126.710299
1869,김포유현마을신동아,경기도 김포시 풍무동 583-6,37.597174,126.723169
1868,김포신화 아파트,경기도 김포시 감정동 674,37.623853,126.701392
1412,한강신도시이지더원 아파트,경기도 김포시 장기동 1626,37.642981,126.665343
1411,청송현대홈타운3단지 아파트,경기도 김포시 장기동 1312,37.648138,126.666124
1410,청송현대홈타운1단지 아파트,경기도 김포시 장기동 1339,37.650569,126.671034
1409,청구한라 아파트,경기도 김포시 북변동 815,37.621318,126.719215
1408,일성트루엘타운하우스,경기도 김포시 운양동 1294-2,37.652906,126.689912
1407,은여울마을경남아너스빌 아파트,경기도 김포시 마산동 639-8,37.637407,126.637782
1406,유현마을현대프라임빌,경기도 김포시 풍무동 759,37.598729,126.727832
1405,김포한강우남퍼스트빌,경기도 김포시 장기동 2065-1,37.636431,126.673914
1404,김포풍년마을신일 아파트,경기도 김포시 북변동 812,37.622809,126.717749
1403,김포양곡휴먼시아2단지,경기도 김포시 양촌읍 양곡리 1247,37.661196,126.636172
1402,김포양곡휴먼시아1단지,경기도 김포시 양촌읍 양곡리 1249,37.660297,126.636742
1033,감정동 푸른마을신안실크밸리1차,경기도 김포시 감정동 685,37.618407,126.700432
1032,운양동 반도유보라2차 아파트,경기도 김포시 운양동 1300-3,37.653265,126.679938
1030,양촌읍 학운리 자연앤데시앙,경기도 김포시 양촌읍 학운리 3019,37.618778,126.624802
844,장기동 한강호반베르디움 아파트,경기도 김포시 장기동 1885-6,37.645674,126.658941
843,한강신도시 푸르지오 아파트,경기도 김포시 운양동 1407-5,37.648697,126.677469
842,운양동 풍경마을 래미안 한강2차,경기도 김포시 운양동 1304-5,37.652549,126.674391
841,운양동 롯데캐슬,경기도 김포시 운양동 1301-1,37.656448,126.67964
840,마산동 김포한강상록데시앙 아파트,경기도 김포시 마산동 672-6,37.636992,126.641893
839,장기동 KCC 스위첸 아파트,경기도 김포시 장기동 1886-2,37.645397,126.663083
508,장기동 초당마을 중흥S클래스,경기도 김포시 장기동 2058-1,37.638707,126.669652
507,운양동 전원마을월드2단지,경기도 김포시 운양동 1435,37.646725,126.685718
506,운양동 풍경마을 e편한세상,경기도 김포시 운양동 1250-3,37.657411,126.682344
505,구래동 호수마을 e편한세상,경기도 김포시 구래동 6874-17,37.649419,126.630246
8120,남인천지사(공용),인천광역시 연수구 청학동 448-2,37.425124,126.668388
6830,복지근린공원,인천 남동구 고잔동 721-1,37.393896,126.6970445
5797,간석동 233-2 공영주차장,인천광역시 남동구 간석동 233-1,37.4679804,126.7059219
5796,(전주거치형)장수동 136 노상공영주차장,인천광역시 남동구 장수동 136-3,37.457199,126.7736712
5795,(전주거치형)간석동 128-1 노상공영주차장,인천광역시 남동구 간석동 211-3,37.463381,126.713976
5635,국제여객터미널_인천,인천광역시 연수구 송도동 300-3,37.4236458,126.6052785
5300,논현택지 3공영주차장,인천광역시 남동구 논현동 628-1,37.402479,126.7236431
5299,동춘동 공영주차장,인천광역시 연수구 동춘동 935-1,37.4076929,126.6713929
5298,연수보건소,인천광역시 연수구 청학동 465-4,37.4191316,126.6711546
5297,만부마을공영주차장,인천광역시 남동구 만수동 1,37.4668879,126.7394945
5296,sk셀프남동공단주유소,인천광역시 남동구 논현동 444,37.4073573,126.7002163
5295,홈플러스 인천연수점,인천광역시 연수구 동춘동 926,37.4059062,126.6836103
5294,구월1동 행정복지센터,인천광역시 남동구 구월동 1484,37.4475799,126.712535
5293,논현택지 5공영주차장,인천광역시 남동구 논현동 628-2,37.4025174,126.7236514
4596,스퀘어원,인천광역시 연수구 동춘동 926,37.4059408,126.6836138
4595,남동논현도서관,인천광역시 남동구 논현동 611-7,37.4028145,126.7260481
4517,송도소방서,인천광역시 연수구 송도동 208-1,37.367351,126.6516573
4391,인천 스타트업파크,인천광역시 연수구 송도동 93,37.3878345,126.6398411
4390,송도 현대프리미엄 아울렛,인천광역시 연수구 송도동 168-1,37.3825651,126.658713
4112,간석한신더휴,인천광역시 남동구 간석동 616-6,37.467934,126.687925
4087,송도더샵퍼스트파크F15블록 아파트,인천광역시 연수구 송도동 102,37.3861385,126.6352668
4082,(편의제공형)인천광역시청,인천광역시 남동구 구월동 1138,37.4558196,126.7062908
4079,남촌농산물도매시장 전기차충전소,인천광역시 남동구 남촌동 177-1,37.424211,126.7188753
4078,송도1동 주민센터,인천광역시 연수구 송도동 3-33,37.391353,126.65199
3661,송도글로벌파크베르디움,인천광역시 연수구 송도동 191-2,37.3753744,126.6563659
3660,송도더샵퍼스트파크F13-1블록아파트,인천광역시 연수구 송도동 100,37.3884133,126.6319773
3659,한화에코메트로11단지,인천광역시 남동구 논현동 774-1,37.393486,126.730499
3658,냇마을신영지웰아파트,인천광역시 남동구 논현동 604-1,37.4035482,126.7289315
3350,서창센트럴푸르지오,인천광역시 남동구 서창동 682,37.429745,126.748829
3349,간석래미안자이,인천광역시 남동구 간석동 939-1,37.458761,126.709874
3304,에코메트로7단지,인천광역시 남동구 논현동 757-1,37.39342,126.725084
3107,인천항 크루즈터미널,인천광역시 연수구 송도동 0,37.4251255,126.5916761
2867,송도푸르지오월드마크2단지,인천광역시 연수구 송도동 20-23,37.397485,126.650329
2809,한국아파트,인천광역시 연수구 옥련동 642-1,37.423837,126.65039
2714,송도웰카운티4단지아파트,인천광역시 연수구 송도동 9-5,37.382385,126.643916
2673,구월아시아드선수촌6단지,인천광역시 남동구 구월동 1524,37.44167,126.714172
2650,구월 아시아드선수촌 1단지,인천광역시 남동구 구월동 1486,37.44651,126.711389
2554,인천테크노파크,인천광역시 연수구 송도동 7-50,37.382223,126.654023
2553,G-Tower(경제자유구역청),인천광역시 연수구 송도동 24-4,37.396513,126.633746
2387,연수대우삼환아파트,인천광역시 연수구 동춘동 925-7,37.405989,126.678961
2386,송도더샵센트럴파크2차아파트,인천광역시 연수구 송도동 23-4,37.394218,126.641583
2291,한화에코메트로5단지아파트,인천광역시 남동구 논현동 755-1,37.39892,126.73143
2290,구월힐스테이트1단지,인천광역시 남동구 구월동 23,37.454435,126.713809
1865,에코메트로한화12단지관리소,인천광역시 남동구 논현동 755-4,37.397267,126.733918
1394,에코메트로3차더타워 아파트,인천광역시 남동구 논현동 751-1,37.399291,126.733161
1393,송도해모로월드뷰 아파트,인천광역시 연수구 송도동 157,37.383805,126.663974
1392,송도푸르지오하버뷰,인천광역시 연수구 송도동 19-5,37.397951,126.640049
1391,송도자이하버뷰1단지,인천광역시 연수구 송도동 19-6,37.395775,126.64086
1390,송도에듀포레푸르지오,인천광역시 연수구 송도동 191-4,37.374745,126.660188
1389,송도아트윈푸르지오,인천광역시 연수구 송도동 33-1,37.392909,126.632565
1388,송도성지리벨루스,인천광역시 연수구 송도동 2-12,37.390514,126.662588
1387,송도더샵하버뷰13단지,인천광역시 연수구 송도동 17-5,37.397673,126.645576
1385,송도더샵그린워크2차 아파트,인천광역시 연수구 송도동 17-3,37.401343,126.64209
1384,송도더샵그린애비뉴8단지,인천광역시 연수구 송도동 16-7,37.400969,126.645754
1382,서창LH8단지 아파트,인천광역시 남동구 서창동 692,37.42453,126.746122
1380,더샵퍼스트월드,인천광역시 연수구 송도동 4-1,37.390832,126.649775
1379,논현힐스테이트 아파트,인천광역시 남동구 논현동 732-1,37.400344,126.728774
1378,그린애비뉴7단지,인천광역시 연수구 송도동 16-8,37.399038,126.648164
1026,에코메트로10단지,인천광역시 남동구 논현동 773-1,37.391003,126.727296
1025,송도롯데캐슬 아파트,인천광역시 연수구 송도동 150,37.38669,126.667193
1024,송도더샵그린워크1차,인천광역시 연수구 송도동 18-6,37.399197,126.640931
1023,송도글로벌캠퍼스푸르지오 아파트,인천광역시 연수구 송도동 190-2,37.376901,126.655137
601,송도풍림3단지아파트,인천광역시 연수구 송도동 3-13,37.391332,126.652464
600,송도더샵그린워크3차17블럭,인천광역시 연수구 송도동 18-5,37.39942,126.640124
599,롯데캐슬 캠퍼스타운,인천광역시 연수구 송도동 149,37.387538,126.665313
261,LH인천본부,인천광역시 남동구 논현동 639-1,37.40049,126.712383
38,남인천지사,인천광역시 연수구 청학동 448-2,37.425124,126.668388
8121,부천지사(공용),경기도 부천시 도당동 185-148,37.507352,126.786477
5648,부천지사,경기도 부천시 도당동 185-148,37.507352,126.786477
5195,부천시보건소,경기도 부천시 중동 1119,37.4942208,126.7809426
3822,심곡동 행정복지센터,경기도 부천시 심곡동 135-3,37.4874182,126.787122
3706,부천옥길자이아파트,경기도 부천시 옥길동 776-1,37.4638021,126.8126181
3705,상동스카이뷰자이아파트,경기도 부천시 상동 413,37.4891387,126.7524465
3657,이편한세상부천심곡아파트,경기도 부천시 심곡본동 820-2,37.4784661,126.7736765
3656,부천동부센트레빌1_2단지,경기도 부천시 역곡동 409,37.4884018,126.8061829
3351,행복한마을 서해아파트,경기도 부천시 상동 550-3,37.502982,126.750553
3305,제일풍경채 제이드카운티2단지,경기도 부천시 옥길동 739-1,37.464793,126.827144
2783,무지개 동신아파트,경기도 부천시 중동 1176-2,37.497735,126.766577
1872,꿈마을삼환한진,경기도 부천시 중동 1104,37.501958,126.779276
1426,하나리아벨주상복합,경기도 부천시 심곡동 800,37.488109,126.786998
1418,부천원미풍림 아파트,경기도 부천시 원미동 114-1,37.491554,126.792139
1416,백송마을동남,경기도 부천시 상동 571-4,37.498426,126.750306
1415,백송마을GS.SK 아파트,경기도 부천시 상동 571-3,37.49957,126.750607
1414,래미안부천중동,경기도 부천시 중동 1293-1,37.50782,126.775663
1035,역곡한국 아파트,경기도 부천시 역곡동 212-2,37.493254,126.814161
1034,그린타운삼성우성 아파트,경기도 부천시 중동 1182,37.49719,126.768928
39,부천지사_공용,경기도 부천시 도당동 185-148,37.5070808,126.7863744
5867,서인천지사 업무용 EVC,인천광역시 서구 청라동 157-4,37.5338474,126.6449593
5310,축산물시장 공영주차장,인천광역시 서구 가좌동 481-2,37.4782263,126.6874431
5277,원창119 안전센터 및 화학대응센터,인천광역시 서구 원창동 381-123,37.5105544,126.6446418
5200,부광교통(자),인천광역시 서구 석남동 519-1,37.5069809,126.6697162
5199,개인택시운송조합,인천광역시 서구 가좌동 287-6,37.4857932,126.6805663
5196,백제상운(주),인천광역시 서구 가좌동 493-3,37.4771432,126.6881102
5193,서구청 검단출장소,인천광역시 서구 마전동 987-7,37.6020407,126.6614441
4599,청라 3동 행정복지센터,인천광역시 서구 청라동 1-786,37.5333353,126.627022
4509,청라 BRT 통합차고지,인천광역시 서구 청라동 1-1401,37.5135744,126.6249805
3939,검단자이2단지 아파트,인천광역시 서구 왕길동 696-1,37.5954512,126.6411191
2989,검암2차풍림아파트,인천광역시 서구 검암동 501-1,37.5686278,126.6811886
2958,청라한일베라체,인천광역시 서구 경서동 953-9,37.5306854,126.6421177
2890,가정뉴서울아파트,인천광역시 서구 가정동 284-401,37.524818,126.682366
2849,청라골드클래스아파트,인천광역시 서구 경서동 974-2,37.528437,126.625054
2760,청라우미린아파트,인천광역시 서구 경서동 974-6,37.528706,126.627792
2688,청라힐데스하임,인천광역시 서구 연희동 802-1,37.528739,126.652907
2679,한화꿈에그린아파트,인천광역시 서구 경서동 856-1,37.538763,126.638476
2643,퀸스타운동성아파트,인천광역시 서구 불로동 328,37.615677,126.688273
2390,검단아이파크아파트,인천광역시 서구 마전동 998-4,37.601538,126.665722
1438,청라한라비발디,인천광역시 서구 경서동 855-1,37.539377,126.638503
1436,청라린스트라우스 아파트,인천광역시 서구 연희동 797-1,37.535084,126.652468
1435,청라더샵레이크파크,인천광역시 서구 경서동 952-1,37.530443,126.637499
1425,청라중흥s-클래스1단지 아파트,인천광역시 서구 연희동 762-2,37.538987,126.652307
1424,청라자이 아파트,인천광역시 서구 연희동 811-1,37.527944,126.656975
1423,청라상록힐스테이트10블럭,인천광역시 서구 경서동 953-17,37.535088,126.644326
1422,청라SK뷰,인천광역시 서구 경서동 973-3,37.52668,126.631167
1420,인천청라하우스토리,인천광역시 서구 청라동 155-2,37.534549,126.641197
1038,청라푸르지오 아파트,인천광역시 서구 경서동 948-1,37.534614,126.639805
610,청라롯데캐슬 아파트,인천광역시 서구 경서동 958-1,37.531156,126.646769
609,중부발전사원 아파트,인천광역시 서구 가정동 525,37.514691,126.673401
608,검단자이1단지 아파트,인천광역시 서구 왕길동 692-1,37.596663,126.638981
4114,시흥배곧한라비발디3차,경기도 시흥시 정왕동 2558,37.363364,126.717595
3824,시흥지사,경기도 시흥시 은행동 606-2,37.4468561,126.8035301
3707,시흥6차푸르지오1단지,경기도 시흥시 죽율동 317-7,37.35186,126.7622422
3314,시흥배곧한라비발디2차,경기도 시흥시 정왕동 2564,37.3612043,126.7145919
3202,호반베르디움센트로하임,경기도 시흥시 정왕동 2503,37.371446,126.732098
3061,시흥전력지사,경기도 시흥시 정왕동 326-1,37.362464,126.761638
2993,월곶 알파시티,경기도 시흥시 월곶동 992-5,37.390083,126.743465
2978,시흥 능곡 우남 아파트,경기도 시흥시 능곡동 802,37.363351,126.815536
2886,연꽃태평아파트2단지,경기도 시흥시 하상동 382,37.390012,126.811849
2866,연꽃태평아파트1단지,경기도 시흥시 하상동 383,37.38996,126.813397
2857,세종2차아파트,경기도 시흥시 정왕동 1877-2,37.364221,126.734344
2799,3차벽산아파트,경기도 시흥시 은행동 547-1,37.440744,126.798077
2672,거모동 동보아파트,경기도 시흥시 거모동 612-1,37.357695,126.773365
2389,은행녹원아파트,경기도 시흥시 은행동 289-33,37.43064,126.796284
2293,시흥연성대우우성아파트,경기도 시흥시 장곡동 828,37.380185,126.785807
2292,목감네이처하임아파트,경기도 시흥시 조남동 720,37.37988,126.865384
2076,시청 입구 주차장,경기도 시흥시 장현동 300,37.3803687,126.8040706
2075,대야 제3공영주차장,경기도 시흥시 대야동 528-3,37.4428,126.789217
1867,두산 아파트,경기도 시흥시 은행동 542,37.443617,126.800856
1866,동양덱스빌 아파트,경기도 시흥시 장곡동 804,37.380362,126.779124
1401,참이슬 아파트,경기도 시흥시 하중동 855,37.394342,126.805516
1400,은행동풍림아이원 아파트,경기도 시흥시 은행동 250-5,37.433243,126.797462
1399,신명 아파트,경기도 시흥시 은행동 538-1,37.442992,126.798384
1398,시흥은행4차푸르지오,경기도 시흥시 은행동 599-1,37.439863,126.795338
1397,시화아주 아파트,경기도 시흥시 정왕동 1394,37.3533702,126.7352676
1396,숲속마을 아파트,경기도 시흥시 장곡동 807,37.377997,126.780858
1395,시흥성원 아파트,경기도 시흥시 은행동 538-2,37.442978,126.799132
1029,자연앤,경기도 시흥시 능곡동 554,37.370712,126.811228
1027,LH퍼스트리움 아파트,경기도 시흥시 조남동 640-2,37.380287,126.859785
603,극동대야 아파트,경기도 시흥시 대야동 332-13,37.449255,126.786809
5423,영종역 공영주차장,인천광역시 중구 운북동 465-37,37.510981,126.524317
4516,롯데마트 영종도점,인천광역시 중구 운서동 2803-2,37.4926689,126.4912323
4515,용유119소방안전센터,인천광역시 중구 을왕동 186-28,37.4484782,126.3938961
4133,e-편한세상 영종하늘도시,인천광역시 중구 운남동 1680-2,37.4777598,126.5138563
4088,한국전력공사 영종지사 사옥,인천광역시 중구 운서동 3099-2,37.4894853,126.5002175
2733,영종동보노빌리티아파트,인천광역시 중구 중산동 1872-2,37.484992,126.559226
2644,영종한양수자인아파트,인천광역시 중구 중산동 1878-1,37.491276,126.553052
2555,용유동사무소,인천광역시 중구 남북동 928-6,37.443996,126.402333
1440,영종힐스테이트,인천광역시 중구 중산동 1887-2,37.491879,126.565593
1439,영종우미린2단지,인천광역시 중구 중산동 1871-3,37.487714,126.555093
1041,영종하늘도시한라비발디 아파트,인천광역시 중구 중산동 1887-1,37.491282,126.563244
1040,영종하늘도시우미린1단지,인천광역시 중구 중산동 1881-1,37.493407,126.555522
1039,영종자이 아파트,인천광역시 중구 운남동 1550,37.489379,126.5293
8124,제물포지사(공용),인천광역시 미추홀구 도화동 999,37.4693581,126.6602666
5818,인천지방법원,인천광역시 미추홀구 학익동 278-2,37.4434585,126.6665271
5623,연안동 행정복지센터,인천광역시 중구 항동7가 58-70,37.4531759,126.6044538
5399,인천보훈병원,인천광역시 미추홀구 용현동 450-5,37.4556846,126.6522546
5218,인천세관,인천광역시 중구 항동7가 1-18,37.4577874,126.6288055
5217,송도현대모터스,인천광역시 미추홀구 학익동 587-122,37.4371474,126.6470446
4644,미추홀구청,인천광역시 미추홀구 숭의동 131-1,37.4635987,126.6502668
3940,도화e편한세상,인천광역시 미추홀구 도화동 1009,37.4738638,126.6660415
3821,연안여객터미널,인천광역시 중구 항동7가 88,37.4542772,126.5990484
3662,신흥대림아파트,인천광역시 중구 신흥동1가 34-2,37.4666716,126.6304607
3099,인천항 갑문홍보관,인천광역시 중구 북성동1가 102-4,37.4668168,126.6036613
2699,인천에스케이스카이뷰,인천광역시 미추홀구 용현동 664,37.449776,126.645018
2556,동구청앞 공영주차장,인천광역시 동구 금곡동 55-5,37.473114,126.642987
2081,인천업사이클 에코센터,인천광역시 미추홀구 학익동736,37.443075,126.655366
2080,서림초교 뒤 공영주차장,인천광역시 동구 송림동 61-8,37.4762026,126.6465141
1875,용현금호어울림3단지,인천광역시 미추홀구 용현동 652,37.450684,126.639931
1874,용현금호2차 아파트,인천광역시 미추홀구 용현동 647,37.448223,126.634239
1434,학익동아풍림 아파트,인천광역시 미추홀구 학익동 719,37.442307,126.660976
1433,송림휴먼시아1단지 아파트,인천광역시 동구 송림동 341,37.479475,126.651651
1432,송림진로 아파트,인천광역시 동구 송림동 94-11,37.469505,126.649021
1431,바흐카운티,인천광역시 동구 송림동 230-6,37.473405,126.640095
1430,문학호산 아파트,인천광역시 미추홀구 문학동 376-1,37.43752,126.682873
1429,동산휴먼시아1단지 아파트,인천광역시 동구 송림동 342,37.476251,126.649061
1037,인천 학익풍림아이원 아파트,인천광역시 미추홀구 학익동 721,37.441797,126.657903
607,용현엑슬루타워 아파트,인천광역시 미추홀구 용현동 659,37.45731,126.638134
606,신흥아이파크 아파트,인천광역시 중구 신흥동3가 7-235,37.456036,126.633611
605,관교쌍용 아파트,인천광역시 미추홀구 관교동 13-7,37.442579,126.696172
41,제물포지사,인천광역시 미추홀구 도화동 999,37.4693581,126.6602666
8041,경기북부직할(공용),경기도 의정부시 용민로 19번길 92,37.736949,127.081969
5736,호원2동 행정복지센터 전기차충전소,경기도 의정부시 호원동 319-2,37.726221,127.042988
5626,장암변전소,경기도 의정부시 장암동 221-5,37.6977785,127.054665
5410,고산지구 제2공영주차장,경기도 의정부시 고산동 471-1,37.7291296,127.1051817
5409,의정부1동 공영주차장,경기도 의정부시 의정부동 232-40,37.7481431,127.0487989
5406,광적농협 경제사업장,경기도 양주시 광적면 석우리 376-2,37.8309766,126.9782923
5282,감동보금자리요양원,경기도 양주시 백석읍 가업리 14-73,37.7922248,126.9821496
5281,영석고등학교,경기도 의정부시 용현동 산 33-1,37.73698,127.0746747
5280,백석천 지하2 공영주차장,경기도 의정부시 의정부동 488,37.7385615,127.0358677
5279,가능동제3공영주차장,경기도 의정부시 가능동 678,37.7468579,127.033289
5278,백석천 지하1 공영주차장,경기도 의정부시 의정부동 489,37.7376176,127.0361026
4911,송추 제2주차장,경기도 양주시 장흥면 울대리 416-4,37.7158697,126.9795169
4910,경기도교육청 안전교육관,경기도 양주시 광적면 광석리 129-3,37.8149224,126.9714747
4909,가능1동 제4공영주차장,경기도 의정부시 가능동 302-16,37.749838,127.0325513
4908,엄복동동상 주차장,경기도 의정부시 녹양동 174-1,37.7559971,127.0291128
4907,종합운동장 N47주차장,경기도 의정부시 녹양동 174-1,37.7591503,127.0296105
4906,의정부 실내빙상장,경기도 의정부시 녹양동 284-4,37.7585006,127.0243475
4905,종합운동장 E-71 주차장,경기도 의정부시 녹양동 174-1,37.756775,127.030106
4136,백석생활체육공원,경기도 양주시 백석읍 오산리 256,37.8137714,126.982752
4135,양주문화예술회관,경기도 양주시 광적면 광석리 132,37.81256,126.9729318
4134,신곡주공4단지 아파트,경기도 의정부시 신곡동 754,37.7384647,127.0582374
3857,의정부과학도서관,경기도 의정부시 신곡동 124-1,37.7447453,127.0691147
3744,가능1동 5공영주차장,경기도 의정부시 가능동 362-3,37.7531817,127.0365272
3704,양지마을8단지,경기도 의정부시 낙양동 754,37.7537617,127.1115152
3431,녹양환승 공영주차장,경기도 의정부시 녹양동 413,37.760626,127.041833
3416,의정부역환승공영주차장,경기도 의정부시 의정부동 162-3,37.736735,127.047556
3322,가능신도1차아파트,경기도 의정부시 가능동 568-1,37.7436183,127.0242275
3142,부용마을3단지,경기도 의정부시 낙양동 712,37.748384,127.0986406
3013,호원우성2차,경기도 의정부시 호원동 456-2,37.7119335,127.04932
2876,신도브래뉴아파트,경기도 의정부시 용현동 291-1,37.7397546,127.0840707
2842,송산주공5단지 뜨란채아파트,경기도 의정부시 민락동 731-3,37.7449754,127.0887904
2791,양주자이7단지아파트,경기도 양주시 삼숭동 689,37.8039142,127.1046879
2763,금오9단지주공아파트,경기도 의정부시 신곡동 790,37.7479047,127.0800571
2342,송산주공7단지아파트,경기도 의정부시 민락동 736-1,37.7406546,127.0882868
2341,브라운스톤흥선,경기도 의정부시 가능동 224-191,37.7416513,127.0301464
2032,양주시청,경기도 양주시 남방동 1-1,37.7849805,127.04525
1793,호원두산 아파트,경기도 의정부시 호원동 347-1,37.7297073,127.044843
1227,양주자이1단지,경기도 양주시 삼숭동 686-1,37.7949051,127.1057898
1225,신도8차 아파트,경기도 양주시 광사동 313-4,37.7932243,127.074112
1224,금오2차신도브래뉴업 아파트,경기도 의정부시 금오동 344-17,37.7479031,127.0555753
907,가능 SK-VIEW 아파트,경기도 의정부시 가능동 656-1,37.7494543,127.0376714
684,양주자이2단지 아파트,경기도 양주시 삼숭동 684-1,37.7956339,127.103265
390,가납공영주차장,경기도 양주시 광적면 삼일로 20,37.820975,126.987485
298,경기북부직할,경기도 의정부시 용민로 19번길 92,37.736949,127.081969
8040,가평지사(공용),경기도 가평군 가평읍 가화로 169-11,37.833892,127.510497
5402,청평호반문화체육센터,경기도 가평군 청평면 청평리 333-13,37.739202,127.424343
5401,조종소방서,경기도 가평군 조종면 현리 413-20,37.816077,127.349637
5400,청평소방서,경기도 가평군 청평면 하천리 284-5,37.753459,127.434188
4643,가평종합운동장,경기도 가평군 가평읍 대곡리 316,37.8250268,127.5072194
4532,가평소방서,경기도 가평군 가평읍 대곡리 213-5,37.82326,127.5165479
4530,가평하수도사업소,경기도 가평군 가평읍 달전리 364,37.8163117,127.5204435
2049,조종면사무소,경기도 가평군 조종면 현리 567-7,37.817427,127.352985
2047,상면사무소,경기도 가평군 상면 연하리 171-1,37.805091,127.357149
303,가평지사,경기도 가평군 가평읍 가화로 169-11,37.833892,127.510497
8042,고양지사(공용),경기도 고양시 일산동구 백석동 1310,37.6415249,126.7878048
5876,고양아람누리(고양문화재단) ev충전소,경기도 고양시 일산동구 마두동 816,37.6616,126.7746
5875,일산동구청 ev충전소,경기도 고양시 일산동구 마두동 815,37.65872,126.7749
5170,국립암센터,경기도 고양시 일산동구 마두동 809,37.66332,126.78373
4730,고양체육관,경기도 고양시 일산서구 중앙로 1601 (대화동_고양체육관),37.67498,126.74209
4729,아쿠아플라넷,경기도 고양시 일산서구 대화동 2606-1,37.6635754,126.7555049
4441,고양종합운동장,경기도 고양시 일산서구 대화동 2320,37.6751733,126.7436569
4257,햇빛마을24단지,경기도 고양시 덕양구 행신동 958,37.6214356,126.8415702
4256,위시티 일산자이1단지 아파트(추가),경기도 고양시 일산동구 식사동 1487,37.6833159,126.8126166
4255,위시티블루밍5단지(추가),경기도 고양시 일산동구 식사동 1565,37.6764491,126.8109842
4248,일산 두산위브더제니스(추가),경기도 고양시 일산서구 탄현동 1640,37.6940201,126.762958
3650,일산에듀포레푸르지오아파트,경기도 고양시 일산서구 탄현동 1650,37.7040179,126.7679971
3649,일산아이파크1단지아파트,경기도 고양시 일산서구 덕이동 1524,37.7038072,126.7531619
3348,양지마을 5단지 건영빌라,경기도 고양시 일산동구 정발산동 1175,37.6705578,126.7733462
3166,능곡2차 현대홈타운아파트,경기도 고양시 덕양구 토당동 53-44,37.6227952,126.8210818
3057,고양동 제1 공영주차장,경기도 고양시 덕양구 고양동 195-2,37.7037995,126.9036219
3047,후곡4단지,경기도 고양시 일산서구 일산동 1066,37.679855,126.7658887
2955,백마4단지한양청구아파트,경기도 고양시 일산동구 마두동 734,37.6561127,126.7933557
2948,원흥도래울6단지,경기도 고양시 덕양구 도내동 1103,37.6270001,126.8687047
2771,백송8단지선경코오롱아파트,경기도 고양시 일산동구 백석동 1139,37.6516978,126.7929499
2739,가좌마을1단지 양우아파트,경기도 고양시 일산서구 가좌동 1090,37.6849278,126.7172293
2706,백마역중앙하이츠빌1아파트,경기도 고양시 일산동구 풍동 417-2,37.6587076,126.8022553
2678,샘터마을1단지,경기도 고양시 덕양구 행신동 973,37.6190438,126.8404774
2671,푸른마을10단지,경기도 고양시 덕양구 고양동 1121,37.7168898,126.9033563
2344,후곡17단지태영아파트,경기도 고양시 일산서구 일산동 1087,37.6752644,126.7703607
2264,푸른마을6단지 풍림아이원 아파트,경기도 고양시 덕양구 고양동 724,37.7127262,126.9050742
2263,일산파밀리에2단지아파트,경기도 고양시 일산서구 덕이동 1529,37.6997741,126.7510488
2262,사리현동문3단지아파트,경기도 고양시 일산동구 사리현동 189,37.6989241,126.8475675
2046,화정환승공영주차장,경기도 고양시 덕양구 화정동 963,37.6349992,126.8326494
2044,탄현역 환승공영주차장,경기도 고양시 일산서구 탄현동 1636,37.6949977,126.7615561
2043,여성회관(행신동),경기도 고양시 덕양구 행신동 774,37.617374,126.8362312
2042,능곡주민센터,경기도 고양시 덕양구 토당동 335-4,37.62262,126.8181432
2041,고양종합터미널환승주차장,경기도 고양시 일산동구 백석동 1242,37.6432335,126.7896987
1798,일산푸르지오,경기도 고양시 일산서구 일산동 1945-1,37.6905009,126.7731049
1797,강선동신 아파트,경기도 고양시 일산서구 주엽동 46,37.6707983,126.7698653
1253,후곡9단지LG롯데 아파트,경기도 고양시 일산서구 일산동 1058,37.6777386,126.7644271
1252,후곡18단지현대 아파트,경기도 고양시 일산서구 일산동 1090,37.6744235,126.772514
1251,후곡14단지청구 아파트,경기도 고양시 일산서구 일산동 1101,37.6771967,126.7717171
1250,화성그린빌 아파트,경기도 고양시 덕양구 고양동 103,37.7034342,126.8988303
1248,탄현마을6단지현대한신 아파트,경기도 고양시 일산서구 탄현동 1479,37.6966,126.7684593
1247,탄현동성 아파트,경기도 고양시 일산서구 탄현동 1476,37.6986041,126.7669721
1246,중산마을1단지두산 아파트,경기도 고양시 일산동구 중산동 1555,37.6974013,126.7812731
1245,주교벽산 아파트,경기도 고양시 덕양구 주교동 350-1,37.6646768,126.8327213
1243,일산탄현신원2차 아파트,경기도 고양시 일산서구 일산동 2121,37.6878007,126.7626413
1242,일산탄현신원1차 아파트,경기도 고양시 일산서구 일산동 2125,37.6885367,126.7622173
1241,일산임광진흥 아파트,경기도 고양시 일산서구 탄현동 1634,37.7024197,126.7641056
1240,일산3차현대홈타운,경기도 고양시 일산서구 일산동 600,37.6881012,126.771548
1239,위시티블루밍5단지,경기도 고양시 일산동구 식사동 1565,37.675327,126.811076
1237,성저마을4단지삼익 아파트,경기도 고양시 일산서구 대화동 2213,37.6798019,126.7490595
1236,서정마을휴먼시아7단지아파트,경기도 고양시 덕양구 행신동 1090,37.6140289,126.8449785
1235,서정마을6단지 아파트,경기도 고양시 덕양구 행신동 1092,37.6178422,126.8517804
1234,산들5단지동문 아파트,경기도 고양시 일산서구 일산동 1670,37.6816026,126.775414
1233,동양라파크 아파트,경기도 고양시 일산서구 덕이동 467,37.6926245,126.7563972
919,푸른마을1단지동익미라벨 아파트,경기도 고양시 덕양구 고양동 735,37.7084048,126.903586
918,정발마을2단지건영빌라,경기도 고양시 일산동구 마두동 산두로 72,37.6642804,126.7885922
917,정발마을1단지건영빌라,경기도 고양시 일산동구 마두동 821,37.6665836,126.7878961
916,일산파밀리에3단지,경기도 고양시 일산서구 덕이동 1534,37.7005082,126.755669
915,일산 두산위브더제니스,경기도 고양시 일산서구 탄현동 1640,37.6940201,126.762958
914,숲속마을6단지 두산위브,경기도 고양시 일산동구 풍동 1268,37.6687627,126.7958715
913,브라운스톤일산,경기도 고양시 일산동구 백석동 1330,37.6375153,126.7877863
911,가좌마을7단지꿈에그린한화 아파트,경기도 고양시 일산서구 가좌동 1105,37.6837349,126.72187
452,위시티 일산자이1단지 아파트,경기도 고양시 일산동구 식사동 1487,37.6833159,126.8126166
451,원당 래미안휴레스트 아파트,경기도 고양시 덕양구 성사동 860,37.6595571,126.8429269
450,가좌벽산블루밍5단지 아파트,경기도 고양시 일산서구 가좌동 1087,37.6909449,126.7205239
106,한국건설기술연구원,경기도 고양시 일산서구 대화동 2311,37.6713064,126.740089
34,고양지사,경기도 고양시 일산동구 백석동 1310,37.6415249,126.7878048
5758,국민건강보험공단,경기도 구리시 갈매동 583,37.6319877,127.1178322
5602,수도권119특수구조대,경기도 남양주시 별내동 2190-2,37.6711332,127.1107701
5569,교문동주차빌딩,경기도 구리시 교문동 736-3,37.5968999,127.1356624
5568,구리시청,경기도 구리시 교문동 390-1,37.5947272,127.1308065
5434,(고속도로)구리남양주 행복드림쉼터,경기도 구리시 토평동 86,37.5902636,127.1560594
5413,구리 제9 공영주차장,경기도 구리시 수택동 436,37.5957969,127.1407673
5412,구리 제7공영주차장,경기도 구리시 토평동 977,37.5896023,127.1483502
5398,진건 제4 공영주차장,경기도 남양주시 진건읍 사능리 590-6,37.6504732,127.1790527
5397,진접 제2 공영주차장,경기도 남양주시 진접읍 팔야리 792,37.74544,127.2023
5396,오남 제1 공영주차장,경기도 남양주시 오남읍 양지로 176-9 (오남리),37.6935,127.2
5388,퇴계원제4공영주차장,경기도 남양주시 퇴계원읍 퇴계원리 229-4,37.64888,127.14563
5387,퇴계원종합행정타운,경기도 남양주시 퇴계원읍 퇴계원리 221-3,37.6493332,127.14467
4500,구리문화원,경기도 구리시 인창동 699-1,37.611949,127.139284
4499,농업기술센터,경기도 남양주시 진건읍 사능리 92-1,37.648621,127.195867
4251,미리내마을 4-2단지,경기도 남양주시 별내동 1048,37.647574,127.114891
3653,미리내마을4-4,경기도 남양주시 별내동 1037,37.6448343,127.1165391
3652,궁의문아파트,경기도 남양주시 진접읍 연평리 846,37.7061613,127.1857752
3651,장자마을신명아파트,경기도 구리시 교문동 826,37.5861809,127.1371431
3504,구리지사,경기도 구리시 안골로 31,37.597396,127.134655
3365,별내아이파크2차,경기도 남양주시 별내동 852,37.6641688,127.1166212
3364,별내LH별사랑마을2-10단지아파트,경기도 남양주시 별내동 별내3로 251,37.659898,127.119324
2987,별빛마을3-5단지,경기도 남양주시 별내동 1054,37.6478092,127.1179208
2965,진접신창비바패밀리아파트,경기도 남양주시 진접읍 진벌리 657,37.745279,127.2170152
2730,퇴계원금호어울림,경기도 남양주시 퇴계원읍 퇴계원리 369,37.6589606,127.1436784
2721,진건현대아파트,경기도 남양주시 진건읍 용정리 816-5,37.6609453,127.1755079
2713,별내우미린아파트,경기도 남양주시 별내동 별내3로 24,37.6440521,127.1181073
2698,별내 동익미라벨38단지아파트,경기도 남양주시 별내동 1058,37.6488084,127.1209137
2697,별내신안인스빌아파트,경기도 남양주시 별내동 순화궁로 18,37.6482659,127.1136449
2687,별내리슈빌아파트,경기도 남양주시 별내동 914,37.6583898,127.1203893
2340,별내아이파크1차,경기도 남양주시 별내동 854,37.6620869,127.1177878
2237,예당마을 신안인스빌아파트,경기도 남양주시 진접읍 금곡리 1117,37.7234073,127.2080368
2029,이마트 진접점,경기도 남양주시 진접읍 금강로유연들1길 154,37.7091401,127.1821423
1791,별내하우스토리,경기도 남양주시 별내동 872,37.6701628,127.132663
1789,구리인창성원2차 아파트,경기도 구리시 인창동 453,37.6113467,127.1365016
1223,신일유토빌 아파트,경기도 남양주시 별내동 별내4로 63,37.6485485,127.1157257
1222,별사랑마을2-2단지,경기도 남양주시 별내동 905,37.6605118,127.1254058
1221,모아미래도 아파트,경기도 남양주시 별내동 899,37.6623072,127.1272841
683,진접센트레빌1단지,경기도 남양주시 진접읍 부평리 764,37.7391961,127.198891
682,진건금강아파트,경기도 남양주시 진건읍 용정리 774-24,37.6583103,127.1783109
681,인창삼환.신일 아파트,경기도 구리시 인창동 667-1,37.6055467,127.1427125
454,진접롯데캐슬 아파트,경기도 남양주시 진접읍 장현리 702,37.7189732,127.1866863
389,인창문화센터,경기도 구리시 인창동 527-37,37.6065366,127.1330939
35,구리지사(공용),경기도 구리시 안골로 31,37.597396,127.134655
8043,한국전력공사 남양주지사(공용),경기도 남양주시 다산동 6246,37.5962189,127.1739941
5360,팔당역 공영주차장,경기도 남양주시 와부읍 팔당리 243-9,37.5459618,127.2448872
5359,남늘을택시쉼터,경기도 남양주시 호평동 546-6,37.6543698,127.2382464
5358,다산생태공원 제1공영주차장,경기도 남양주시 조안면 능내리 56-32,37.5141029,127.2985728
5357,남양주제1청사 주차장,경기도 남양주시 금곡동 185-10,37.6357657,127.2164632
4442,한국전력공사 남양주지사,경기도 남양주시 다산동 6246,37.5962189,127.1739941
4107,다산체육공원,경기도 남양주시 다산동 6033,37.627614,127.159622
4106,화도수동행정복지센터,경기도 남양주시 화도읍 마석우리 548,37.39262,127.18035
3992,마석그랜드힐2차,경기도 남양주시 화도읍 마석우리 71-4,37.650295,127.319574
3895,반도유보라메이플타운2.0,경기도 남양주시 다산동 6324,37.598966,127.1689324
3654,호평KCC스위첸아파트,경기도 남양주시 호평로45번길 11-15,37.657725,127.24464
2874,LH호평1단지,경기도 남양주시 호평동 458-9,37.661924,127.2402469
2848,덕소쌍용아파트,경기도 남양주시 와부읍 도곡리 993,37.5787054,127.2189225
2790,호평6단지 휴먼시아,경기도 남양주시 호평동 712,37.6589024,127.2401374
2268,부영그린타운5단지,경기도 남양주시 도농동 2-1,37.611021,127.1600274
2267,부영그린타운4단지,경기도 남양주시 다산동 4002-1,37.611746,127.1607309
1261,힐스테이트황금산,경기도 남양주시 지금동 129-65,37.6082214,127.1636373
1260,화도효성해링턴플레이스,경기도 남양주시 화도읍 경춘로2248번길 40 (월산리_화도 효성해링턴 플레이스),37.6504373,127.3371367
1259,평내상록데시앙 아파트,경기도 남양주시 평내동 592,37.6464487,127.2393903
1258,부영그린타운3단지,경기도 남양주시 도농로 34 (도농동_부영그린타운),37.6119616,127.1628549
1257,마석역신도브래뉴 아파트,경기도 남양주시 화도읍 마석우리 598,37.6611935,127.304559
1256,덕소아이파크 아파트,경기도 남양주시 와부읍 덕소리 612,37.587432,127.221088
1255,덕소두산위브 아파트,경기도 남양주시 와부읍 도곡리 985,37.5787687,127.2139234
1254,덕소건영 아파트,경기도 남양주시 와부읍 도곡리 1117,37.5757282,127.2229393
924,호평동원로얄듀크 아파트,경기도 남양주시 호평동 676,37.6572106,127.2509121
922,평내마을 주공 아파트,경기도 남양주시 평내로 46 (평내동_평내마을주공아파트),37.640131,127.2340358
921,삼익파크힐스,경기도 남양주시 화도읍 비룡로116번길 40 (묵현리_삼익파크힐스아파트),37.6657549,127.3063729
920,삼익 아파트,경기도 남양주시 와부읍 덕소리 600-3,37.5857719,127.2074266
455,부영그린타운2단지,경기도 남양주시 다산동 4002-1,37.6132948,127.1597318
5431,검준일반산업단지,경기도 양주시 남면 상수리 667-10,37.8864719,126.995745
4625,예원예술대학교,경기도 양주시 은현면 용암리 784-3,37.8463905,127.0367322
4624,옥정 호수스포츠센터,경기도 양주시 옥정동 1035-1,37.8230257,127.0947234
4623,동두천시종합운동장,경기도 동두천시 생연동 70,37.9002658,127.0697886
4275,동두천시민회관,경기도 동두천시 상패동 122,37.905453,127.04353
4274,동두천국민체육센터,경기도 동두천시 탑동동 799,37.8904721,127.090251
4273,소요별앤숲테마파크,경기도 동두천시 상봉암동 15,37.949682,127.065519
4272,율정마을13단지아파트,경기도 양주시 옥정동 1046,37.823197,127.103905
2782,양주덕정 8단지,경기도 양주시 고암동 584,37.832351,127.0753362
2781,동두천 송내주공3단지,경기도 동두천시 송내동 664-6,37.8855914,127.0509226
2773,양주옥정7단지,경기도 양주시 옥정동 1027,37.8298989,127.09603
2772,동두천 휴먼시아 아파트,경기도 동두천시 생연동 831,37.8981733,127.063506
2638,동두천월드메르디앙,경기도 동두천시 생연동 231,37.9050487,127.0645762
2261,양주금광1차아파트,경기도 양주시 덕계동 646-1,37.8220118,127.0402524
2033,이마트 양주점,경기도 양주시 회정동 98,37.8418551,127.0539723
1229,윤중 아파트,경기도 양주시 덕계동 201,37.8218694,127.057539
1228,송내주공5단지,경기도 동두천시 송내동 696-3,37.8840729,127.0537566
686,동두천부영6단지 아파트,경기도 동두천시 생연동 715-7,37.8967109,127.0548368
685,덕정중흥S-클래스 아파트,경기도 양주시 고암동 582,37.8338311,127.0756875
391,회천1동주민센터,경기도 양주시 덕정길 67,37.844233,127.066058
302,동두천지사,경기도 동두천시 평화로 2262,37.889739,127.057408
8044,양평지사(공용),경기도 양평군 강상면 교평리 396-1,37.487193,127.480673
8014,서종문화체육공원 주차장 전기차충전소,경기 양평군 서종면 문호리 920-3,37.5923589,127.3471263
5878,지평면사무소 EV충전소,경기도 양평군 지평면 지평리 584-1,37.4740749,127.6390944
4395,양평만남의광장 전기차충전소,경기도 양평군 양서면 대심리 204-13,37.5083614,127.3934062
4108,원석비바체아파트 전기차충전소,경기도 양평군 용문면 다문리 390-22,37.490426,127.597775
2027,서종면사무소,경기도 양평군 서종면 문호리 766-1,37.60684,127.348504
1220,현대성우3단지,경기도 양평군 강상면 병산리 1207,37.488231,127.473736
301,양평지사,경기도 양평군 강상면 교평리 396-1,37.487193,127.480673
5394,고대산자연휴양림,경기도 연천군 신서면 대광리 산 25-1,38.211061,127.150663
5393,황지리마을회관,경기도 연천군 군남면 남계리 30-1,38.026635,127.046701
5392,전곡선사박물관,경기도 연천군 전곡읍 전곡리 163-1,38.01178,127.0672
4631,한국전력 연천지사(50kw),경기도 연천군 전곡읍 전곡리 231-13,38.0219,127.07047
4622,한국전력 연천지사(50kw),경기도 연천군 전곡읍 전곡리 231-13,38.0219,127.07047
4621,한국농어촌공사(100kw),경기도 연천군 전곡읍 전곡리 266-1(전곡로 91),38.02917,127.06605
4620,청산면사무소(100kw),경기도 연천군 청산면 초성리 440-15,37.98209,127.06772
4619,세계캠핑체험존(100kw),경기도 연천군 전곡읍 전곡리 705-2,38.00756,127.06211
3415,연천군공설운동장,경기도 연천군 연천읍 옥산리 320,38.1073132,127.0806172
2036,전곡읍사무소,경기도 연천군 전곡읍 은대리 573,38.027767,127.063312
5877,문발산업단지,경기도 파주시 신촌동 700,37.7307566,126.708951
5856,심학산공원,경기도 파주시 동패동 2117,37.707267,126.717806
5853,파주읍행정복지센터 전기차충전소,경기도 파주시 파주읍 파주리 146-1,37.8307496,126.8197553
5180,율곡연수원,경기도 파주시 법원읍 동문리 17-4,37.8654225,126.8680459
5174,전통건축수리기술진흥재단,경기도 파주시 탄현면 법흥리 1631-2,37.7841606,126.6927211
5171,파주시 농업기술센터(농산물가공센터측),경기도 파주시 월롱면 영태리 379,37.7656,126.79586
4618,국립민속박물관(파주관),경기도 파주시 탄현면 법흥리 1631-3,37.7859631,126.6938404
4140,산내마을 3단지,경기도 파주시 목동동 911,37.727476,126.730986
3869,파주지사 신사옥,경기도 파주시 와동동 1377,37.7295044,126.7588996
3745,금촌공영주차장,경기도 파주시 중앙로 87,37.7631746,126.7732171
3451,농어촌공사 파주·고양지사,경기도 파주시 금촌동 778,37.7585053,126.7789826
3432,파주 차량등록사업소,경기도 파주시 문산읍 문산리 31-44,37.8536942,126.782857
3049,금촌후곡마을4단지,경기도 파주시 금촌동 992,37.7529787,126.7709428
2907,팜스프링아파트,경기도 파주시 금촌동 7,37.7729427,126.774864
2865,대방노블랜드(2차)아파트,경기도 파주시 금촌동 1015,37.7700801,126.7705378
2856,한빛마을8단지,경기도 파주시 야당동 1031,37.7086351,126.7569917
2649,대원효성,경기도 파주시 다율동 986,37.7285637,126.7194298
2642,자연앤꿈에그린6단지,경기도 파주시 문산읍 당동리 930,37.8605775,126.7759922
1796,서원마을7단지,경기도 파주시 금촌동 1019번지,37.7487797,126.7709099
1232,파주힐스테이트2차,경기도 파주시 문산읍 당동리 940,37.8637231,126.7720082
1231,금촌파라다이스 아파트,경기도 파주시 아동동 275-9,37.7692877,126.7777026
1230,가람마을11단지,경기도 파주시 와동동 1368,37.7248769,126.7547223
910,해솔마을5단지삼부르네상스 아파트,경기도 파주시 목동동 679,37.7228284,126.7443547
909,한빛마을1단지한라비발디센트럴파크,경기도 파주시 야당동 981,37.7153699,126.7485432
458,한빛5단지 아파트,경기도 파주시 야당동 991,37.7155137,126.7570258
457,성원포레스타운 아파트,경기도 파주시 검산동 130-8,37.7733893,126.7488498
37,파주지사 신사옥,경기도 파주시 금바위로 60,37.757032,126.780093
8045,포천지사(공용),경기도 포천시 원모루로 12,37.890157,127.19497
5433,포천종합운동장 본관,경기도 포천시 군내면 구읍리 691,37.8884971,127.2007522
5432,포천종합체육관 탁구장,경기도 포천시 군내면 용정리 321,37.886914,127.2003664
3395,포천종합체육관,경기도 포천시 호국로 1518,37.888753,127.201336
3384,일동농협하나로마트,경기도 포천시 일동면 화동로 1092,37.960786,127.320576
2034,이마트 포천점,경기도 포천시 호국로 915,37.8477218,127.1603498
300,포천지사,경기도 포천시 원모루로 12,37.890157,127.19497
8032,경기전력관리처(공용),경기도 수원시 영통구 이의동 907-1,37.2931725,127.0369182
8031,경기직할(공용),경기도 수원시 팔달구 인계동 203-10,37.2778095,127.029886
5169,경기도교육연구원,경기도 수원시 장안구 조원동 536-2,37.2957788,127.0169428
5166,수원구치소,경기도 수원시 팔달구 우만동 182,37.2831578,127.035704
4726,고등동 행정복지센터,경기도 수원시 팔달구 고등동 153-1,37.2734126,127.0011117
4637,한국농어촌공사 경기지역본부,경기도 수원시 장안구 정자동 571-1,37.311497,126.9861509
4636,경기도교통연수원,경기도 수원시 장안구 조원동 산 1-24,37.308731,127.0113412
4089,수원시상수도사업소,경기도 수원시 장안구 하광교동 416-1,37.3002214,127.0279245
3897,광교중흥S클래스아파트,경기도 수원시 영통구 원천동 589,37.2825039,127.0582016
3726,수원월드컵경기장,경기도 수원시 팔달구 우만동 산 5-1,37.288183,127.036803
2917,망포현대2차아파트,경기도 수원시 영통구 망포동 태장로 47,37.240679,127.050216
2686,매탄주공그린빌2단지,경기도 수원시 영통구 매탄동 매탄로126번길 66,37.260468,127.046618
2054,이마트 TR 수원점,경기도 수원시 영통구 신동 941,37.246078,127.0486481
1819,센트럴하이츠아파트,경기도 수원시 영통구 망포동 718,37.2425978,127.0592784
1307,정자벽산블루밍아파트,경기도 수원시 장안구 정자동 423-1,37.3046012,126.9946491
1306,우남퍼스트빌,경기도 수원시 영통구 매탄동 매탄로 82,37.258294,127.043045
1305,수원장안STX KAN아파트,경기도 수원시 장안구 이목동 장안로 395,37.31427,126.982991
1304,살구골동아서광성지진덕아파트,경기도 수원시 영통구 영통동 봉영로 1526,37.2485202,127.0696429
1303,매탄성일아파트,경기도 수원시 영통구 매탄동 인계로 239,37.265004,127.044992
1301,광교호수마을 참누리레이크,경기도 수원시 영통구 하동 법조로 134,37.290451,127.072577
1300,광교자연앤자이2단지,경기도 수원시 영통구 이의동 에듀타운로 65,37.287425,127.048294
1299,광교오드카운티아파트,경기도 수원시 영통구 이의동 센트럴파크로 100,37.292795,127.058457
1298,광교레이크파크수자,경기도 수원시 영통구 하동 1027,37.2805245,127.0711609
965,보훈복지타운아파트,경기도 수원시 장안구 조원동 476-1,37.2992781,127.0225651
962,대한대우아파트,경기도 수원시 팔달구 매산로2가 90,37.2658077,127.004554
961,꽃뫼버들마을 진흥아파트,경기도 수원시 팔달구 화서동 화산로 57,37.288443,126.983703
960,광교캠퍼스타운참누리아파트,경기도 수원시 영통구 이의동 대학3로 55,37.302459,127.040306
959,광교마을40단지,경기도 수원시 영통구 하동 광교마을로 156,37.294693,127.082983
958,광교A2 호반베르디움아파트,경기도 수원시 영통구 이의동 웰빙타운로 70,37.307072,127.044288
957,광교 자연앤힐스테이트,경기도 수원시 영통구 이의동 도청로 65,37.288971,127.05034
757,조원주공뉴타운2단지,경기도 수원시 장안구 조원동 금당로39번길 34,37.302389,127.01959
756,영통벽적골주공9단지,경기도 수원시 영통구 영통동 봉영로1517번길 27,37.248006,127.065761
755,엘지동수원자이아파트,경기도 수원시 영통구 망포동 영통로 111,37.236485,127.057109
754,비단마을베스트타운,경기도 수원시 장안구 천천동 정자로42번길 52,37.297605,126.980977
753,매탄현대힐스테이트,경기도 수원시 영통구 매탄동 권광로 302,37.270262,127.037798
752,망포한양수자인,경기도 수원시 영통구 망포동 723,37.2405325,127.0573359
556,황골주공 1단지 아파트,경기도 수원시 영통구 영통로 498,37.264216,127.079968
555,영통SK뷰,경기도 수원시 영통구 망포동 725,37.243347,127.062638
554,써밋플레이스광교,경기도 수원시 영통구 센트럴타운로 85,37.291067,127.051119
553,수원대월주공아파트,경기도 수원시 장안구 정자동 913,37.299754,126.985632
552,매탄그린빌4단지,경기도 수원시 영통구 매탄동 1280,37.2555948,127.0437339
551,래미안광교,경기도 수원시 영통구 이의동 센트럴파크로 60,37.290613,127.060934
550,꽃뫼노을마을 한국아파트(화서역파크뷰),경기도 수원시 장안구 정자동 대평로51번길 56,37.292023,126.990162
549,광교호반가든하임,경기도 수원시 영통구 웰빙타운로 20,37.305479,127.049525
547,e편한세상광교,경기도 수원시 영통구 이의동 센트럴타운로 76,37.2911159,127.0523913
305,경기전력관리처,경기도 수원시 영통구 이의동 907-1,37.2931725,127.0369182
227,화서역 환승주차장,경기도 수원시 팔달구 화서동 643,37.2858772,126.9903639
22,경기직할,경기도 수원시 팔달구 인계동 203-10,37.2778095,127.029886
5835,광명지사(업무용2),경기도 광명시 철산동 255,37.4766497,126.8658694
4603,하안도서관,경기도 광명시 하안동 683,37.46799,126.87369
4602,소하도서관,경기도 광명시 소하동 1331,37.4456,126.88802
4592,광명지사(공용),경기도 광명시 철산동 255,37.477042,126.866024
1297,신촌휴먼시아1단지아파트,경기도 광명시 소하동 1363,37.4495076,126.8921224
751,e편한세상센트레빌2단지,경기도 광명시 하안동 864,37.4665271,126.868072
750,e편한세상센트레빌 3단지,경기도 광명시 하안동 864,37.4674597,126.866126
749,e편한세상센트레빌 1단지,경기도 광명시 하안동 864,37.4683332,126.8677353
143,광명지사,경기도 광명시 철산동 255,37.477042,126.866024
5523,곤지암 배수펌프장 공영주차장 충전소,경기도 광주시 곤지암읍 곤지암리 453-3,37.3507273,127.3377151
5417,광주시 청소년수련관,경기도 광주시 태전동 7-10,37.3849229,127.2356679
5416,광주시보건소,경기도 광주시 경안동 115,37.4164453,127.2503366
5286,초월도서관,경기도 광주시 초월읍 대쌍령리 253-15,37.3875186,127.2913326
5285,능평도서관,경기도 광주시 오포읍 능평리 318-1,37.350377,127.166874
5262,곤지암 전기버스 충전소,경기도 광주시 곤지암읍 삼리 612-52,37.3601865,127.322911
4682,광주시 전기버스 충전소,경기도 광주시 장지동 307,37.3886218,127.2459063
4638,광주지사 전기차충전소,경기도 광주시 역동 27-32,37.4055517,127.2595868
4632,광주시청 공용전기차충전소,경기도 광주시 송정동 570,37.4292019,127.2543921
4147,곤지암 공영주차장,경기도 광주시 곤지암읍 곤지암리 555,37.3496273,127.346388
3728,광주시 차량등록사업소,경기도 광주시 장지동 214-7,37.3871653,127.2456923
3727,광주하남 교육지원청,경기도 광주시 송정동 240-1,37.4224509,127.259103
3684,오포금강KCC,경기도 광주시 오포읍 능평리 914,37.3569167,127.1630023
3612,이편한세상태재2단지,경기도 광주시 오포읍 신현리 1237,37.3587741,127.1543991
3611,광주브라운스톤아파트,경기도 광주시 송정동 560,37.4177111,127.2731753
3204,코아루햇빛마을아파트,경기도 광주시 초월읍 산이리 18-1,37.359528,127.3129692
3195,송정동대주파크빌아파트,경기도 광주시 송정동 367-7,37.4326958,127.2544897
2930,경안대우아파트,경기도 광주시 경안동 157-2,37.4111044,127.2504932
2369,더베일리하우스,경기도 광주시 오포읍 신현리 825-17,37.3535722,127.1488286
1838,동광모닝스카이아파트,경기도 광주시 초월읍 쌍동리 392,37.3765312,127.2945891
1338,장지현대아파트,경기도 광주시 장지동 692-61,37.3927218,127.2342054
1337,장지벽산블루밍아파트2단지,경기도 광주시 장지동 757,37.4072498,127.2370246
1336,장지벽산블루밍아파트,경기도 광주시 장지동 756,37.4082383,127.2360369
1334,쌍령2차현대모닝사이드,경기도 광주시 쌍령동 360-1,37.3978896,127.2799728
1333,e편한세상광주역3단지,경기도 광주시 역동 245,37.3988712,127.2452223
144,광주지사,경기도 광주시 역동 27-32,37.4055517,127.2595868
8033,서수원지사(공용),경기도 수원시 권선구 탑동 908,37.2581448,126.9691968
5160,경기상상캠퍼스,경기도 수원시 권선구 서둔동 103-25,37.2666572,126.9832947
4691,나래울종합사회복지관,경기도 화성시 능동 1130,37.204,127.05
4081,진안동공영주차장,경기도 화성시 진안동 874-1,37.2136117,127.0398143
3736,안녕동공영주차장,경기도 화성시 안녕동 190-145,37.1999313,127.0237248
3735,융건릉(2),경기도 화성시 안녕동 186-27,37.2062768,126.9905963
3734,융건릉(1),경기도 화성시 효행로481번길 21 (안녕동_융건릉),37.205778,126.9923131
3733,남산공단,경기도 화성시 안녕동 178-175,37.1956178,126.9909066
3732,동탄복합문화센터,경기도 화성시 반송동 108,37.2007659,127.0750587
3689,서동탄역파크자이아파트,경기도 화성시 능동 1282,37.2026319,127.0503213
3339,금호어울림아파트 입주자대표회의,경기도 화성시 반송동 82,37.2056284,127.0667151
3205,서수원레이크푸르지오1단지,경기도 수원시 권선구 입북동 814,37.3001141,126.9529847
2935,시범다은마을 포스코더샵,경기도 화성시 반송동 102,37.199063,127.069615
2928,동탄신일유토빌,경기도 화성시 석우동 56,37.208835,127.074889
2753,아이파크시티2단지,경기도 수원시 권선구 권선동 1361,37.243844,127.029147
2598,수원유통센터,경기도 수원시 권선구 구운동 218-1,37.282562,126.967714
1842,화성태안푸르지오,경기도 화성시 기산동 370,37.227922,127.043692
1840,수원센트럴타운3단지,경기도 수원시 권선구 세류동 1280,37.261161,127.0044
1343,수원아이파크시티4단지,경기도 수원시 권선구 권선동 1357,37.243085,127.028628
1342,동탄시범월드반도아파트,경기도 화성시 반송동 80,37.202462,127.066089
1341,권선어울림,경기도 수원시 권선구 세류동 1255,37.260223,127.009782
975,수원아이파크시티1단지,경기도 수원시 권선구 권선동 1360,37.244691,127.026705
974,권선신일유토빌,경기도 수원시 권선구 곡반정동 548,37.240258,127.030144
973,LH수원센트럴타운1단지,경기도 수원시 권선구 세류동 1260,37.2653501,127.0103989
774,화성동탄상록예가,경기도 화성시 능동 1087,37.2161319,127.0583241
773,신동탄SK뷰파크,경기도 화성시 반월동 944,37.222437,127.057367
772,서해그랑블아파트,경기도 화성시 반송동 140,37.198482,127.070125
570,시범한빛마을한화꿈에그린아파트,경기도 화성시 반송동 21,37.207469,127.066472
569,수원센트럴타운2단지,경기도 수원시 권선구 세류동 334-85,37.262538,127.006438
568,서수원자이아파트,경기도 수원시 권선구 입북동 810,37.295948,126.960694
567,반달마을푸르지오,경기도 화성시 반월동 885,37.232116,127.067027
566,동문굿모닝힐아파트,경기도 화성시 안녕동 211,37.204934,127.021267
24,서수원지사,경기도 수원시 권선구 탑동 908,37.2581448,126.9691968
4768,죽전1동 행정복지센터,경기도 용인시 수지구 죽전동 1070-9,37.3313249,127.1141141
4767,상현2동 행정복지센터,경기도 용인시 수지구 상현동 1199,37.3102708,127.0865551
3899,죽전 동성1차,경기도 용인시 수지구 용구대로 2742 (죽전동_동성1차아파트),37.3307356,127.1108269
3851,신세계 경기점,경기도 용인시 수지구 죽전동 1285,37.3249896,127.1079978
3621,경남아너스빌,경기도 용인시 기흥구 영덕동 1117,37.274532,127.0914414
3620,새천년그린빌1단지아파트,경기도 용인시 기흥구 신갈동 681,37.2899231,127.110657
3619,상현엘지자이아파트,경기도 용인시 수지구 상현동 869,37.3037709,127.0881606
3325,서천마을4단지,경기도 용인시 기흥구 서천동 823,37.2357865,127.0746413
3153,호반베르디움,경기도 용인시 기흥구 청덕동 567,37.2933669,127.1540058
2932,현대모닝사이드1차,경기도 용인시 기흥구 보라동 570,37.2506478,127.1199675
2926,광교경남아너스빌,경기도 용인시 수지구 상현동 1115,37.2976013,127.0671188
2923,동문6차굿모닝힐아파트,경기도 용인시 수지구 동천동 913,37.3398557,127.0971598
2922,금화마을대우현대아파트,경기도 용인시 기흥구 상갈동 461,37.2647503,127.1099735
2921,보정한화꿈에그린아파트,경기도 용인시 기흥구 보정동 1393,37.3064417,127.1072918
2920,가현마을신안아파트,경기도 용인시 기흥구 구갈동 344,37.2840116,127.1122729
2829,신봉동부센트레빌6단지,경기도 용인시 수지구 신봉동 946,37.3328562,127.064698
2828,새터마을푸르지오,경기도 용인시 수지구 죽전동 1198,37.331308,127.1225873
2827,도담마을푸르지오,경기도 용인시 수지구 죽전동 1275,37.3240527,127.114927
2826,꽃메마을한라신영프로방스아파트,경기도 용인시 수지구 죽전동 1302,37.3218572,127.1143794
2795,만현마을 롯데캐슬아파트,경기도 용인시 수지구 상현동 859,37.3119749,127.0894909
2777,성복자이1차아파트,경기도 용인시 수지구 성복동 758,37.3171463,127.0653358
2766,금호베스트빌2단지아파트,경기도 용인시 수지구 상현동 832,37.3029583,127.0802364
2740,동부센트레빌5차,경기도 용인시 수지구 신봉동 949,37.3310132,127.0666896
2669,신봉엘지자이1차,경기도 용인시 수지구 신봉동 873,37.3262765,127.0782158
2637,연원마을성원아파트,경기도 용인시 기흥구 보정동 694,37.3038225,127.1099053
2631,경남아너스빌2차,경기도 용인시 수지구 성복동 754,37.3153687,127.0608635
2630,동일하이빌2차아파트,경기도 용인시 기흥구 언남동 496,37.2943969,127.1268901
2629,현대프레미오아파트,경기도 용인시 수지구 상현동 168-1,37.3070401,127.073385
2625,신정마을성지아파트,경기도 용인시 수지구 풍덕천동 1021,37.3216943,127.0869343
2463,아르피아주차장,경기도 용인시 수지구 죽전동 1003-43,37.3287547,127.1058272
2462,상현도서관,경기도 용인시 수지구 상현동 1129-2,37.2997866,127.0742378
2461,영덕동주민센터,경기도 용인시 기흥구 영덕동 1208,37.2778439,127.0745488
2460,신갈동주민센터,경기도 용인시 기흥구 신갈동 60-3,37.272582,127.1067517
2459,기흥구청,경기도 용인시 기흥구 구갈동 355,37.2802117,127.1147124
2377,화성파크드림아파트,경기도 용인시 기흥구 보라동 633,37.2486001,127.1121885
2376,엘지빌리지 5차 A단지,경기도 용인시 수지구 신봉동 870,37.326419,127.0725307
2375,심곡마을광교힐스테이트,경기도 용인시 수지구 상현동 1099,37.308441,127.0738201
2374,성동마을LG빌리지3차,경기도 용인시 수지구 성복동 726,37.3181875,127.0728064
2373,도담마을우미이노스빌1차,경기도 용인시 수지구 죽전동 1261,37.3260125,127.1196896
2372,금화마을주공4단지,경기도 용인시 기흥구 상갈동 463,37.2626347,127.110149
2371,교동마을쌍용,경기도 용인시 기흥구 마북동 621,37.3031583,127.1276366
2282,예현마을현대홈타운,경기도 용인시 기흥구 서천동 705,37.2412698,127.0678837
2281,상현마을성원상떼빌3차,경기도 용인시 수지구 상현동 866,37.3001012,127.0779264
2068,이마트 동백점,경기도 용인시 기흥구 중동 833,37.2780558,127.1517027
1848,흥덕마을5단지호반베르디움(레이크파크),경기도 용인시 기흥구 영덕동 976,37.2776558,127.0702171
1847,수지엘지2차아파트,경기도 용인시 수지구 성복동 90,37.3128442,127.0763476
1846,수지센트럴아이파크,경기도 용인시 수지구 상현동 842,37.3069053,127.0825255
1845,서원마을금호베스트빌5단지아파트,경기도 용인시 수지구 상현동 867,37.306736,127.0783682
1843,구성자이3차,경기도 용인시 기흥구 마북동 638,37.3024531,127.1189758
1348,흥덕마을7단지힐스테이트 아파트,경기도 용인시 기흥구 영덕동 969,37.2796583,127.0734393
1347,푸른마을푸르지오아파트,경기도 용인시 수지구 성복동 741,37.316349,127.0795457
1346,죽전1차힐데스하임,경기도 용인시 기흥구 보정동 1308,37.3051463,127.1152035
1345,신동백롯데캐슬에코2단지,경기도 용인시 기흥구 중동 1101,37.2826847,127.1483982
1344,백현마을 한라비발디2단지,경기도 용인시 기흥구 동백동 662,37.2800096,127.1608628
977,광교마을 45단지 아파트,경기도 용인시 수지구 상현동 1113,37.2977559,127.0645587
784,현대홈타운4차4단지,경기도 용인시 수지구 죽전동 1303,37.321718,127.1163662
783,써니밸리아파트,경기도 용인시 기흥구 지곡동 704,37.2509822,127.1360862
782,신동아파밀리에,경기도 용인시 기흥구 영덕동 1069,37.2715699,127.0840862
781,래미안이스트팰리스3단지아파트,경기도 용인시 수지구 동천동 932,37.3340462,127.0887145
780,래미안 수지 이스트파크,경기도 용인시 수지구 풍덕천동 1198,37.3291619,127.0999713
779,동아솔레시티아파트,경기도 용인시 기흥구 보정동 1162,37.3115339,127.1126299
778,동백하우스토리,경기도 용인시 기흥구 중동 869,37.2747502,127.15581
777,동백금호어울림타운하우스,경기도 용인시 기흥구 중동 865,37.2723417,127.1538585
776,동백금호어울림타운하우스 2단지,경기도 용인시 기흥구 중동 863,37.2725869,127.156683
775,대주피오레1단지,경기도 용인시 기흥구 공세동 694,37.2401808,127.1087086
577,양현마을풍림아파트,경기도 용인시 기흥구 신갈동 158,37.2840943,127.106955
575,수원동마을 쌍용스윗닷홈 2단지,경기도 용인시 기흥구 상하동 652,37.2558523,127.1411333
574,성복힐스테이트1차,경기도 용인시 수지구 성복동 771,37.3144702,127.0699681
573,서천마을1단지,경기도 용인시 기흥구 서천동 736,37.2393555,127.0722388
572,버들치마을경남아너스빌1차,경기도 용인시 수지구 성복동 753,37.3144766,127.0623659
571,교동마을동양파라곤,경기도 용인시 기흥구 마북동 641,37.3022932,127.1236319
5779,한국장애인고용공단,경기도 성남시 분당구 구미동 297-1,37.3481181,127.1227762
5778,분당구청,경기도 성남시 분당구 수내동 1,37.382995,127.1201683
5276,시흥동 행정복지센터,경기도 성남시 수정구 시흥동 17-8,37.4218431,127.1078853
5275,성남동제2공영주차장,경기도 성남시 중원구 성남동 2874,37.432438,127.1428957
5274,중원청소년수련관,경기도 성남시 중원구 하대원동 240-4,37.4299265,127.1549785
5273,성남아트센터,경기도 성남시 분당구 야탑동 757,37.3997606,127.1289676
5272,중원어린이도서관,경기도 성남시 중원구 금광동 3487,37.4476321,127.1631563
5159,황새울국민체육센터,경기도 성남시 분당구 수내동 43,37.3828384,127.1168682
4101,위례자연앤센트럴자이 아파트,경기도 성남시 수정구 창곡동 504,37.4737382,127.138692
4100,산운마을대광로제비앙아파트,경기도 성남시 분당구 운중동 949,37.3909652,127.074908
3742,노외주차장(건우공영),경기도 성남시 수정구 태평동 224-4,37.4501504,127.1325744
3741,노외주차장(복정제5),경기도 성남시 수정구 복정동 688,37.4571757,127.1264732
3615,판교알파리움1단지,경기도 성남시 분당구 백현동 531,37.3955045,127.1074184
3614,월든힐스3단지,경기도 성남시 분당구 운중동 873,37.3933282,127.0684407
3613,탑마을 경남아너스빌,경기도 성남시 분당구 야탑동 525,37.4073015,127.1319146
3501,성남지사,경기도 성남시 수정구 태평동 3742,37.4441788,127.1306852
3369,가천대 글로벌캠퍼스,경기도 성남시 수정구 복정동 620-2,37.4508602,127.1301546
3045,LH경기지사,경기도 성남시 분당구 구미동 175,37.3415125,127.1101465
3044,판교역 환승주차장,경기도 성남시 분당구 백현동 534,37.3949704,127.1125137
2938,위례아트리버푸르지오1단지,경기도 성남시 수정구 창곡동 530,37.4702331,127.1412731
2937,위례아트리버푸르지오2단지,경기도 성남시 수정구 창곡동 529,37.4704071,127.1424892
2824,판교원한림풀에버,경기도 성남시 분당구 판교동 585,37.3900123,127.0962872
2276,위례센트럴푸르지오아파트,경기도 성남시 수정구 창곡동 519,37.4708714,127.1527024
1292,위례호반베르디움,경기도 성남시 수정구 창곡동 515,37.4726743,127.1523849
1291,위례자이아파트,경기도 성남시 수정구 창곡동 531,37.470313,127.1389052
1290,성남 도촌섬마을1단지,경기도 성남시 중원구 도촌동 700,37.4136392,127.1477754
1289,백현마을2단지아파트,경기도 성남시 분당구 백현동 545,37.393199,127.1186056
1288,도촌5단지,경기도 성남시 중원구 도촌동 704,37.4161803,127.1569533
747,힐스테이트위례,경기도 성남시 수정구 창곡동 572,37.465411,127.1445245
746,판교푸르지오월드마크,경기도 성남시 분당구 삼평동 741,37.395523,127.1136491
745,판교원마을12단지,경기도 성남시 분당구 판교동 494,37.3999096,127.0928109
744,판교 알파리움2단지,경기도 성남시 분당구 백현동 530,37.3935897,127.1084372
538,판교호반써밋플레이스,경기도 성남시 분당구 삼평동 740,37.3972839,127.1135331
537,탑대우아파트,경기도 성남시 분당구 야탑동 535,37.4063883,127.1210671
536,섬마을7단지,경기도 성남시 중원구 도촌동 706,37.41331,127.1604334
535,백현마을7단지,경기도 성남시 분당구 백현동 556,37.388593,127.1105309
534,목련마을 한일아파트,경기도 성남시 분당구 야탑동 162,37.4064816,127.1444778
25,성남지사(공용),경기도 성남시 수정구 태평동 3742,37.4443895,127.1305193
5839,성호체육문화센터,경기도 안산시 상록구 일동 707,37.3093137,126.8674814
5838,강옥순스포츠센터,경기도 안산시 단원구 초지동 673-1,37.2956594,126.7902181
5837,호수공원실내수영장,경기도 안산시 상록구 사동 1513,37.3025072,126.8294172
5427,근로복지공단 안산병원 주차장,경기도 안산시 상록구 일동 95,37.3170138,126.8743919
5018,롯데마트 안산점,경기도 안산시 상록구 성포동 590,37.3179023,126.8465163
3737,사이동 커뮤니센터,경기도 안산시 상록구 사동 1502,37.2788135,126.8522766
3685,신길온천휴먼빌2차,경기도 안산시 단원구 신길동 1447,37.3374249,126.7747056
3616,안산힐스테이트중앙,경기도 안산시 단원구 고잔동 853,37.3199289,126.8352246
3502,안산지사,경기도 안산시 단원구 고잔동 518-1,37.3205947,126.827539
2919,안산고잔푸르지오2차,경기도 안산시 상록구 이동 664-1,37.3091341,126.8431415
2668,단원마을아파트,경기도 안산시 단원구 고잔동 714,37.3090518,126.8261602
2279,초지두산위브아파트,경기도 안산시 단원구 초지동 796,37.3260784,126.8041477
2278,안산푸르지오6차아파트,경기도 안산시 상록구 사동 1512,37.2956785,126.8238244
2277,안산고잔7차푸르지오아파트,경기도 안산시 상록구 사동 1510,37.2960416,126.8181647
1828,상록마을삼보아파트,경기도 안산시 상록구 사동 1514,37.3057466,126.8424524
1827,고잔그린빌8단지,경기도 안산시 단원구 고잔동 766,37.3106711,126.8375331
1826,고잔3차푸르지오,경기도 안산시 단원구 고잔동 728,37.3136048,126.8346568
1316,보네르빌리지,경기도 안산시 단원구 고잔동 778,37.3083139,126.8398655
1315,네오빌6단지아파트,경기도 안산시 단원구 고잔동 767,37.310699,126.8342072
1314,그린빌7단지,경기도 안산시 단원구 고잔동 776,37.3086457,126.8336976
758,호수공원아파트,경기도 안산시 단원구 고잔동 720,37.3067907,126.8239579
26,안산지사(공용),경기도 안산시 단원구 고잔동 518-1,37.3205947,126.827539
8034,안성지사(공용),경기도 안성시 석정동 270-22,37.007845,127.264712
5391,약산골식당,경기도 안성시 인지동 461,37.0048858,127.2659706
3617,삼정그린코아더베스트,경기도 안성시 당왕동 584,37.0190307,127.2618368
3370,농어촌공사 안성지사,경기도 안성시 당왕동 347-1,37.0255614,127.2659999
2365,안성공도KCC스위첸,경기도 안성시 공도읍 만정리 877,37.0009557,127.1776314
2062,이마트 안성점,경기도 안성시 석정동 149-3,37.0127269,127.2559908
763,태산아파트,경기도 안성시 공도읍 용두리 683,37.0006711,127.153855
762,산수화아파트,경기도 안성시 원곡면 반제리 743,37.0041219,127.1519747
145,안성지사,경기도 안성시 석정동 270-22,37.007845,127.264712
5570,군포전력지사,경기도 군포시 도마교동 273,37.3123053,126.9171087
5426,자연학습공원 공영주차장,경기도 의왕시 월암동 543-3,37.3068377,126.9530297
5390,성결대학교,경기도 안양시 만안구 성결대학로 53 (안양동_성결대학교),37.3802085,126.9287078
5389,부방유통,경기도 안양시 동안구 비산동 411-8,37.3984857,126.9353254
5032,서울소년원(고봉중학교),경기도 군포시 당정동 398,37.3511717,126.9606686
5031,롤러경기장,경기도 안양시 동안구 평촌대로 429 (비산동_인라인롤러경기장),37.4095153,126.949263
5026,비산체육공원주차장,경기도 안양시 동안구 비산동 20,37.4119733,126.9498942
5025,해동놀이터노외주차장,경기도 안양시 동안구 관양동 1393-4,37.4073818,126.9561647
4797,서해그랑블(B5층),경기도 의왕시 오전동 892,37.3505238,126.9736375
4648,전기기술인협회,경기도 안양시 동안구 관양동 934-6,37.3940879,126.973876
4522,포일어울림센터,경기도 의왕시 포일동 686,37.3963636,126.9819653
4521,의왕시평생학습관,경기도 의왕시 오전동 852,37.3550747,126.9747285
4520,내손동공용청사,경기도 의왕시 내손동 849-2,37.3871517,126.9811248
4093,관악산현대홈타운,경기도 안양시 만안구 석수동 166,37.420683,126.912119
4092,용호마을E편한세상아파트,경기도 군포시 당동 979-1,37.343594,126.936685
4091,비산e편한세상아파트,경기도 안양시 동안구 비산동 1165,37.399991,126.942446
3354,평촌영풍아파트,경기도 안양시 동안구 평촌동 130-1,37.3907236,126.9746107
2931,안양 평촌 목련 6단지 두산아파트,경기도 안양시 동안구 호계동 1054-6,37.386648,126.9566939
2363,동편마을4단지,경기도 안양시 동안구 관양동 1669,37.4090732,126.9691405
1832,휴먼시아청계마을4단지,경기도 의왕시 청계동 966,37.3935474,127.0014978
1831,삼성마을3단지,경기도 군포시 당동 1020,37.340918,126.9319975
1830,당동쌍용아파트,경기도 군포시 당동 873,37.344918,126.9423387
1829,군포당동삼성마을 4단지,경기도 군포시 부곡동 1201,37.3376147,126.9307898
1325,초원대원아파트,경기도 안양시 동안구 평촌동 898-6,37.3885829,126.9668105
1324,인덕원대림2차아파트,경기도 안양시 동안구 평촌동 101,37.3915862,126.9770156
1323,안양경남아너스빌아파트,경기도 안양시 만안구 안양동 78,37.4061315,126.9200946
1322,석수아이파크,경기도 안양시 만안구 석수동 794,37.406288,126.9014708
1318,명지캐럿162,경기도 안양시 만안구 안양동 534-5,37.3848703,126.9346703
1317,꿈마을우성아파트,경기도 안양시 동안구 평촌동 933,37.3873796,126.9698737
761,세양청마루아파트,경기도 의왕시 내손동 401-1,37.3888438,126.9748361
760,동편마을3단지아파트,경기도 안양시 동안구 관양동 1651,37.4130828,126.9703713
759,LG신산본자이2차,경기도 군포시 당정동 973-1,37.3448448,126.9557411
27,안양지사,경기도 안양시 동안구 호계동 921,37.3838866,126.9472813
23,자재검사처,경기도 의왕시 내손동 665,37.3889907,126.9856208
8925,여흥동공영주차장,경기 여주시 상동 357,37.2943919,127.6396996
8035,여주지사(공용),경기도 여주시 홍문동 275,37.2894141,127.6350456
5629,수자원공사 강천보 주차장,경기도 여주시 단현동 9,37.2775943,127.6788998
5430,(고속도로)여주휴게소 강릉방향,경기도 여주시 가남읍 본두리 677-2,37.239453,127.5702242
4962,차량등록사무소,경기도 여주시 천송동 300-4,37.3014211,127.6578757
4961,금은모래캠핑장,경기도 여주시 연양동 304-3,37.2933061,127.6677576
4957,능서면 행정복지센터,경기도 여주시 능서면 번도리 502-3,37.3002119,127.5734367
4956,오학동 행정복지센터,경기도 여주시 현암동 227-5,37.3050207,127.63812
4955,중앙동 행정복지센터,경기도 여주시 하동 134-6,37.2986748,127.6289589
4954,능서면복지회관,경기도 여주시 능서면 신지리 254-2,37.2963506,127.5826678
4719,가남읍공영주차장,경기도 여주시 가남읍 심석리 417-6,37.2016855,127.5479928
4716,흥천면 행정복지센터,경기도 여주시 흥천면 효지리 376-6,37.3331109,127.5415725
4715,강천면 주민자치센터,경기도 여주시 강천면 간매리 271-1,37.2722645,127.7124489
4713,산북면 행정복지센터,경기도 여주시 산북면 상품리 121,37.4017503,127.443151
4598,한국농어촌공사 여주이천지사,경기도 여주시 능서면 신지리 955-5,37.289622,127.569814
1332,여주호반리젠시빌,경기도 여주시 교동 81-2,37.2745414,127.6339822
769,이안여주강변아파트,경기도 여주시 현암동 195,37.3062188,127.6412419
347,여주시청주차장,경기도 여주시 홍문동 4,37.2982169,127.6371706
146,여주지사,경기도 여주시 홍문동 275,37.2894141,127.6350456
8685,한전 배구선수단체육관 전기차충전기,경기 오산시 가수동 57-3,37.1452504,127.0474597
8036,오산지사(공용),경기도 오산시 원동 806,37.1354101,127.0724671
4591,맑음터공원,경기도 오산시 오산동 750-1,37.1398679,127.0636252
4590,오색시장 제2공영주차장,경기도 오산시 오산동 316-47,37.1534203,127.070782
4589,운암공영주차장,경기도 오산시 원동 812-5,37.1471438,127.0753912
4588,복개천공영주차장,경기도 오산시 원동 772-15,37.1442445,127.0720257
4587,궐동공영주차장,경기도 오산시 대호로62번길 63-11 (궐동_궐동 공영주차장),37.1570774,127.0562743
4586,오산시시설관리공단,경기도 오산시 경기동로 33 (오산동_오산스포츠센터),37.158438,127.0763481
4526,세교종합사회복지관,경기도 오산시 금암동 512,37.178034,127.0450206
4037,상신리 공영주차장,경기도 화성시 향남읍 상신리 1295-2,37.1050569,126.8997596
4033,동탄2 크린에너지센터,경기도 화성시 송동 681-244,37.1755053,127.0956533
4032,동탄8동 행정복지센터,경기도 화성시 장지동 927,37.1993313,127.094829
4031,오산시청,경기도 오산시 오산동 915,37.1498603,127.0759075
3731,하가등천주차장,경기도 화성시 향남읍 장짐리 401-46,37.1346067,126.9101311
3730,중리주차장,경기도 화성시 중동 165,37.2051499,127.1393288
3729,화성시 보건소,경기도 화성시 향남읍 발안리 309,37.1292368,126.9046906
3618,오산신동아2차아파트,경기도 오산시 서동 125-8,37.143964,127.0442492
3297,남해오네뜨더테라스,경기도 화성시 오산동 1018,37.1859334,127.0890987
3249,동탄역반도유보라아이비파크5차,경기도 화성시 오산동 988,37.195163,127.0910918
3248,금강3차아파트,경기도 화성시 청계동 514,37.2013364,127.1034647
2929,시범대원칸타빌아파트,경기도 화성시 청계동 516,37.1993205,127.1049073
2832,동탄2 LH26단지(65BL),경기도 화성시 송동 692,37.1764593,127.1034775
2785,오산수청주공아파트,경기도 오산시 수청동 11,37.1667459,127.0686163
2727,동탄역 시범더샵센트럴시티,경기도 화성시 청계동 519,37.1985138,127.1002915
2645,호반베르디움 2단지,경기도 화성시 청계동 552,37.1982115,127.1184737
2368,제일오투그란데,경기도 화성시 향남읍 행정리 491,37.1285782,126.9223376
2367,오산자이아파트,경기도 오산시 청호동 321,37.1308404,127.0809047
2366,동탄2 하우스디더레이크,경기도 화성시 송동 693,37.174413,127.1040371
2280,신안인스빌리베라,경기도 화성시 청계동 545,37.1940275,127.1178137
1331,신안인스빌리베라2차아파트,경기도 화성시 청계동 547,37.200816,127.1165831
1330,반도유보라2차,경기도 화성시 영천동 716,37.2093477,127.1169466
1329,동탄2모아미래도아파트입주자대표회의,경기도 화성시 청계동 546,37.2027041,127.1152404
972,시범호반베르디움아파트,경기도 화성시 청계동 525,37.1978622,127.1097361
971,롯데캐슬알바트로스,경기도 화성시 청계동 541,37.1956994,127.1132082
970,동탄역시범한화꿈에그린프레스티지,경기도 화성시 청계동 520,37.1969184,127.1021848
768,오산운암주공1단지 주공아파트,경기도 오산시 부산동 778-1,37.1575434,127.0806555
765,시범예미지아파트,경기도 화성시 청계동 532,37.2023893,127.1080261
764,동부아파트,경기도 오산시 갈곶동 220,37.1294529,127.0697024
562,동탄2 반도유보라 아이비파크1차아파트,경기도 화성시 청계동 533,37.2022364,127.1119661
28,오산지사,경기도 오산시 원동 806,37.1354101,127.0724671
5597,남사스포츠센터,경기도 용인시 처인구 남사읍 완장리 952-4,37.157378,127.173768
5429,(고속도로)용인휴게소 인천방향,경기도 용인시 처인구 고림동 81-2,37.2479166,127.2389854
5428,(고속도로)용인휴게소 강릉방향,경기도 용인시 처인구 고림동 12-6,37.2454885,127.2432776
5197,모현다목적복지회관,경기도 용인시 처인구 모현읍 일산리 554-13,37.3423278,127.231103
5066,남사 현대글로비스(전용),경기도 용인시 처인구 남사읍 북리 54-10,37.1408637,127.1598768
4887,모현읍행정복지센터,경기도 용인시 처인구 모현읍 갈담리 309,37.32997,127.24267
4795,남사 현대리바트(공용),경기도 용인시 처인구 남사읍 북리 54-10,37.1408637,127.1598768
4608,용인도시공사 평온의숲,경기도 용인시 처인구 이동읍 어비리 1462,37.119502,127.2270314
3503,동용인지사,경기도 용인시 처인구 김량장동 87-15,37.2346571,127.2056971
3152,용인수목원우림필유,경기도 용인시 처인구 포곡읍 삼계리 672,37.2944899,127.2380792
2833,마평라이프아파트,경기도 용인시 처인구 마평동 605-1,37.231998,127.214453
2606,기후변화체험센터,경기도 용인시 처인구 남동 282,37.2223128,127.2228447
2457,동부동주민센터,경기도 용인시 처인구 마평동 533-8,37.2328554,127.2191564
2456,동부도서관,경기도 용인시 처인구 역북동 504-1,37.2336131,127.1903166
2455,용인자연휴양림,경기도 용인시 처인구 모현읍 초부리 산 22,37.3130571,127.2708886
2454,유림동주민센터,경기도 용인시 처인구 유방동 475-20,37.252578,127.2115544
2453,원삼면사무소,경기도 용인시 처인구 원삼면 고당리 88-1,37.1664252,127.3131015
2452,양지면사무소,경기도 용인시 처인구 양지면 양지리 701-9,37.2352557,127.2797768
2451,이동읍사무소,경기도 용인시 처인구 이동읍 송전리 750-3,37.1410975,127.1959483
2450,용인실내체육관,경기도 용인시 처인구 마평동 703,37.2378869,127.213305
2364,처인구코아루아파트,경기도 용인시 처인구 고림동 1002,37.258231,127.236971
2061,모현농협 하나로마트,경기도 용인시 처인구 모현읍 왕산리 815-2,37.335698,127.2487054
1834,육군용인관사,경기도 용인시 처인구 김량장동 525,37.233492,127.193448
1833,온누리마을아파트(3군사령부),경기도 용인시 처인구 역북동 316-1,37.241356,127.190731
1328,행정타운늘푸른오스카빌아파트3단지,경기도 용인시 처인구 삼가동 552,37.237953,127.170464
1327,행정타운늘푸른오스카빌아파트2단지,경기도 용인시 처인구 삼가동 552,37.238088,127.171284
1326,행정타운늘푸른오스카빌아파트,경기도 용인시 처인구 삼가동 552,37.238592,127.163878
969,에이스카운티,경기도 용인시 처인구 이동읍 천리 1142,37.201664,127.20861
968,금광베네스타,경기도 용인시 처인구 이동읍 천리 1134,37.200218,127.208058
559,용인행정타운 두산위브2단지,경기도 용인시 처인구 삼가동 186-1,37.240151,127.167564
558,삼라마이다스빌,경기도 용인시 처인구 남동 684,37.227928,127.209692
29,동용인지사(공용),경기도 용인시 처인구 김량장동 87-15,37.2346571,127.2056971
8037,이천지사(공용),경기도 이천시 창전동 144-1,37.283178,127.447288
5424,호법면 체육지원센터,경기도 이천시 호법면 주박리 546,37.2154946,127.4074355
5020,증포동 행정복지센터,경기도 이천시 증포동 182-5,37.2903577,127.4525989
5019,이천시보건소,경기도 이천시 증포동 152-2,37.288827,127.4523332
4139,창전현대아파트,경기도 이천시 창전동 1-1,37.2829,127.4541
3317,신둔코아루아파트,경기도 이천시 신둔면 수하리 826,37.3150018,127.4240516
1837,증포한솔솔파크,경기도 이천시 증포동 475,37.2960096,127.4547651
1835,대호2차아파트,경기도 이천시 창전동 456,37.282127,127.4483176
560,아름수리아파트,경기도 이천시 마장면 양촌리 345,37.2575787,127.3547525
398,설봉공원주차장,경기도 이천시 관고동 356,37.2784043,127.4287132
30,이천지사,경기도 이천시 창전동 144-1,37.283178,127.447288
8707,비전1동 행정복지센터,경기 평택시 죽백동 724,37.0110187,127.1122604
5301,통복공영주차장,경기도 평택시 통복동 81-8,36.997031,127.0878405
5188,국민건강보험공단 평택지사,경기도 평택시 고덕동 1884-2,37.05594,127.04868
4076,원평제1공영주차장,경기도 평택시 평택동 185-47,36.9892147,127.086072
4075,배다리도서관,경기도 평택시 죽백6로 20 (죽백동),37.0024289,127.1199964
3971,평택센트럴자이3단지,경기도 평택시 동삭동 852,37.0200791,127.100325
2362,한빛아파트,경기도 평택시 비전동 876,36.9960512,127.1157653
1825,평택벽산늘푸른,경기도 평택시 비전동 889,36.9917919,127.1197242
1822,송탄효명아파트,경기도 평택시 장당동 473-1,37.0507028,127.0544279
1821,LH 리더스 하임 아파트,경기도 평택시 비전동 1011,37.0057187,127.1064855
1313,평택롯데캐슬아파트,경기도 평택시 서정동 1121,37.060012,127.0602789
1312,평택더샵 포스코,경기도 평택시 서정동 1116,37.0719907,127.0613571
1309,영화블렌하임아파트,경기도 평택시 고덕면 궁리 520,37.0211802,127.0329935
31,평택지사,경기도 평택시 비전동 767,36.9912895,127.1073889
8038,하남지사(공용),경기도 하남시 창우동 523-2,37.5352535,127.2279798
5843,감일제1공영주차장,경기도 하남시 감이동 443-2,37.508637,127.1549307
4064,힐즈파크푸르지오2단지,경기도 하남시 풍산동 626,37.5443367,127.1946433
4063,덕풍어린이공원 공영주차장,경기도 하남시 덕풍동 361-2,37.5398812,127.1974124
4062,덕풍수리골공원 공영주차장,경기도 하남시 덕풍동 336-55,37.5453683,127.1985259
3856,동서울 전력지사,경기도 하남시 감일동 산 2,37.5109265,127.1674309
3855,동서울 전력지사,경기도 하남시 감일동 산 2,37.51166,127.16782
3688,미사강변브라운스톤아파트,경기도 하남시 풍산동 559,37.5593464,127.1924272
3687,미사강변더샵센트럴포레아파트,경기도 하남시 풍산동 486,37.5547054,127.1848354
3622,미사강변도시16단지,경기도 하남시 망월동 938,37.5724287,127.1925514
3355,하남두산위브파크,경기도 하남시 신장동 570,37.5381271,127.2125373
3308,미사강변리슈빌아파트,경기도 하남시 선동 445,37.5727741,127.1806158
3236,미사강변도시26,경기도 하남시 풍산동 567,37.5562605,127.1934207
3154,미사강변도시18단지,경기도 하남시 망월동 1050,37.5617011,127.1834211
2934,하남은행아파트,경기도 하남시 창우동 520,37.53846,127.2224972
2927,미사강변 더샵 리버포레,경기도 하남시 선동 427,37.573859,127.1859088
2755,LH미사강변17,경기도 하남시 망월동 1044,37.5649934,127.1812782
2747,미사강변13단지,경기도 하남시 망월동 949,37.568708,127.1886769
2708,미사강변센트럴자이,경기도 하남시 풍산동 480,37.557799,127.1860763
1818,엠코타운 센트로엘아파트,경기도 하남시 학암동 662,37.476487,127.1455502
1296,하남 미사강변9단지아파트,경기도 하남시 선동 423,37.575799,127.187323
1295,하남라인아파트,경기도 하남시 덕풍동 336-40,37.5447777,127.1993335
1294,미사강변센트리버,경기도 하남시 선동 436,37.5738054,127.1832541
1293,덕풍쌍용아파트,경기도 하남시 덕풍동 537-1,37.5330957,127.1992463
956,하남미사19단지,경기도 하남시 망월동 1062,37.5620829,127.1852651
748,동원로얄듀크아파트,경기도 하남시 풍산동 477,37.5544986,127.1827716
546,하남제일풍경채2단지,경기도 하남시 덕풍동 759,37.5542659,127.1976556
545,하남제일풍경채1단지,경기도 하남시 덕풍동 759,37.5542659,127.1976556
544,하남신장현대홈타운,경기도 하남시 신장동 568,37.5363378,127.2121738
543,위례롯데캐슬,경기도 하남시 학암동 672,37.4753269,127.1523859
542,백조현대아파트,경기도 하남시 신장동 528,37.539721,127.21923
541,미사강변한신휴플러스,경기도 하남시 망월동 904,37.5739417,127.1920227
540,미사강변도시베라체,경기도 하남시 선동 453,37.5722793,127.1786666
539,미사강변도시28단지,경기도 하남시 망월동 1162,37.5601229,127.196262
32,하남지사,경기도 하남시 창우동 523-2,37.5352535,127.2279798
8039,화성지사(공용),경기도 화성시 마도면 마도북로 403,37.206232,126.771805
5554,봉담2지구 생태체육공원 공영주차장,경기도 화성시 봉담읍 상리 716,37.2255075,126.9430325
4791,남양읍주민센터 공용주차장,경기도 화성시 남양읍 남양리 2226-7,37.2113778,126.8292254
4711,서신면 공영주차장,경기도 화성시 서신면 매화리 365-1,37.1690591,126.7032432
4710,일반고객 서경화(영흥곰탕),인천광역시 옹진군 영흥면 선재리 636-85,37.2538257,126.51359
4035,사강 공영주차장,경기도 화성시 송산면 사강리 676-1,37.2137357,126.735692
4034,덕우공단 공영주차장,경기도 화성시 봉담읍 덕우리 278,37.1601228,126.9166616
3740,송산주차장,경기도 화성시 송산면 사강리 687-8,37.2145232,126.7338806
3739,장경리공영주차장,인천광역시 옹진군 영흥면 내리 1656-2,37.2724865,126.4516671
3738,동화주차장,경기도 화성시 봉담읍 동화리 557,37.2206156,126.9552497
2831,봉담그대가3단지,경기도 화성시 봉담읍 와우리 589,37.2155963,126.9716517
2830,현대자동차사원아파트,경기도 화성시 남양읍 남양리 1842,37.1980807,126.8238716
2240,동화마을 신동아파밀리에,경기도 화성시 봉담읍 동화리 647,37.222437,126.958832
2064,수원농협 하나로마트 봉담점,경기도 화성시 봉담읍 동화리 597-1,37.217595,126.9590898
1839,남양우림그린빌리지아파트,경기도 화성시 남양읍 남양리 415,37.2042833,126.8038874
1339,대광파인밸리골드아파트,경기도 화성시 남양읍 신남리 1563,37.1979163,126.81793
771,봉담동일하이빌아파트,경기도 화성시 봉담읍 동화리 575,37.2163381,126.9564472
770,금강에스쁘아아파트,경기도 화성시 남양읍 남양리 2005,37.2109268,126.8015006
304,화성지사,경기도 화성시 마도면 마도북로 403,37.206232,126.771805
4709,현덕면 행정복지센터,경기도 평택시 현덕면 인광리 402-12,36.9671268,126.9213744
4708,폴리텍대학 화성캠퍼스,경기도 화성시 팔탄면 고주리 196-1,37.1308526,126.8892937
4036,우정공영주차장,경기도 화성시 우정읍 조암리 265-1,37.0845087,126.8188315
3743,조암주차장,경기도 화성시 우정읍 조암리 365-30,37.0842028,126.8145584
3686,서광프리메라아파트,경기도 평택시 안중읍 현화리 841,36.9806482,126.9224465
2933,화현마을 우림필유,경기도 평택시 안중읍 현화리 822-1,36.985037,126.918369
2361,청북한양수자인아파트,경기도 평택시 청북읍 옥길리 1150,37.023729,126.921015
1824,청북이안아파트,경기도 평택시 청북읍 옥길리 1091,37.019293,126.9081461
1823,청북 유승한내들,경기도 평택시 청북읍 옥길리 1094,37.018131,126.909896
1311,청북풍림아이원,경기도 평택시 청북읍 옥길리 1144,37.023588,126.919531
1308,모아미래도2단지아파트,경기도 평택시 포승읍 도곡리 1115,36.988064,126.84913
557,유승한내들퍼스트뷰,경기도 평택시 청북읍 옥길리 1153,37.023737,126.924985
8026,강원직할(공용),강원특별자치도 춘천시 후평동 95,37.883416,127.750565
6756,강원국악예술회관,강원특별자치도 춘천시 삼천동 200,37.8721833,127.7013294
5771,강원혈액원,강원특별자치도 춘천시 퇴계동 862-3,37.8457841,127.7359646
5628,강원대학교,강원특별자치도 춘천시 효자동 192-1,37.8725683,127.7416902
5509,국립춘천숲체원,강원특별자치도 춘천시 신북읍 발산리 산 32-1,37.9917394,127.7677408
5508,동면행정복지센터,강원특별자치도 춘천시 동면 지내리 209-15,37.9100375,127.7814247
5491,강원지방기상청 춘천기상대,강원특별자치도 춘천시 신북읍 장본1길 12 (산천리_춘천기상대),37.9475882,127.7548162
5485,(고속도로)춘천휴게소 부산방향,강원특별자치도 춘천시 동내면 사암리 산 121-1,37.8126367,127.7665396
5395,춘천사회혁신파크,강원특별자치도 춘천시 효자동 303-14,37.864401,127.7356535
5385,춘천바이오산업진흥원,강원특별자치도 춘천시 후평동 198-53,37.8929765,127.7442113
4744,송곡대학교,강원특별자치도 춘천시 남산면 창촌리 1,37.7919089,127.6525825
4634,춘천 동부시장,강원특별자치도 춘천시 운교동 182-10,37.8775282,127.7341075
4289,춘천서부시장,강원특별자치도 춘천시 소양로2가 172-1,37.8846607,127.7243826
4288,LH해온채아파트,강원특별자치도 춘천시 동면 장학리 988,37.89711,127.7512222
4283,농어촌공사 강원본부,강원특별자치도 춘천시 우두동 765-5,37.9049806,127.7275665
3722,한국전기공제조합 춘천지점,강원특별자치도 춘천시 칠전동 598-5,37.8421174,127.7150054
3714,강원도개발공사,강원특별자치도 춘천시 석사동 322-1,37.8571659,127.7496775
3641,(춘천거두)초록지붕아파트,강원특별자치도 춘천시 동내면 거두리 936,37.853709,127.7520741
3334,석사현대아파트,강원특별자치도 춘천시 석사동 813,37.8552232,127.7420448
2902,강변코아루아파트,강원특별자치도 춘천시 우두동 1082,37.896963,127.735715
2245,소양강 공영주차장,강원특별자치도 춘천시 근화동 786-44,37.890401,127.721241
2241,롯데캐슬 스카이클래스,강원특별자치도 춘천시 온의동 590,37.870086,127.718276
2092,후평1동행정복지센터,강원특별자치도 춘천시 후평동 713,37.886091,127.745122
2090,춘천극장몸짓,강원특별자치도 춘천시 효자동 531,37.872498,127.727309
2089,이마트 춘천점,강원특별자치도 춘천시 온의동 511,37.863773,127.718142
2088,의암빙상장,강원특별자치도 춘천시 송암동 700-3,37.854525,127.68773
2087,애니메이션박물관,강원특별자치도 춘천시 서면 현암리 367-3,37.893901,127.689949
2086,신사우동사무소,강원특별자치도 춘천시 사농동 99-7,37.905663,127.727618
2085,동내면사무소,강원특별자치도 춘천시 동내면 신촌리 583-1,37.848012,127.761109
2084,남산면사무소,강원특별자치도 춘천시 남산면 창촌리 67-3,37.792025,127.646031
2083,김유정문학마을,강원특별자치도 춘천시 신동면 증리 868-1,37.818462,127.716533
2082,공지천 공영주차장,강원특별자치도 춘천시 근화동 785-10,37.874379,127.713098
1042,휴먼시아남춘천1단지,강원특별자치도 춘천시 퇴계동 1097,37.861432,127.734026
399,LH강원본부,강원특별자치도 춘천시 효자동 692-10,37.868893,127.728485
43,강원직할,강원특별자치도 춘천시 후평동 95,37.883416,127.750565
8005,강릉특별지사(공용),강원특별자치도 강릉시 포남동 1255,37.7821753,128.9188096
5510,강릉아이스아레나 주차장,강원특별자치도 강릉시 포남동 산 90-1,37.7801423,128.896548
5494,(고속도로)평창휴게소 강릉방향,강원특별자치도 평창군 용평면 경강로 2159-58 (이목정리_평창하행휴게소),37.6056332,128.4527989
5493,(고속도로)구정휴게소 동해방향,강원특별자치도 강릉시 구정면 제비리 888,37.7226375,128.8516265
5492,강원지방기상청,강원특별자치도 강릉시 사천면 방동리 807-1,37.8040757,128.8539566
5230,강원테크노파크,강원특별자치도 강릉시 대전동 898-2,37.8039413,128.8570499
4971,강원영동병무지청,강원특별자치도 강릉시 노암동 200-11,37.7488087,128.9077197
4970,강원도환동해본부,강원특별자치도 강릉시 주문진읍 교항리 118-1,37.8849541,128.8254878
4605,강원도립대학,강원특별자치도 강릉시 주문진읍 교항리 8-2,37.8770954,128.8293685
4604,봉평시장공용주차장,강원특별자치도 평창군 봉평면 창동리 396-38,37.6154289,128.3761033
4286,감자연구소,강원특별자치도 강릉시 사천면 노동리 466-1,37.8130947,128.834149
4285,입암6주공아파트,강원특별자치도 강릉시 입암동 709-1,37.7579443,128.9186045
4284,태장위너빌아파트,강원특별자치도 평창군 진부면 하진부리 42-2,37.6435407,128.5607498
3901,그린내하우스,강원특별자치도 강릉시 입암동 97-13,37.7608298,128.918984
3900,기산그린타운연립,강원특별자치도 강릉시 내곡동 267,37.7344467,128.8808368
3718,봉평면사무소,강원특별자치도 평창군 봉평면 창동리 345,37.6161883,128.3797302
3716,강원도교육연수원,강원특별자치도 강릉시 초당동 57-18,37.7864421,128.9183388
3642,평창올림픽선수촌아파트,강원특별자치도 평창군 대관령면 수하리 500,37.6585171,128.6952572
3638,LH선수촌8단지아파트,강원특별자치도 강릉시 유천동 778,37.762349,128.8676203
3636,포남2주공아파트,강원특별자치도 강릉시 포남동 1209,37.7803763,128.9168789
3383,보헤미안박이추 커피공장,강원특별자치도 강릉시 사천면 사천진리 285-11,37.8469273,128.8668602
2909,홍제힐스테이트,강원특별자치도 강릉시 홍제동 1007,37.750758,128.882388
2775,강릉회산LH천년나무2단지,강원특별자치도 강릉시 회산동 604,37.741866,128.877643
2443,용평리조트,강원특별자치도 평창군 대관령면 용산리 130,37.644172,128.676355
2442,알펜시아리조트,강원특별자치도 평창군 대관령면 용산리 425,37.65831,128.671943
2441,대관령면 관광안내소,강원특별자치도 평창군 대관령면 횡계리 376-10,37.67866,128.699797
2440,HAPPY700 평창시네마,강원특별자치도 평창군 용평면 장평리 374-2,37.589094,128.41683
2439,교2동주민센터,강원특별자치도 강릉시 교동 723-5,37.7679419,128.8923833
2438,주문진해수욕장,강원특별자치도 강릉시 주문진읍 향호리 8-17,37.9101981,128.8178854
2437,경포해수욕장,강원특별자치도 강릉시 안현동 868-2,37.802467,128.903439
2436,홍제동 공영주차장,강원특별자치도 강릉시 홍제동 157,37.75345,128.882694
2435,허균허난설헌기념공원,강원특별자치도 강릉시 초당동 390,37.7911444,128.9100283
2434,교1동주민센터,강원특별자치도 강릉시 교동 1874-3,37.7655483,128.8745249
2433,녹색도시체험센터,강원특별자치도 강릉시 운정동 484,37.788754,128.906722
2394,서희스타힐스리버파크,강원특별자치도 강릉시 회산로 344 (회산동_서희스타힐스 리버파크 아파트),37.737238,128.865185
2393,삼우골든아파트,강원특별자치도 강릉시 포남동 898-17,37.7606689,128.9060886
2392,강릉 교동2차현대아파트,강원특별자치도 강릉시 교동 1767,37.763335,128.881193
2107,해람중학교옆 공영주차장,강원특별자치도 강릉시 용강동 46-2,37.7531732,128.8894272
2105,이마트 강릉점,강원특별자치도 강릉시 송정동 612-11,37.771576,128.92239
2104,송정동주민센터,강원특별자치도 강릉시 송정동 161-2,37.774406,128.927799
2103,성덕동주민센터,강원특별자치도 강릉시 입암동 599,37.7635095,128.9137578
2102,강원양돈농협 하나로마트,강원특별자치도 강릉시 교동 1888-3,37.7633348,128.8772789
2101,강릉축협 하나로마트,강원특별자치도 강릉시 입암동 448,37.754163,128.91264
2100,강릉농협 하나로마트,강원특별자치도 강릉시 성남동 26-1,37.754689,128.901915
2099,강남동주민센터,강원특별자치도 강릉시 노암동 133,37.744127,128.905083
1452,청송 아파트,강원특별자치도 강릉시 하평2길 6 (포남동_청송아파트 상가),37.771891,128.913032
1050,교동e-편한세상 아파트,강원특별자치도 강릉시 교동 357,37.770659,128.895989
42,강릉특별지사,강원특별자치도 강릉시 포남동 1255,37.7821753,128.9188096
5794,천곡동굴 제2주차장,강원특별자치도 동해시 천곡동 731-68,37.5164941,129.107205
5636,삼화동 행정복지센터 전기차 충전소,강원특별자치도 동해시 이로동 183-2,33.48848,129.0676
5241,지흥동 동해전력지사,강원특별자치도 동해시 지흥동 263,37.5103572,129.0998008
5240,부곡동 행정복지센터,강원특별자치도 동해시 부곡동 134-1,37.5359721,129.1064719
5239,구호동 자유무역지역관리원,강원특별자치도 동해시 구호동 247,37.4808418,129.153095
4611,동해역(ktx) 주차장,강원특별자치도 동해시 송정동 산 24-22,37.4969384,129.1230269
3904,동해 아이파크 아파트,강원특별자치도 동해시 이도동 751,37.477082,129.1089176
3903,희망Dream아파트,강원특별자치도 동해시 용정동 25-145,37.5059121,129.1278325
3902,사랑Dream아파트,강원특별자치도 동해시 평릉동 207,37.5316034,129.1014392
3717,동해시 보건소,강원특별자치도 동해시 천곡동 1095(보건소 공영 주차장),37.5223337,129.1171018
3519,동해지사,강원특별자치도 동해시 천곡동 792,37.525514,129.107521
2113,이마트 동해점,강원특별자치도 동해시 천곡동 831,37.524239,129.117692
2112,옥계면사무소,강원특별자치도 강릉시 옥계면 현내리 310,37.612462,129.038121
1464,한양2_3차 아파트,강원특별자치도 동해시 천곡동 794,37.5271469,129.1063793
1463,쌍용 아파트,강원특별자치도 동해시 천곡동 942,37.5201729,129.1200492
1462,동해푸르지오 아파트,강원특별자치도 동해시 평릉동 293,37.529596,129.0996906
1052,동해코아루디오션,강원특별자치도 동해시 평릉동 456,37.5321203,129.1138945
148,동해지사(공용),강원특별자치도 동해시 천곡동 792,37.5257035,129.1079442
5496,한국남부발전 복지관 급속 충전소,강원특별자치도 삼척시 원덕읍 삼척로 734 (호산리),37.1037,129.2023
5495,대한석탄공사 도계광업소 급속 충전소,강원특별자치도 삼척시 도계읍 도계로 225 (전두리_대한석탄공사),37.1351,129.0238
3313,삼척마달세영리첼아파트,강원특별자치도 삼척시 마달동 179,37.4504643,129.1559348
3300,e편한세상삼척교동아파트,강원특별자치도 삼척시 교동 793,37.4529214,129.1718252
3299,청솔1차아파트,강원특별자치도 삼척시 정상동 457-1,37.4472137,129.1760108
3178,삼척 한양아파트,강원특별자치도 삼척시 원당동 117,37.4392821,129.1513971
2641,동부아파트,강원특별자치도 삼척시 교동 501-5,37.4559831,129.1655931
2396,현대아파트,강원특별자치도 삼척시 원당동 122-3,37.4403029,129.1522897
2395,코아루타워아파트,강원특별자치도 삼척시 교동 781,37.4510752,129.1710745
1456,현진에버빌 아파트,강원특별자치도 삼척시 정상로 35 (정상동_현진에버빌),37.44486,129.174448
1455,신동아 아파트,강원특별자치도 삼척시 교동 745-1,37.4497003,129.1757172
1454,삼척오션빌,강원특별자치도 삼척시 원덕읍 노곡리 산 184-13,37.1972596,129.3362721
1453,동화3차 아파트,강원특별자치도 삼척시 남양동 338,37.4419883,129.1690648
268,삼척지사,강원특별자치도 삼척시 정상동 247-3,37.4343253,129.1779429
8027,속초고성지사(공용),강원특별자치도 속초시 동명동 258-1,38.2117613,128.590553
6736,DMZ 박물관,강원특별자치도 고성군 현내면 송현리 212,38.5765536,128.3827076
5512,잼버리수련장,강원특별자치도 고성군 토성면 인흥리 714-2,38.2226882,128.4975009
5484,국민건강보험공단,강원특별자치도 속초시 동해대로 4044 (조양동_국민건강보험공단),38.1901327,128.5924421
4373,고성소방서,강원특별자치도 고성군 간성읍 신안리 170,38.3768323,128.4736384
4302,청호동 아이파크,강원특별자치도 속초시 청호동 1356,38.1928381,128.5991812
4301,영랑호 인트라움,강원특별자치도 속초시 장사동 647-16,38.2226445,128.5840185
4300,속초연수원,강원특별자치도 속초시 노학동 573-4,38.1900126,128.5518064
3724,속초해양경찰서,강원특별자치도 속초시 동명동 53-23,38.2122863,128.5976834
3465,국민체육센터,강원특별자치도 고성군 거진읍 송포리 634-1,38.435167,128.452743
3396,죽왕면사무소,강원특별자치도 고성군 죽왕면 오호리 170-3,38.3291686,128.5257194
3360,고성석미모닝파크,강원특별자치도 고성군 간성읍 상리 443-2,38.37809,128.462903
3243,성호아파트,강원특별자치도 속초시 조양동 1294-23,38.1848146,128.5988822
2111,이마트 속초점,강원특별자치도 속초시 청호동 459-134,38.190927,128.5960888
1883,대명늘푸른 아파트,강원특별자치도 속초시 교동 미시령로3337번길 ７,38.205736,128.570848
1459,현대1차 아파트,강원특별자치도 속초시 교동 618-10,38.207195,128.573201
1457,금호대명(서울대명2차) 아파트,강원특별자치도 속초시 미시령로 3429 (금호동_금호대명(서울대명2차)아파트),38.209818,128.580804
328,고성지사,강원특별자치도 고성군 간성읍 신안리 319-4,38.3802412,128.4731957
266,속초고성지사,강원특별자치도 속초시 동명동 258-1,38.2117613,128.590553
5314,국토정중앙천문대,강원특별자치도 양구군 국토정중앙면 도촌리 96-5,38.0688782,128.0298988
5313,양구인문학박물관,강원특별자치도 양구군 양구읍 동수리 100-1,38.1219552,127.9812863
4291,양구군농업기술센터,강원특별자치도 양구군 남면 청리 1131-9,38.1069335,128.0284951
4290,서희스타힐스,강원특별자치도 양구군 양구읍 상리 655,38.1009101,127.9873886
3385,테니스파크,강원특별자치도 양구군 양구읍 하리 439,38.1173256,127.9896013
3214,해링턴플레이스,강원특별자치도 양구군 양구읍 상리 665,38.099404,127.99106
3060,양구지사,강원특별자치도 양구군 양구읍 상리 506-3,38.108207,127.986211
1881,양구경림 아파트,강원특별자치도 양구군 양구읍 상리 510,38.107659,127.985261
1448,포미재 아파트,강원특별자치도 양구군 양구읍 상리 559,38.108168,127.991974
1447,양구 보배 아파트,강원특별자치도 양구군 양구읍 정림리 177,38.100673,127.983005
8028,양양지사(공용),강원특별자치도 양양군 양양읍 서문리 124,38.07245,128.617897
4607,양양오색주차장,강원특별자치도 양양군 서면 오색리 534,38.0774072,128.4525856
4606,양양전통시장주차장,강원특별자치도 양양군 양양읍 남문리 3-23,38.0752555,128.6251351
3639,썬라이즈빌아파트,강원특별자치도 양양군 강현면 정암리 162-6,38.1371535,128.6148479
3405,인구해수욕장,강원특별자치도 양양군 현남면 인구리 628,37.9705649,128.7621123
2299,양양서문주공아파트,강원특별자치도 양양군 양양읍 서문리 414,38.075493,128.61239
269,양양지사,강원특별자치도 양양군 양양읍 서문리 124,38.07245,128.617897
6976,한전 영월지사,강원특별자치도 영월군 영월읍 덕포리 686,37.1710602,128.4787543
6956,북면사무소 주차장,강원특별자치도 영월군 북면 마차리 1180-15,37.2546219,128.4552209
5490,영월군공용주차장,강원특별자치도 영월군 영월읍 하송리 373-1,37.1788655,128.4585551
5489,영월군청 전기차충전소,강원특별자치도 영월군 영월읍 하송리 242,37.184008,128.461842
4601,영월 서부시장 제2주차장,강원특별자치도 영월군 영월읍 하송리 184-122,37.1810474,128.4646325
3433,주천면사무소,강원특별자치도 영월군 주천면 주천리 1243-1,37.2721185,128.269102
3059,영월지사,강원특별자치도 영월군 영월읍 덕포리 686_한국전력공사 영월지사,37.170665,128.478512
1460,영월하송주공3차 아파트,강원특별자치도 영월군 영월읍 하송리 403,37.177677,128.457978
5572,원주전력지사,강원특별자치도 원주시 호저면 만종리 683,37.3525759,127.9007029
5507,(고속도로)원주휴게소 춘천방향,강원특별자치도 원주시 호저면 마근거리길 110 (옥산리_원주(춘천방향)휴게소),37.4339707,127.9316159
5506,(고속도로)문막휴게소 강릉방향,강원특별자치도 원주시 문막읍 원문로 1234 (동화리_문막하행휴게소),37.3345762,127.8576477
5468,간현관광지,강원특별자치도 원주시 지정면 간현리 1056-24,37.3633911,127.8359669
5466,나라키움원주청사,강원특별자치도 원주시 반곡동 1858-5,37.326539,127.9787137
4600,원주시립도서관,강원특별자치도 원주시 단구동 990,37.3265803,127.9529606
4357,청구1단지아파트,강원특별자치도 원주시 명륜동 847-1,37.3250579,127.9374141
3723,원주 의료기기 종합지원센터,강원특별자치도 원주시 지정면 가곡리 1325,37.3717118,127.8741027
3721,개인택시지부,강원특별자치도 원주시 태장동 26-1,37.369931,127.967505
3715,원주 의료기기 산업기술단지,강원특별자치도 원주시 태장동 태장공단길,37.406773,127.95036
3712,신일유토빌아파트,강원특별자치도 원주시 우산동 821,37.3731607,127.9407191
3505,원주지사,강원특별자치도 원주시 우산동 316-9,37.372274,127.938467
3361,한라비발디2차아파트,강원특별자치도 원주시 우산동 823,37.3633576,127.9307262
3320,덕원아파트,강원특별자치도 원주시 우산동 157,37.3628443,127.9360533
3301,한신더휴아파트,강원특별자치도 원주시 단구동 1457-3,37.3304004,127.9541742
2734,푸른숨LH3단지 아파트,강원특별자치도 원주시 반곡동 2047-4,37.3211315,127.9777982
2391,봉화산이편한세상 아파트,강원특별자치도 원주시 단계동 1095-1,37.350455,127.926913
2298,이끌린STAY,강원특별자치도 원주시 단계동 1115-2,37.347549,127.926545
2296,무실세영리첼2차 아파트,강원특별자치도 원주시 무실동 1868-1,37.328913,127.929779
2097,하나로마트 혁신도시점,강원특별자치도 원주시 반곡동 1880-10,37.324499,127.98199
2096,차량등록사업소,강원특별자치도 원주시 무실동 423-6,37.343286,127.92378
2095,원주시청,강원특별자치도 원주시 무실동 1,37.340932,127.91839
2094,문막읍사무소,강원특별자치도 원주시 문막읍 건등리 1718,37.31201,127.817375
2093,기후변화대응교육연구센터,강원특별자치도 원주시 행구동 1029,37.343311,127.99668
1880,한라비발디1차 아파트,강원특별자치도 원주시 우산동 818,37.362657,127.932682
1879,통일 아파트,강원특별자치도 원주시 단구동 556,37.33284,127.959238
1446,코오롱하늘채 아파트,강원특별자치도 원주시 단계동 880,37.343545,127.928793
1445,우보삼성 아파트,강원특별자치도 원주시 일산동 남산로 103,37.345776,127.940216
1444,반곡아이파크 아파트,강원특별자치도 원주시 반곡동 늘품로 199,37.335358,127.963652
1443,무실세영리첼1차 아파트,강원특별자치도 원주시 무실동 1861-1,37.329315,127.926818
1047,매지청솔 아파트,강원특별자치도 원주시 흥업면 매지리 1934,37.277922,127.910642
1046,대흥2차 아파트,강원특별자치도 원주시 태장동 1040-3,37.380177,127.951598
1043,개운휴먼시아1단지 아파트,강원특별자치도 원주시 개운동 581-1,37.338512,127.955194
44,원주지사(공용),강원특별자치도 원주시 우산동 316-9,37.372274,127.938467
5670,인제전통시장,강원특별자치도 인제군 인제읍 상동리 289,38.0672648,128.1714725
5511,인제체육관,강원특별자치도 인제군 인제읍 남북리 817,38.0587935,128.1647632
5384,인제군청,강원특별자치도 인제군 인제읍 상동리 349-6,38.0696142,128.1702582
5383,북면 행정복지센터,강원특별자치도 인제군 북면 원통리 658-3,38.1249943,128.2046938
5382,귀둔출장소,강원특별자치도 인제군 인제읍 귀둔리 644-6,38.0164199,128.3661127
5381,원통 생활체육공원,강원특별자치도 인제군 북면 원통리 626,38.124071,128.196138
5380,서화체육공원,강원특별자치도 인제군 서화면 천도리 443-3,38.2296446,128.2072976
5379,하늘내린도리안,강원특별자치도 인제군 남면 남전리 1105,38.0014181,128.1626593
5378,고사리 문화관광,강원특별자치도 인제군 인제읍 고사리 204-11,38.0103978,128.2390555
5377,인제군 보건소,강원특별자치도 인제군 인제읍 남북리 789-1,38.0633685,128.1687612
4653,설악산 국립공원 백담분소 전기차충전소,강원특별자치도 인제군 북면 용대리 868-5,38.1917737,128.3575676
4506,인제지사(공용),강원특별자치도 인제군 인제읍 남북리 294-1,38.0659822,128.1662155
3529,인제지사,강원특별자치도 인제군 인제읍 남북리 294-1,38.0659822,128.1662155
189,인제지사(공용),강원특별자치도 인제군 인제읍 남북리 294-1,38.0659822,128.1662155
5642,정선군보건소,강원특별자치도 정선군 정선읍 봉양리 80-5,37.3797563,128.6710271
5477,아리아리펜션,강원특별자치도 정선군 정선읍 신월리 289-5,37.3717737,128.6952639
5476,정선국토관리사무소,강원특별자치도 정선군 정선읍 신월리 981,37.3693386,128.684573
5475,태영합자회사,강원특별자치도 정선군 정선읍 덕송리 536-5,37.3999808,128.6660049
5474,북평면지역아동센터 옆,강원특별자치도 정선군 북평면 북평리 691,37.4485204,128.6654905
5473,북평면종합복지회관,강원특별자치도 정선군 북평면 북평리 223,37.4494587,128.6705003
5458,북평면행정복지센터,강원특별자치도 정선군 북평면 북평리 221-3,37.4489207,128.6700024
4630,북평면,강원특별자치도 정선군 북평면 북평리 693-4,37.4485796,128.6654495
3934,정선지사,강원특별자치도 정선군 정선읍 북실리 756-11,37.3800484,128.6504211
2445,파크로쉬(알파인경기장),강원특별자치도 정선군 북평면 숙암리 482,37.474902,128.611598
2444,정선군청,강원특별자치도 정선군 정선읍 봉양리 267,37.380487,128.661244
8029,철원지사(공용),강원특별자치도 철원군 갈말읍 군탄리 1028-199,38.1475408,127.3025953
327,철원지사,강원특별자치도 철원군 갈말읍 군탄리 1028-199,38.1475408,127.3025953
5502,태백국민체육센터,강원특별자치도 태백시 황지동 244-52,37.1626942,128.9853555
5500,고한시장,강원특별자치도 정선군 고한읍 고한리 61-1,37.1995218,128.8553009
5499,동점동소방학교,강원특별자치도 태백시 동점동 산 2,37.103974,129.0407081
5498,태백 하나로마트,강원특별자치도 태백시 황지동 59-192,37.1657169,128.9861499
5403,황연동행정복지센터,강원특별자치도 태백시 황지동 274-735,37.1786689,128.9867396
4692,종합경기장,강원특별자치도 태백시 문곡동 10-3,37.1355071,129.0028772
4658,태백시보건소,강원특별자치도 태백시 황지동 20-8,37.1764395,128.9923471
4654,철암동보건소,강원특별자치도 태백시 철암동 349-18,37.1172713,129.0397967
2446,강원랜드,강원특별자치도 정선군 사북읍 사북리 424,37.212817,128.822428
2109,이마트 태백점,강원특별자치도 태백시 화전동 113,37.200291,128.961705
267,태백지사,강원특별자치도 태백시 황지동 201-22,37.158349,128.987216
5324,더위사냥축제장,강원특별자치도 평창군 대화면 대화리 1150-3,37.5030721,128.4506025
5323,대화면문화체육관,강원특별자치도 평창군 대화면 대화리 978-1,37.4988544,128.4574749
5322,평창군보건의료원,강원특별자치도 평창군 평창읍 하리 233,37.3690841,128.3906226
5321,평창군농업기술센터,강원특별자치도 평창군 평창읍 여만리 357-6,37.3780106,128.3951876
5320,평창교육지원청,강원특별자치도 평창군 평창읍 중리 240,37.3690524,128.4007561
5319,평창군어린이급식관리지원센터,강원특별자치도 평창군 평창읍 종부리 508-181,37.3610033,128.388453
5318,평창소방서,강원특별자치도 평창군 평창읍 후평리 737,37.3780689,128.3894732
270,평창지사,강원특별자치도 평창읍 중리 156-1,37.370874,128.403546
8030,홍천지사(공용),강원특별자치도 홍천군 홍천읍 연봉리 253-2,37.685455,127.877273
5782,홍천읍 장애인국민체육센터,강원특별자치도 홍천군 홍천읍 태학리 126-6,37.7065875,127.9060984
5781,홍천군 야구장,강원특별자치도 홍천군 홍천읍 결운리 9-4,37.729824,127.932514
5488,(고속도로)홍천휴게소 양양방향,강원특별자치도 홍천군 화촌면 군업리 산 240-5,37.7572718,128.0042462
5229,홍천 국민건강보험공단,강원특별자치도 홍천군 홍천읍 태학리 310,37.7064903,127.9073078
3434,(고속도로)철정휴게소,강원특별자치도 홍천군 두촌면 철정리 991-6,37.800317,127.987177
3406,농어촌공사 홍천·춘천지사,강원특별자치도 홍천군 홍천읍 결운리 467,37.708185,127.909417
3386,(고속도로)화양강휴게소,강원특별자치도 홍천군 두촌면 철정리 978-6,37.799415,127.988075
1877,홍천오드카운티,강원특별자치도 홍천군 홍천읍 갈마곡리 549,37.69791,127.9016084
265,홍천지사,강원특별자치도 홍천군 홍천읍 연봉리 253-2,37.685455,127.877273
5788,하남면사무소,강원특별자치도 화천군 하남면 원천리 444-2,38.0578041,127.6679649
3933,화천지사,강원특별자치도 화천군 화천읍 상리 2-26,38.1109337,127.7078887
3720,한국전력 화천지사,강원특별자치도 화천군 화천읍 상리 2-26,38.1109337,127.7078887
5845,횡성탁구전용체육관,강원특별자치도 횡성군 횡성읍 북천리 126,37.4969463,127.9914898
5504,안흥찐빵모락모락마을,강원특별자치도 횡성군 안흥면 안흥리 1063,37.410166,128.15595
5503,강림 건강복지센터,강원특별자치도 횡성군 강림면 강림리 803-2,37.3607285,128.1288867
5232,묵계농공단지,강원특별자치도 횡성군 횡성읍 묵계리 43-3,37.4715126,127.9800315
4959,둔방1리 마을회관 충전소,강원특별자치도 횡성군 둔내면 둔방내리 577-8,37.5135345,128.2100745
4958,SG마트 충전소,강원특별자치도 횡성군 횡성읍 교항리 31-1,37.4844334,127.98229
4642,우천일반산업단지,강원특별자치도 횡성군 우천면 상하가리 440,37.4939151,128.0611451
4641,공근농공단지,강원특별자치도 횡성군 공근면 초원리 662-5,37.5277509,127.91349
4640,만세공원,강원특별자치도 횡성군 횡성읍 읍상리 545-1,37.4883076,127.9869728
3725,횡성국민체육센터,강원특별자치도 횡성군 횡성읍 읍하리 260,37.4907598,127.9779208
3719,먹거리단지,강원특별자치도 횡성군 횡성읍 곡교리 128-2,37.4605331,127.9747258
1049,원흥2차 아파트,강원특별자치도 횡성군 횡성읍 읍하리 395-2,37.4953131,127.9835463
846,대동황토방 아파트,강원특별자치도 횡성군 횡성읍 읍하리 518,37.4938911,127.9870377
326,횡성지사 전기차 충전소 1,강원특별자치도 횡성군 횡성읍 읍하리 561-7,37.4889491,127.9828043
7076,충청북도보건환경연구원(편의제공형),충북 청주시 흥덕구 오송읍 연제리 676,36.6358582,127.323306
5750,충청북도청주의료원,충청북도 청주시 서원구 사직동 554-6,36.6410399,127.4739672
5566,강서2동 행정복지센터,충청북도 청주시 흥덕구 송절동 838,36.6660957,127.453721
4819,청주전력지사,충청북도 청주시 서원구 남이면 척산리 50,36.553431,127.460316
4129,청주가경아이파크1단지,충청북도 청주시 흥덕구 가경동 2220,36.617649,127.431321
4128,가경벽산아파트,충청북도 청주시 흥덕구 가경동 762,36.632185,127.432383
4127,리버파크자이아파트,충청북도 청주시 흥덕구 옥산면 가락리 981,36.676253,127.391065
4121,충북 MBC,충청북도 청주시 흥덕구 가경동 352-8,36.618829,127.434936
3844,봉명2송정동 행정복지센터,충청북도 청주시 흥덕구 주현로 41번길 18,36.644889,127.457867
3508,충북직할,충청북도 청주시 서원구 성화동 829,36.6152481,127.4505333
3409,KBS 방송국,충청북도 청주시 서원구 성화동 456,36.6193289,127.4562108
3245,사창 대원칸타빌,충청북도 청주시 서원구 사창동 예체로67번길 87,36.631966,127.462913
2752,청주아름다운나날2차,충청북도 청주시 흥덕구 복대동 3033,36.6344171,127.4335626
2716,개신푸르지오아파트,충청북도 청주시 서원구 개신동 634,36.6194218,127.4470455
2586,충청북도보건환경연구원,충청북도 청주시 흥덕구 오송읍 연제리 676,36.63567,127.322569
2301,형석2차아파트,충청북도 청주시 흥덕구 가경동 766,36.6319137,127.4370717
2117,이마트 청주점,충청북도 청주시 서원구 미평동 123-1,36.6017,127.474783
1886,산남부영사랑으로,충청북도 청주시 서원구 산남동 1094,36.6081338,127.4729473
1885,분평계룡리슈빌2단지,충청북도 청주시 서원구 분평동 262,36.6130539,127.4784883
1884,분평계룡리슈빌1단지,충청북도 청주시 서원구 분평동 274,36.6123626,127.4788511
1476,하복대벽산 아파트,충청북도 청주시 흥덕구 복대동 2606,36.6356454,127.4247386
1475,청주푸르지오캐슬 아파트4단지,충청북도 청주시 서원구 사직동 937,36.6296758,127.4668128
1474,청주푸르지오캐슬 아파트1단지,충청북도 청주시 서원구 사직동 931,36.6320753,127.4702659
1473,청원신성미소지움 아파트,충청북도 청주시 흥덕구 강내면 탑연리 388,36.622085,127.3612281
1472,세원테마빌,충청북도 청주시 흥덕구 복대동 2607,36.6346609,127.42546
1471,성화다안채,충청북도 청주시 서원구 성화동 1034,36.6116543,127.4515468
1470,산남푸르지오,충청북도 청주시 서원구 산남동 679,36.608075,127.464497
1469,봉명아이파크,충청북도 청주시 흥덕구 봉명동 2752,36.6517119,127.4598292
1468,모충두산한솔 아파트,충청북도 청주시 서원구 모충동 473,36.625883,127.4771699
1467,개신삼익1차 아파트,충청북도 청주시 서원구 개신동 1-1,36.6270074,127.4669869
1466,가경호반베르디움,충청북도 청주시 흥덕구 가경동 1759,36.6223786,127.4277732
1465,(봉명)두진하트리움 아파트,충청북도 청주시 흥덕구 봉명동 2758,36.6519271,127.4579112
1057,삼호 아파트,충청북도 청주시 서원구 모충동 446-20,36.6280923,127.4757843
1056,두산위브지웰시티,충청북도 청주시 흥덕구 복대동 3381,36.642305,127.429348
1055,금호어울림2단지,충청북도 청주시 흥덕구 복대동 3367,36.64031,127.436673
1054,금호어울림 아파트,충청북도 청주시 흥덕구 복대동 3366,36.640225,127.433954
1053,개신두진백로1차 아파트,충청북도 청주시 서원구 개신동 443,36.6248731,127.4684172
516,청주푸르지오캐슬5단지 아파트,충청북도 청주시 서원구 사직동 934,36.6296304,127.4694584
515,청주푸르지오캐슬3단지 아파트,충청북도 청주시 서원구 사직동 928,36.6317828,127.4682827
514,청주푸르지오캐슬2단지 아파트,충청북도 청주시 서원구 사직동 927,36.632937,127.4684238
513,개신삼익2차 아파트,충청북도 청주시 서원구 개신동 11,36.628059,127.464136
512,가경한라비발디 아파트,충청북도 청주시 흥덕구 가경동 1761,36.621191,127.426612
121,오송역(KTX),충청북도 청주시 흥덕구 오송읍 궁평리 368-1,36.619997,127.329997
54,충북직할(공용),충청북도 청주시 서원구 성화동 829,36.6152481,127.4505333
5040,단양지사,충청북도 단양군 단양읍 별곡리 306,36.98664,128.3675002
5028,별방민원센터,충청북도 단양군 영춘면 장발리 221-1,37.0944765,128.4172041
4123,단양군청,충청북도 단양군 단양읍 별곡리 300,36.9847022,128.3658216
2592,매포읍사무소,충청북도 단양군 매포읍 평동리 277-2,37.0321697,128.3031028
2571,도담삼봉,충청북도 단양군 매포읍 하괴리 84-1,37.001158,128.341919
2570,단양보건소,충청북도 단양군 단양읍 상진리 84,36.981588,128.350968
1495,단양성원 아파트,충청북도 단양군 단양읍 별곡리 570,36.985518,128.37047
8137,동청주지사(공용),충청북도 청주시 청원구 우암동 343-1,36.648365,127.486831
7058,충북도청(24년),충북 청주시 상당구 문화동 89,36.6359915,127.490616
5755,충북도청,충청북도 청주시 상당구 문화동 89,36.6359126,127.4906379
5039,충북 테크노파크,충청북도 청주시 청원구 오창읍 양청리 685-3,36.7227559,127.4298719
5030,충북소방본부 재난체험관,충청북도 청주시 상당구 월오동 181,36.6199701,127.5455817
5027,오창 노외주차장,충청북도 청주시 청원구 오창읍 각리 641-15,36.7059819,127.4343072
4457,청주공항,충청북도 청주시 청원구 내수읍 입상리 79-9,36.7245289,127.4960386
4456,청주시립도서관,충청북도 청주시 상당구 용암동 2098,36.6123693,127.5058845
4131,율량삼성아파트2차,충청북도 청주시 청원구 율량동 1180,36.6678327,127.4792938
4130,율량동아아파트,충청북도 청주시 청원구 율량동 1569,36.6642595,127.4824479
3847,미동산수목원,충청북도 청주시 상당구 미원면 미원리 16,36.625647,127.663789
3220,우미린에듀파크2단지,충청북도 청주시 상당구 용담동 467,36.6357633,127.5117056
2959,우림필유1차아파트,충청북도 청주시 청원구 오창읍 각리 638-1,36.708974,127.429209
2715,용암덕성그린아파트,충청북도 청주시 상당구 용암동 2085,36.6094771,127.5099141
2666,율량제일풍경채,충청북도 청주시 청원구 율량동 2451,36.6588872,127.5103745
2574,청원구청,충청북도 청주시 청원구 우암동 354-23,36.650882,127.486301
2573,청주랜드,충청북도 청주시 상당구 명암동 70,36.649544,127.515195
2572,청원보건소,충청북도 청주시 청원구 오창읍 각리 639-1,36.710355,127.430964
2432,대원칸타빌2차아파트,충청북도 청주시 청원구 주성동 1023,36.673121,127.494253
2397,장자마을10단지 부영아파트,충청북도 청주시 상당구 금천동 318,36.6271987,127.5101119
1890,주원애뜰2차빌라,충청북도 청주시 상당구 남일면 효촌리 32,36.5871369,127.5102976
1888,율량삼성 아파트,충청북도 청주시 청원구 율량동 1184,36.6690484,127.4797303
1490,중흥마을1단지,충청북도 청주시 상당구 용암동 2542,36.619216,127.511212
1489,주성동대원칸타빌1단지 아파트,충청북도 청주시 청원구 주성동 335,36.6734232,127.4977819
1488,장자마을현대 아파트,충청북도 청주시 상당구 금천동 270,36.6320514,127.5089875
1487,은곡천일 아파트,충청북도 청주시 청원구 내수읍 은곡리 302,36.7106946,127.5252743
1486,율량현대산업개발 아파트,충청북도 청주시 청원구 율량동 1206,36.6696118,127.4828211
1484,율량대원칸타빌4차 아파트,충청북도 청주시 청원구 율량동 2246,36.661424,127.50557
1483,율량7단지선광로즈웰1차 아파트,충청북도 청주시 청원구 율량동 2080,36.668386,127.5001985
1482,오창중앙하이츠빌 아파트,충청북도 청주시 청원구 오창읍 각리 637-6,36.7092319,127.4245798
1480,내수덕일한마음 아파트,충청북도 청주시 청원구 내수읍 은곡리 301,36.708674,127.526019
1479,금천수정 아파트,충청북도 청주시 상당구 금천동 115-1,36.6231231,127.5076022
1062,율량선광로즈웰2차 아파트,충청북도 청주시 청원구 주성동 336,36.672291,127.499973
1061,율량대원칸타빌3차,충청북도 청주시 청원구 주성동 337,36.670523,127.499872
1060,용암덕일마이빌 아파트,충청북도 청주시 상당구 용암동 2537,36.6166193,127.5118893
1059,남광하우스토리B단지,충청북도 청주시 청원구 사천동 684,36.6613545,127.4727488
1058,남광하우스토리A단지,충청북도 청주시 청원구 사천동 683,36.6628551,127.4712175
511,장자마을8단지부영 아파트,충청북도 청주시 상당구 금천동 320,36.628943,127.511593
153,동청주지사,충청북도 청주시 청원구 우암동 343-1,36.648365,127.486831
5752,보은읍내지구대,충청북도 보은군 보은읍 이평리 103-2,36.48871,127.724
5630,내북면사무소,충청북도 보은군 내북면 창리 63-1,36.5780102,127.6637329
4992,탄부면 행정복지센터,충청북도 보은군 탄부면 하장리 347,36.4305367,127.7959496
4455,보은종합시장,충청북도 보은군 보은읍 삼산리 31-15,36.4829041,127.7193116
3520,보은지사,충청북도 보은군 보은읍 장신리 34,36.4810597,127.712199
3407,회인면사무소,충청북도 보은군 회인면 중앙리 172-2,36.494632,127.596769
2587,청산면사무소,충청북도 옥천군 청산면 지전리 74-3,36.346048,127.79219
2576,장안면사무소,충청북도 보은군 장안면 장안리 265-3,36.469779,127.7888737
2575,보은군보건소,충청북도 보은군 보은읍 삼산리 170-2,36.486257,127.716157
1477,프리미엄뷰 아파트,충청북도 보은군 보은읍 이평리 148,36.4843254,127.7261081
152,보은지사(공용),충청북도 보은군 보은읍 장신리 34,36.481509,127.711897
8138,영동지사(공용),충청북도 영동군 영동읍 부용리 220-1,36.166745,127.767301
5029,영동군 힐링사업소,충청북도 영동군 영동읍 매천리 193-3,36.1580758,127.7855678
4452,영동군 농업기술센터,충청북도 영동군 영동읍 부용리 610,36.1635869,127.7591534
3670,지평더웰2차아파트,충청북도 영동군 영동읍 부용리 416-1,36.179207,127.771582
851,영동설계주공 아파트,충청북도 영동군 영동읍 설계리 886,36.188582,127.780958
52,영동지사,충청북도 영동군 영동읍 부용리 220-1,36.166745,127.767301
7061,한국전력공사 옥천지사,충북 옥천군 옥천읍 삼양리 222-178,36.3042084,127.5671476
5799,충청북도 남부출장소,충청북도 옥천군 옥천읍 문정리 331,36.302718,127.579942
4985,옥천지사,충청북도 옥천군 옥천읍 삼양리 222-178,36.3042084,127.5671476
4984,옥천보건소 공영주차장,충청북도 옥천군 옥천읍 삼양리 161-108,36.3040426,127.5694203
4983,옥천군청,충청북도 옥천군 옥천읍 삼양리 174,36.306278,127.5713543
3398,시외버스 공영주차장,충청북도 옥천군 옥천읍 삼양리 42-9,36.307169,127.564357
3336,가화현대아파트,충청북도 옥천군 옥천읍 가화3길 18,36.304012,127.562035
2593,군서면사무소,충청북도 옥천군 군서면 동평리 587-1,36.279622,127.527063
2578,군북면사무소,충청북도 옥천군 군북면 이백리 346-42,36.330058,127.534693
2577,이원면사무소,충청북도 옥천군 이원면 강청리 47-1,36.246048,127.619422
8139,음성지사(공용),충청북도 음성군 음성읍 읍내리 335,36.934189,127.694946
5753,음성경찰서,충청북도 음성군 음성읍 신천리 172,36.926364,127.6896644
5329,소이면 행정복지센터,충청북도 음성군 소이면 대장리 145-3,36.9234676,127.7575278
4458,한국농어촌공사 음성지사,충청북도 음성군 음성읍 사정리 1135,36.9726724,127.623486
3710,음성태영아파트,충청북도 음성군 음성읍 읍내리 353-11,36.933051,127.693523
2589,음성체육관,충청북도 음성군 음성읍 읍내리 420-1,36.930412,127.685527
2579,맹동면사무소,충청북도 음성군 맹동면 쌍정리 137-9,36.929714,127.562492
1493,음성금광포란재 아파트,충청북도 음성군 음성읍 신천리 149,36.920242,127.686863
1492,금왕두진하트리움3,충청북도 음성군 금왕읍 금석리 340-7,36.987599,127.594668
1063,유수장미 아파트,충청북도 음성군 금왕읍 무극리 503,36.992646,127.589474
307,음성지사,충청북도 음성군 음성읍 읍내리 335,36.934189,127.694946
8140,제천지사(공용),충청북도 제천시 의림동 117,37.139111,128.206598
5751,제천시교육지원청,충청북도 제천시 청전동 470,37.1464335,128.202298
5000,비점오염저감시설 주차장,충청북도 제천시 영천동 1908,37.1248536,128.1977789
4758,중부건설본부 충북강원건설지사,충청북도 제천시 청전동 14-3,37.1540877,128.2150884
4454,백운면 행정복지센터,충청북도 제천시 백운면 평동리 209-2,37.1375802,128.0257545
4124,교동 행정복지센터,충청북도 제천시 장락동 674,37.1462378,128.2218564
3846,제천시민공원,충청북도 제천시 청전동 110-7,37.1495483,128.2168547
3671,고암두진백로1차,충청북도 제천시 고암동 1101,37.1593159,128.2182424
2121,이마트 제천점,충청북도 제천시 강제동 684,37.1232073,128.2229005
2120,남제천 하나로마트,충청북도 제천시 수산면 수산리 694-7,36.934908,128.178305
1895,하소현대힐스테이트,충청북도 제천시 하소동 156,37.136938,128.196556
1494,제천장락롯데캐슬 아파트,충청북도 제천시 장락동 1046,37.158283,128.222938
1064,극동 아파트,충청북도 제천시 신백동 208-5,37.129181,128.226148
850,동현현대 아파트,충청북도 제천시 동현동 29-2,37.136678,128.218042
53,제천지사,충청북도 제천시 의림동 117,37.139111,128.206598
8141,증평괴산지사(공용),충청북도 증평군 증평읍 장동리 84,36.789292,127.58803
6719,증평괴산지사 사옥,충북 증평군 증평읍 장동리 84,36.789068,127.5880686
4987,괴산 수산식품거점단지,충청북도 괴산군 괴산읍 대덕리 585,36.8085526,127.8185608
4759,문광면 주민센터,충청북도 괴산군 문광면 광덕리 244-1,36.789908,127.785023
4451,증평군립도서관,충청북도 증평군 증평읍 송산리 816,36.7895762,127.5798279
4122,괴산문화체육센터,충청북도 괴산군 괴산읍 서부리 664,36.814209,127.786455
3841,괴산군 고추유통센터,충청북도 괴산군 괴산읍 동부리 236-1,36.8129643,127.7974752
3452,증평문화회관,충청북도 증평군 증평읍 연탄리 239,36.7850713,127.570153
2590,증평종합스포츠센터,충청북도 증평군 증평읍 송산리 253,36.7872855,127.5729598
2588,칠성면사무소,충청북도 괴산군 칠성면 도정리 238-2,36.788082,127.863855
2581,도안문화센타,충청북도 증평군 도안면 화성리 96-22,36.8143974,127.6134863
1894,증평송산지평더웰,충청북도 증평군 증평읍 송산리 721,36.7893197,127.5734895
1491,증평대성베르힐,충청북도 증평군 증평읍 장동리 930,36.7899099,127.5891394
306,증평괴산지사,충청북도 증평군 증평읍 장동리 84,36.789292,127.58803
8142,진천지사(공용),충청북도 진천군 진천읍 읍내리 444,36.853979,127.435513
4991,하늘빛공원,충청북도 진천군 진천읍 장관리 732-59,36.8738938,127.4160214
4990,대소면 공영주차장,충청북도 진천군 대소면 태생리 658,36.9648069,127.4932119
4989,생거진천종합사회복지관,충청북도 진천군 진천읍 벽암리 570-1,36.861136,127.4394714
4988,진천산수산업단지,충청북도 진천군 덕산읍 산수리 1102,36.8967522,127.484698
4459,한국농어촌공사 진천지사,충청북도 진천군 진천읍 읍내리 271-1,36.8584364,127.4409146
4453,문백면전기전자농공단지,충청북도 진천군 문백면 문덕리 722,36.8425521,127.4628044
4450,대소면 행정복지센터,충청북도 음성군 대소면 오류리 70-3,36.9717775,127.4833613
4125,음성군 근로자종합복지관,충청북도 음성군 대소면 태생리 605,36.9656917,127.4960362
3672,리슈빌아파트,충청북도 진천군 덕산읍 두촌리 2487,36.9054441,127.5318845
3469,한국교육개발원,충청북도 진천군 덕산면 교학로 7,36.898485,127.536805
3389,덕산혁신 도시출장소,충청북도 진천군 덕산면 연미로 29,36.898573,127.52871
3388,문백면사무소,충청북도 진천군 문백면 옥성리 312-1,36.784785,127.437682
2957,대명루첸아파트,충청북도 진천군 진천읍 교성리 616,36.853289,127.44637
2594,농다리,충청북도 진천군 문백면 구곡리 156-3,36.830006,127.489605
2584,광혜원면사무소,충청북도 진천군 광혜원면 광혜원리 542-10,36.992765,127.435712
2583,덕산면사무소,충청북도 진천군 덕산읍 용몽리 637,36.913385,127.5094
2300,진천갑을아파트,충청북도 진천군 광혜원면 죽현리 202,36.9408617,127.428414
2114,국가기술표준원,충청북도 음성군 맹동면 두성리 1038,36.91322,127.550999
1887,영무예다음1차 아파트,충청북도 진천군 덕산읍 두촌리 2718,36.901827,127.530823
1478,LH쌍용예가 아파트,충청북도 음성군 맹동면 사예로 20,36.91187,127.539128
849,진천광혜원코아루 아파트,충청북도 진천군 광혜원면 광혜원리 1085,36.9902613,127.4361283
848,이노밸리 아파트,충청북도 음성군 맹동면 학예로 55,36.914035,127.542557
612,진천교성주공 아파트,충청북도 진천군 진천읍 교성리 144,36.8519636,127.4416982
155,진천지사,충청북도 진천군 진천읍 읍내리 444,36.853979,127.435513
8143,충주지사(공용),충청북도 충주시 봉방동 82-1,36.979645,127.916598
5756,충주전력지사,충청북도 충주시 금릉동 187-7,36.9993736,127.9195546
5596,충주시 농수산물도매시장,충청북도 충주시 목행동 426-4,37.0055878,127.9240083
5595,근로복지공단 충주지사,충청북도 충주시 봉방동 21-38,36.9729951,127.9219043
5330,월악산 선착장,충청북도 충주시 살미면 신당리 15,36.9134513,128.0677754
4945,용산상가 공영주차장,충청북도 충주시 용산동 60,36.9669283,127.9347531
4944,충주문화회관,충청북도 충주시 성내동 215,36.9706602,127.9371825
4943,지현동 사무소,충청북도 충주시 지현동 507,36.9682813,127.9322548
4942,건국대학교 글로벌캠퍼스,충청북도 충주시 단월동 322,36.9494498,127.9075399
4941,탄금호국제조정경기장,충청북도 충주시 중앙탑면 탑평리 137,37.0195494,127.8642281
4465,엄정면 행정복지센터,충청북도 충주시 엄정면 용산리 465-4,37.0865584,127.9149643
4464,노은면 행정복지센터,충청북도 충주시 노은면 연하리 539-2,37.0479638,127.7540745
4460,충주시청 민원주차장,충청북도 충주시 금릉동 700,36.9906087,127.92596
4126,중앙탑면 행정복지센터,충청북도 충주시 중앙탑면 탑평리 180-5,37.0289037,127.8570633
3845,평생학습관,충청북도 충주시 금릉동 183-1,36.996844,127.922559
3711,한라비발디아파트,충청북도 충주시 목행동 886,37.005871,127.918283
3410,수안보 증원회관,충청북도 충주시 수안보면 온천리 227-1,36.846926,127.989817
3408,성서동 공영주차장,충청북도 충주시 성서동 453,36.970633,127.930603
3397,대소원면 주민자치센터,충청북도 충주시 대소원면 대소리 241,36.9775923,127.8178664
3375,금릉주차장,충청북도 충주시 금릉동 735,36.9890731,127.9271827
3306,충주시티자이아파트,충청북도 충주시 중앙탑면 용전리 721,37.0179266,127.8321305
3285,충주푸르지오아파트,충청북도 충주시 봉방동 1046,36.977968,127.912695
2591,충주실내체육관,충청북도 충주시 교현동 500,36.982011,127.936914
2585,충주종합스포츠타운,충청북도 충주시 호암동 967,36.95803,127.914111
2304,호암리버빌아파트,충청북도 충주시 호암동 221-23,36.954265,127.938275
2302,계룡리슈빌2차아파트,충청북도 충주시 연수동 1763,36.989462,127.93219
2254,국민체육센터,충청북도 충주시 호암동 569,36.963094,127.926587
2119,이마트 충주점,충청북도 충주시 문화동 1024,36.971371,127.923844
1892,유원하나 아파트,충청북도 충주시 연수동 418,36.981071,127.941638
1891,세영첼시빌 아파트,충청북도 충주시 칠금동 628,36.986242,127.920151
55,충주지사,충청북도 충주시 봉방동 82-1,36.979645,127.916598
51,수안보연수원,충청북도 충주시 수안보면 조산공원길 64,36.8438596,127.9906742
6996,대전유아교육진흥원,대전 중구 사정동 510,36.295368,127.3861803
6831,대전 중구청,대전 중구 대흥동 499-1,36.3254843,127.421379
5712,대전충남직할(업무용),대전광역시 동구 용전동 9-7,36.358205,127.435381
5016,용운국제수영장,대전광역시 동구 용운동 301-1,36.324565,127.4657958
5015,대사동 제7노외공영주차장,대전광역시 중구 대사동 206-3,36.3140552,127.4226876
4904,대산학원,대전광역시 동구 대성동 295-1,36.2874965,127.4662837
4551,대사동 제6노외공영주차장,대전광역시 중구 대사동 129-6,36.3168522,127.4249409
4550,태평전통시장,대전광역시 중구 태평동 333-8,36.3258739,127.3978188
4370,중구 학생체육관,대전광역시 중구 문화동 202-1,36.3155299,127.4092411
4369,한국폴리텍Ⅳ대학 대전캠퍼스,대전광역시 동구 가양동 91-2,36.3500718,127.4555037
4278,목동 제2공영주차장,대전광역시 중구 목동 131-10,36.3294674,127.4091693
4205,문창시장 제2공영주차장,대전광역시 중구 문창동 122-8,36.3154444,127.4361104
4038,동구생활문화센터,대전광역시 동구 가오동 559-1,36.3041954,127.4589944
3345,문화마을금호어울림2단지,대전광역시 중구 문화동 1-38,36.320017,127.411978
3331,문화마을금호어울림1단지,대전광역시 중구 문화동 1-43,36.319688,127.409711
3161,천동휴먼시아2단지,대전광역시 동구 대전로542번길 78-1 (천동_휴먼시아2단지아파트),36.315261,127.448678
2702,쌍용예가아파트,대전광역시 중구 태평동 554,36.3234713,127.3969722
2701,센트럴파크3단지아파트,대전광역시 중구 문화동 1-3,36.3186857,127.4125966
2234,하우스토리2차아파트,대전광역시 중구 문화동 1-31,36.3199815,127.4146072
2128,㈜농협대전유통,대전광역시 중구 대둔산로 199번길 43,36.289046,127.377512
2127,전기공사협회 주차장,대전광역시 동구 용전동 21-9,36.3538737,127.4393269
1500,은어송마을2단지 아파트,대전광역시 동구 대성동 130,36.3018765,127.4583173
1499,신동아파밀리에 아파트,대전광역시 동구 홍도동 1003,36.3480596,127.4255593
1498,버드내마을 아파트2단지,대전광역시 중구 태평동 551,36.3205966,127.3906882
1497,버드내마을,대전광역시 중구 태평동 422-7,36.31835,127.3892087
852,센트럴자이1단지 아파트,대전광역시 중구 대흥동 912,36.3222347,127.4277298
614,은어송3단지,대전광역시 동구 가오동 496,36.3110924,127.460282
613,아침마을 아파트,대전광역시 동구 가양동 705,36.3407503,127.4397548
443,대전동구청 주차장,대전광역시 동구 동구청로 147,36.311223,127.454838
46,대전충남직할(공용),대전광역시 동구 용전동 9-7,36.358205,127.435381
8092,공주지사(공용),충청남도 공주시 우금티로 772,36.453694,127.133922
4982,공주치료감호소 입구,충청남도 공주시 반포면 봉곡리 산 1-21,36.4117673,127.2404333
4981,정안행정복지센터,충청남도 공주시 정안면 광정리 283-7,36.609179,127.1225923
4980,동학사주차장,충청남도 공주시 반포면 학봉리 923,36.3669939,127.2544566
4557,공주박물관,충청남도 공주시 웅진동 360,36.4660029,127.1115241
4556,공주의료원,충청남도 공주시 웅진동 266,36.4591447,127.109308
4555,공주대학교(정문),충청남도 공주시 신관동 182,36.4682945,127.1401203
4554,공주대학교(후문),충청남도 공주시 신관동 182,36.4682945,127.1401203
4553,중동공영주차타워,충청남도 공주시 중동 63,36.4548557,127.125708
4545,신관동공영주차타워,충청남도 공주시 신관동 639-3,36.4721282,127.1354647
4149,공주경찰서,충청남도 공주시 웅진동 242-12,36.4562559,127.1096255
3793,유구농협하나로타운,충청남도 공주시 유구읍 석남리 297,36.5528428,126.9533833
3792,마곡사 주차장,충청남도 공주시 사곡면 운암리 731-2,36.5561652,127.0204234
3632,공주월송흥화하브아파트,충청남도 공주시 금흥동 628,36.4784465,127.1511778
1514,덕성공원빌리지,충청남도 공주시 산성동 158,36.4602025,127.125781
150,공주지사,충청남도 공주시 우금티로 772,36.453694,127.133922
8093,금산지사(공용),충청남도 금산군 금산읍 아인리 198-5,36.107525,127.482885
7336,금산지사(업무용),충남 금산군 금산읍 아인리 198-5,36.1074157,127.4831886
4940,금산군 주차타워,충청남도 금산군 금산읍 상리 18-1,36.108756,127.4868888
4939,진산행정복지센터,충청남도 금산군 진산면 읍내리 600-1,36.144362,127.370628
4552,금산다락원(금산역사문화박물관),충청남도 금산군 금산읍 중도리 203-28,36.1138582,127.4920683
4161,금산군 치매안심센터,충청남도 금산군 금산읍 중도리 214-3,36.1097165,127.4933169
2523,금산수삼센터주차장,충청남도 금산군 금산읍 중도리 22-1,36.0989997,127.4964147
1908,금산렉시움,충청남도 금산군 금산읍 아인리 5,36.106211,127.484684
313,금산지사,충청남도 금산군 금산읍 아인리 198-5,36.107525,127.482885
5854,논산지사(업무용),충청남도 논산시 취암동 103-3,36.1930528,127.0990844
5844,부창동 공영주차장 초급속 전기차충전소,충청남도 논산시 대교동 203-97,36.2038866,127.0791272
5003,양촌농협 본점,충청남도 논산시 양촌면 인천리 245-1,36.1362765,127.2394569
5002,양촌농협 산지유통물류센터,충청남도 논산시 양촌면 채광리 358-3,36.1308253,127.252109
4999,(고속도로)벌곡휴게소 논산방향,충청남도 논산시 벌곡면 신양리 475,36.2177405,127.2733044
4780,강경읍사무소,충청남도 논산시 강경읍 대흥리 7,36.157164,127.0147664
4779,중앙2리주차장,충청남도 논산시 강경읍 중앙리 81-1,36.1612144,127.018618
4548,논산계룡교육지원청,충청남도 논산시 취암동 307-2,36.2023261,127.0935698
4547,연산전통시장,충청남도 논산시 연산면 연산리 367-13,36.2155316,127.2161554
4544,연무안심시장,충청남도 논산시 연무읍 안심리 19-31,36.1289273,127.0990121
4542,논산시 농업기술센터,충청남도 논산시 부적면 덕평리 40-8,36.2132,127.14255
4541,강경대흥시장,충청남도 논산시 강경읍 대흥로 23-1 (대흥리),36.15589,127.01357
4539,강경젓갈시장,충청남도 논산시 강경읍 염천리 20,36.1613087,127.0143416
4538,화지시장,충청남도 논산시 화지동 41-119,36.20836,127.08648
4537,논산시 문화예술회관,충청남도 논산시 내동 279-4,36.19074,127.0947
4077,국방대학교,충청남도 논산시 양촌면 거사리 230,36.178488,127.208956
3700,힐스테이트자이논산,충청남도 논산시 내동 1105,36.181891,127.101681
3634,인터불고코아루아파트,충청남도 논산시 대교동 340,36.21207,127.089494
3633,취암리슈빌아파트,충청남도 논산시 취암동 1081,36.200368,127.095557
3453,논산 농협하나로마트,충청남도 논산시 대학로 48,36.177494,127.102858
2398,강산동신아파트,충청남도 논산시 강산동 645,36.1915805,127.0894153
2235,아주아파트,충청남도 논산시 내동 968,36.1878162,127.0979776
1899,논산제이파크2단지 아파트,충청남도 논산시 내동 272-7,36.189744,127.0975425
1898,논산대림 아파트,충청남도 논산시 부창동 209-4,36.1981428,127.0842611
1507,논산부영 아파트,충청남도 논산시 강산동 643,36.1931323,127.0884431
854,연무기산 아파트,충청남도 논산시 연무읍 동산리 903-17,36.1338589,127.1014779
8094,당진지사(공용),충청남도 당진시 천변2길 123,36.887062,126.6400336
4979,신성대학교,충청남도 당진시 정미면 덕마리 220,36.8534028,126.5955567
4978,당진교육문화스포츠센터,충청남도 당진시 읍내동 219-94,36.8935542,126.6329677
4975,복운3리 공영주차장,충청남도 당진시 송악읍 복운리 1674-1,36.9410822,126.7839198
4974,송악사회복지관,충청남도 당진시 송악읍 중흥리 367,36.9375825,126.7426206
4973,가교2리마을회관,충청남도 당진시 송악읍 가교리 352,36.8735538,126.6946596
4683,당진화력본부 주차장,충청남도 당진시 석문면 교로리 974,37.0569243,126.5097387
4673,당진전력문화홍보관 주차장,충청남도 당진시 석문면 교로리 983-1,37.0539353,126.49665
4243,정미면주민자치센터 주차장,충청남도 당진시 정미면 천의리 289-11,36.8837817,126.5695207
4073,기지시줄다리기박물관,충청남도 당진시 송악읍 기지시리 49-1,36.8960432,126.694986
4072,충청남도 당진교육지원청,충청남도 당진시 대덕동 1807,36.8844959,126.6362355
4071,대호지면사무소,충청남도 당진시 대호지면 조금리 183,36.8999125,126.5039494
3419,농어촌공사 당진지사,충청남도 당진시 읍내동 306-8,36.9008873,126.6360957
3359,송산청광플러스원아파트,충청남도 당진시 송산면 송산로 864-10,36.961899,126.699409
3199,청광플러스원,충청남도 당진시 읍내동 당진중앙2로 184,36.895832,126.63445
3086,솔뫼성지,충청남도 당진시 우강면 송산리 108,36.8191466,126.7845264
3085,삽교호관광지,충청남도 당진시 신평면 삽교천길 90-3 (운정리),36.887295,126.824787
2125,당진농협 하나로마트,충청남도 당진시 대덕동 376-1,36.8849064,126.6483955
1910,원당이안 아파트,충청남도 당진시 원당동 1257,36.905244,126.6441853
1909,당진하늘채,충청남도 당진시 읍내동 1061,36.8920407,126.6407422
1522,채운공원휴먼빌,충청남도 당진시 채운동 1124,36.8913482,126.621079
1520,대덕마을5단지,충청남도 당진시 대덕동 1875,36.8829219,126.644742
1519,당진신평LIG리가 아파트,충청남도 당진시 신평면 금천리 1642,36.8835829,126.777326
1518,당진롯데캐슬 아파트,충청남도 당진시 송악읍 반촌리 987,36.903792,126.6969608
1517,당진1차푸르지오,충청남도 당진시 읍내동 1451,36.8990478,126.625836
620,삼성쉐르빌 아파트,충청남도 당진시 채운동 1117,36.8967348,126.6209352
485,송악e편한세상 아파트,충청남도 당진시 송악읍 가학리 690,36.9051435,126.6951553
442,당진 왜목마을 주차장,충청남도 당진시 석문면 교로리 847-71,37.0447344,126.5244873
45,당진지사,충청남도 당진시 천변2길 123,36.887062,126.6400336
8095,보령지사(공용),충청남도 보령시 옥마로 60,36.337558,126.622671
5078,원산도공영주차장,충청남도 보령시 오천면 원산도리 746-8,36.3692439,126.4266839
5047,남포면사무소 공용전기차 충전시설,충청남도 보령시 남포면 옥서리 326-1,36.30437,126.6050293
4377,농업기술센터,충청남도 보령시 주포면 관산리 432,36.3971888,126.5721388
4371,대천4동행정복지센터,충청남도 보령시 명천동 1115,36.3379759,126.6079464
3255,e편한세상보령아파트,충청남도 보령시 동대동 한내로터리길 170,36.352747,126.617353
487,한전사택1단지,충청남도 보령시 죽정동 658,36.359191,126.600162
486,KOMIPO행복마루,충청남도 보령시 동대동 347-6,36.349021,126.614602
309,보령지사,충청남도 보령시 옥마로 60,36.337558,126.622671
8096,한전 부여지사(공용),충청남도 부여군 부여읍 쌍북리 68-2,36.2832054,126.9304461
4998,부여농협 하나로마트,충청남도 부여군 부여읍 석목리 143-7,36.2840755,126.9314036
4997,구룡면 행정복지센터,충청남도 부여군 구룡면 태양리 85-4,36.2522475,126.8135397
4996,옥산면 행정복지센터,충청남도 부여군 옥산면 안서리 368-1,36.1915599,126.7333349
4995,내산면 행정복지센터,충청남도 부여군 내산면 운치리 452,36.2747775,126.7807072
4994,외산면 행정복지센터,충청남도 부여군 외산면 만수리 5-2,36.303984,126.7046617
4993,규암면 행정복지센터,충청남도 부여군 규암면 규암리 산 12-1,36.2749587,126.8839227
4765,한전 부여지사,충청남도 부여군 부여읍 쌍북리 68-2,36.2832054,126.9304461
4368,부여군 농업기술센터,충청남도 부여군 규암면 노화리 325-54,36.2592955,126.8439454
4367,석성면 주민자치센터,충청남도 부여군 석성면 증산리 1207-1,36.2515222,127.0029014
4231,장암면 행정복지센터,충청남도 부여군 장암면 석동리 658-1,36.2432532,126.8863525
4065,부여읍 행정복지센터,충청남도 부여군 부여읍 동남리 692,36.275517,126.911279
3098,국립부여박물관,충청남도 부여군 부여읍 동남리 산 16-1,36.276712,126.916621
615,무지개 아파트(부여),충청남도 부여군 규암면 흥수로 771-5,36.273122,126.865941
8097,서대전지사(공용),대전광역시 서구 변동중로 39,36.328561,127.372752
5842,대전서부경찰서,대전광역시 서구 복수동 292-14,36.3086364,127.3728622
5791,남선공원 공영주차장,대전광역시 서구 탄방동 1084,36.3483203,127.3990748
5220,대전도시철도공사,대전광역시 서구 월평동 160-20,36.3485946,127.3527357
5219,올림픽기념국민생활관,대전광역시 서구 갈마동 820-1,36.3546495,127.3734871
5053,가장동 공영주차장,대전광역시 서구 가장동 27-1,36.3301871,127.3888744
5052,계룡역 공영주차장,충청남도 계룡시 두마면 두계리 134-1,36.2721137,127.2622567
5051,금암동 주민센터,충청남도 계룡시 금암동 180-1,36.2727463,127.2462801
5050,금암동 공영주차장,충청남도 계룡시 금암동 155-1,36.2732947,127.2542564
5049,대전정수원,대전광역시 서구 정림동 258-13,36.314975,127.3601091
4195,괴정동 공영주차장,대전광역시 서구 괴정동 80-42,36.337478,127.3843194
4194,한민시장 공영주차장,대전광역시 서구 괴정동 88-1,36.3353828,127.3836046
4192,도마큰시장 공영주차장,대전광역시 서구 도마동 136-1,36.3155475,127.3844205
4166,은아아파트 5단지,대전광역시 서구 가수원동 808,36.2986227,127.3554696
3800,대전 KBS,대전광역시 서구 만년동 300,36.3703878,127.3804195
3791,복수동 제2공영주차장,대전광역시 서구 복수동 644,36.299064,127.379711
3280,리가아파트,대전광역시 서구 탄방동 53-1,36.342666,127.388622
3198,무궁화아파트,대전광역시 서구 월평동 223,36.364153,127.377358
2889,도안리슈빌,대전광역시 서구 도안동로 123 (도안동_도안리슈빌),36.315011,127.346086
2838,구봉마을9단지아파트,대전광역시 서구 관저동 1154,36.294629,127.332244
2803,대자연마을아파트,대전광역시 서구 관저동 990,36.306094,127.337764
2743,다온숲3단지아파트,대전광역시 서구 관저동 1584,36.292773,127.337996
2728,샘머리아파트2단지,대전광역시 서구 둔산동 908,36.361399,127.392059
2647,한아름아파트,대전광역시 서구 월평동 222,36.363867,127.374875
2338,효성해링턴플레이스아파트,대전광역시 서구 관저동 1595,36.292977,127.340941
2337,한신아파트,대전광역시 서구 계룡로536번길 9 (괴정동_한신아파트),36.342021,127.382561
2260,대전시립연정국악원 주차장,대전광역시 서구 만년동 396,36.366711,127.389686
1919,파랑새 아파트,대전광역시 서구 둔산동 957,36.356392,127.375992
1916,엄사삼진 아파트,충청남도 계룡시 엄사면 번영3길 73-12,36.281601,127.239031
1914,삼성래미안 아파트2단지,대전광역시 서구 가장동 55,36.333942,127.386394
1913,삼성래미안 아파트1단지,대전광역시 서구 가장동 55,36.333393,127.384232
1912,무지개 아파트(서대전),대전광역시 서구 월평동 300,36.358527,127.376203
1539,큰마을 아파트,대전광역시 서구 갈마동 1418,36.345114,127.376451
1538,전원 아파트,대전광역시 서구 월평동 312,36.358848,127.365217
1534,상아 아파트,대전광역시 서구 만년동 1,36.370197,127.378621
1533,둔산플러스주상복합 아파트,대전광역시 서구 둔산동 1047,36.351341,127.374621
1531,도안아이파크 아파트,대전광역시 서구 도안동 1362,36.3229111,127.3465065
1530,도안베르디움 아파트,대전광역시 서구 원도안로 100 (도안동_도안 베르디움),36.312456,127.346983
1529,대우꿈나무 아파트,대전광역시 서구 둔산동 908-1,36.360285,127.391733
1525,갤러리빌4차,대전광역시 서구 둔산동 1141,36.345099,127.380292
1082,산호한양 아파트,대전광역시 서구 탄방동 계룡로571번길 65,36.344566,127.386551
866,도안18단지 린풀하우스 아파트,대전광역시 서구 가수원동 도안동로 77,36.309047,127.348232
626,수목토 아파트,대전광역시 서구 도안동 1364,36.320062,127.346238
448,대전 서구청 부설주차장,대전광역시 서구 둔산서로 100,36.354978,127.384369
446,대전광역시청 부설주차장,대전광역시 서구 둔산로 100,36.350731,127.386008
47,서대전지사,대전광역시 서구 변동중로 39,36.328561,127.372752
8098,서산지사(공용),충청남도 서산시 한마음16로 63,36.775126,126.45431
5633,서산전력지사,충청남도 서산시 성연면 오사리 1646,36.8292713,126.4448254
3002,동아더프라임아파트,충청남도 서산시 동문동 600,36.7899193,126.4550828
3000,서산한라비발디아파트,충청남도 서산시 동문동 1259,36.7828876,126.4658591
2845,서산 석림동 한성필하우스아파트,충청남도 서산시 석림동 590-1,36.7748467,126.4673665
2823,서산예천푸르지오아파트,충청남도 서산시 예천동 1270-1,36.7729154,126.446537
2788,서산읍내현대아파트,충청남도 서산시 읍내동 55,36.7756214,126.4459706
2305,산호옥마을아파트,충청남도 서산시 인지면 둔당리 307,36.7557393,126.4204811
1523,중앙하이츠빌 아파트,충청남도 서산시 석림동 416-1,36.7671955,126.4678129
151,서산지사,충청남도 서산시 한마음16로 63,36.775126,126.45431
5123,춘장대 해수욕장,충청남도 서천군 서면 도둔리 1-3,36.1631159,126.5272717
5056,서천국민체육센터,충청남도 서천군 마서면 남전리 762,36.0582647,126.6645827
5055,서천 어메니티복지마을,충청남도 서천군 종천면 종천리 34,36.1122867,126.6557357
5054,서천 치유의숲,충청남도 서천군 종천면 종천리 13-4,36.112272,126.6557358
4511,서천군청 주차장,충청남도 서천군 서천읍 군사리 356-10,36.0802512,126.6922632
4165,서천특화시장,충청남도 서천군 서천읍 군사리 686-4,36.0743692,126.6897557
4164,동백꽃 관광지,충청남도 서천군 서면 마량리 339-6,36.1330909,126.5008209
4163,홍원항,충청남도 서천군 서면 도둔리 1222-59,36.1562901,126.5001609
4069,농어촌공사 서천지사,충청남도 서천군 서천읍 사곡리 62-1,36.082695,126.699684
3506,서천지사,충청남도 서천군 장항읍 창선2리 236-1,36.013488,126.697541
48,서천지사(공용),충청남도 서천군 장항읍 창선2리 236-1,36.013488,126.697541
5850,아름동 공영주차타워,세종특별자치시 아름동 1352,36.5114035,127.2478548
5725,세종통합사옥 업무용 전기차 충전소2,세종특별자치시 소담동 568,36.4845161,127.3058451
5693,세종통합사옥 업무용 전기차 충전소,세종특별자치시 소담동 568,36.4848777,127.3059006
5638,세종통합사옥 공용 전기차 충전소,세종특별자치시 소담동 570,36.4845161,127.3058451
5637,세종통합사옥 공용(소담동 568),세종특별자치시 소담동 570,36.4853204,127.3049416
5223,조치원제2복합커뮤니티센터,세종특별자치시 조치원읍 신흥리 227-1,36.5951625,127.288304
5222,전의면119안전센터,세종특별자치시 전의면 서정리 148,36.6864176,127.1924539
5221,조치원소방서,세종특별자치시 조치원읍 침산리 40-2,36.6048129,127.2885538
5009,보건소신청사,세종특별자치시 조치원읍 신흥리 53-1,36.5960642,127.2925975
5008,세종시 청자장,세종특별자치시 조치원읍 상리 120-7,36.6022604,127.3012771
4577,세종호수공원제1주차장,세종특별자치시 연기면 세종리 1201,36.4917873,127.268907
4576,조치원주차타워,세종특별자치시 조치원읍 원리 12-11,36.6004012,127.297931
4575,보람동행정복지센터,세종특별자치시 보람동 631-4,36.4788999,127.2903766
4250,가온마을2단지,세종특별자치시 다정동 산 29,36.4951063,127.2423607
4074,고운동 복합커뮤니티센터(남측),세종특별자치시 고운동 1712,36.504542,127.2353075
3877,대평동 BRT전기버스 차고지,세종특별자치시 대평동 484-12,36.467974,127.2730367
3346,가재마을4단지,세종특별자치시 종촌동 도움3로 160,36.505395,127.24335
3332,첫마을2단지아파트,세종특별자치시 한솔동 노을1로 16,36.4810394,127.2604531
3281,호려울마을8,세종특별자치시 보람동 보람동로 14,36.47945,127.296308
3254,세종e편한세상,세종특별자치시 조치원읍 신안리 542,36.615581,127.286834
3253,범지기마을1단지아파트,세종특별자치시 아름동 1339,36.509576,127.242875
3212,도램마을13단지,세종특별자치시 도담동 632,36.516789,127.261966
3176,도램마을1단지아파트,세종특별자치시 도담동 845,36.510645,127.256778
3108,세종고용복지센터,세종특별자치시 조치원읍 터미널안길 60 (상리_세종고용복지플러스센터),36.601578,127.303447
3105,세종시청주차장,세종특별자치시 보람동 626-5,36.479641,127.287069
3065,도램마을18단지,세종특별자치시 도담동 636,36.514711,127.268074
3064,도램마을17단지,세종특별자치시 도담동 639,36.515766,127.264816
2979,도램15세종힐스테이트,세종특별자치시 도담동 859,36.513288,127.265501
2974,가재마을2단지아파트,세종특별자치시 종촌동 683,36.502992,127.244781
2905,세종더샵레이크파크아파트(한뜰마을3단지,세종특별자치시 어진동 613,36.505299,127.272673
2885,가재마을11단지,세종특별자치시 종촌동 654,36.503954,127.25223
2855,세종 새뜸마을 11단지(새롬동),세종특별자치시 새롬동 144,36.489719,127.254189
2846,가락마을4단지,세종특별자치시 고운동 1703,36.507277,127.236834
2840,범지기마을7단지아파트,세종특별자치시 아름동 1284,36.514515,127.24602
2806,새뜸마을3단지,세종특별자치시 새롬동 329,36.486162,127.246683
2802,도램마을16단지,세종특별자치시 도담동 639,36.513821,127.265621
2798,새뜸마을4단지,세종특별자치시 새롬동 373,36.48864,127.247235
2784,도램마을19단지,세종특별자치시 도담동 638,36.515817,127.266901
2780,가락마을20단지 호반베르디움아파트,세종특별자치시 고운동 1396,36.517115,127.240167
2695,가락마을3단지아파트,세종특별자치시 고운동 1708,36.506575,127.235929
2677,범지기8단지,세종특별자치시 아름동 1279,36.51392,127.249947
2658,새샘마을3단지아파트,세종특별자치시 소담동 333-10,36.484661,127.295578
2603,아름공영주차장,세종특별자치시 아름동 1352,36.511573,127.247795
2602,종촌공영주차장,세종특별자치시 종촌동 664,36.503891,127.249742
2525,2생활권 환승주차장2(B),세종특별자치시 나성동 778,36.4814314,127.2621495
2524,2생활권 환승주차장1(A),세종특별자치시 나성동 719,36.4810037,127.261276
2401,범지기 3단지,세종특별자치시 아름동 1297,36.517548,127.245281
2400,가락마을21단지,세종특별자치시 고운동 1390,36.517668,127.240615
1907,중흥S-클래스파크뷰가락마을15단지,세종특별자치시 고운동 1393,36.516921,127.236427
1906,욱일 아파트,세종특별자치시 조치원읍 침산리 89,36.602809,127.293256
1905,세종청정 아파트,세종특별자치시 연동면 명학리 255,36.529975,127.350913
1900,가락마을17단지,세종특별자치시 고운동 1386,36.517871,127.235775
1512,새샘마을9단지,세종특별자치시 소담동 325,36.488559,127.298958
1511,범지기마을10단지,세종특별자치시 아름동 1277,36.51674,127.250739
1510,가재마을3단지,세종특별자치시 종촌동 679,36.504987,127.243244
1509,가락마을9단지 아파트,세종특별자치시 고운동 1408,36.511089,127.229423
1076,조치원자이 아파트,세종특별자치시 조치원읍 죽림리 396,36.589198,127.288965
1074,가재마을9단지,세종특별자치시 종촌동 697,36.500598,127.253476
864,첫마을6단지,세종특별자치시 한솔동 974,36.475599,127.253035
863,첫마을3단지,세종특별자치시 한솔동 950,36.479601,127.260716
861,범지기마을12단지,세종특별자치시 아름동 1276,36.511953,127.251742
860,도램마을9단지,세종특별자치시 도담동 855,36.50984,127.263807
859,도램마을20단지,세종특별자치시 도담동 633,36.517034,127.263254
858,가재마을12단지,세종특별자치시 종촌동 652,36.50621,127.250687
857,가락마을22,세종특별자치시 고운동 1387,36.519406,127.239776
856,가락마을11단지,세종특별자치시 고운동 1409,36.51117,127.23001
855,가락마을10단지,세종특별자치시 고운동 1400,36.513885,127.229269
496,한뜰마을1단지,세종특별자치시 어진동 554,36.506949,127.266011
495,첫마을7단지,세종특별자치시 한솔동 978,36.473789,127.256165
494,범지기마을6단지,세종특별자치시 아름동 1357,36.510245,127.248815
493,범지기마을5단지,세종특별자치시 아름동 1353,36.510002,127.246642
492,도램마을5단지,세종특별자치시 도담동 627,36.51751,127.256506
491,가재마을10단지,세종특별자치시 종촌동 656,36.502807,127.252575
8099,아산지사(공용),충청남도 아산시 권곡동 541-1,36.787417,127.00747
4969,득산동 공영주차장 충전소,충청남도 아산시 득산동 389,36.7857396,126.9607358
4968,신정호주차타워 충전소,충청남도 아산시 방축동 410,36.7764497,126.9817663
4967,좌부동 공영주차장 충전소,충청남도 아산시 좌부동 74-1,36.7553447,127.032745
4966,방축동시민체육관 충전소,충청남도 아산시 방축동 22-5,36.77914,126.9849638
4964,제2테크노밸리 3공영주차장 충전소,충청남도 아산시 음봉면 신휴리 792,36.8995764,127.0648585
4963,영인산 3주차장 충전소,충청남도 아산시 영인면 아산리 산 56-1,36.8417392,126.9488709
4372,배방 제3공영주차장 충전소,충청남도 아산시 배방읍 공수리 1655,36.7753768,127.0561826
4242,둔포전통시장,충청남도 아산시 둔포면 둔포리 458-15,36.9301594,127.0374891
3794,아산경찰서 인재개발원,충청남도 아산시 무궁화로 111,36.740535,126.98714
3242,아산풍기이지더원1차,충청남도 아산시 풍기동 514,36.774084,127.016809
3164,아산밸리 이지더원6단지,충청남도 아산시 둔포면 석곡리 1793,36.9265124,127.0560398
3097,이순신종합운동장,충청남도 아산시 풍기동 366-1,36.7681761,127.0207255
3094,온양6동주민센터,충청남도 아산시 장존동 29-16,36.754773,127.019686
2975,더샵레이크시티3차아파트,충청남도 아산시 음봉면 동암리 714,36.843147,127.06605
2634,모종1차 한성필하우스 아파트,충청남도 아산시 모종동 617,36.785095,127.02083
2123,탕정농협 하나로마트,충청남도 아산시 탕정면 호산리 524-2,36.807935,127.073882
2122,아산원예농협 하나로마트,충청남도 아산시 방축동 101-4,36.784245,126.986707
1506,아산장재마을휴먼시아,충청남도 아산시 배방읍 장재리 1844,36.787336,127.111165
1072,용연마을휴먼시아2단지 아파트,충청남도 아산시 배방읍 장재리 1204,36.7935503,127.0915808
1071,와이시티 아파트,충청남도 아산시 배방읍 장재리 1767번지,36.797174,127.108421
308,아산지사,충청남도 아산시 권곡동 541-1,36.787417,127.00747
8100,예산지사(공용),충청남도 예산군 예산읍 산성리 87-6,36.6886787,126.8433622
5045,내포신도시 주차장-3,충청남도 예산군 삽교읍 목리 1941,36.6706537,126.6863136
5042,추모공원,충청남도 예산군 응봉면 평촌리 346-1,36.6402062,126.7746937
5041,예당관광지,충청남도 예산군 응봉면 후사리 123,36.6378368,126.7988571
5001,테크노파크 자동차센터,충청남도 예산군 예산읍 신례원리 433,36.7177107,126.8460438
4536,신양면사무소 충전소,충청남도 예산군 신양면 신양리 362-2,36.6013152,126.8677407
4535,산성리 역전시장 충전소,충청남도 예산군 예산읍 산성리 358-2,36.6878787,126.829068
4534,수철리 공영 충전소,충청남도 예산군 예산읍 수철리 445-1,36.7091312,126.8740537
3701,내포이지더원,충청남도 예산군 삽교읍 목리 894-1,36.663043,126.6706161
310,예산지사,충청남도 예산군 예산읍 산성리 87-6,36.6886787,126.8433622
8101,천안전력지사(공용),충청남도 천안시 동남구 구성동 267-1,36.7917457,127.1666482
5810,천안시 맑은물 사업본부,충청남도 천안시 동남구 신방동 719,36.7844853,127.1207505
5048,수신면 행정복지센터,충청남도 천안시 동남구 수신면 속창리 126-2,36.7308263,127.2812188
5046,독립기념관 충전소,충청남도 천안시 동남구 목천읍 남화리 230-1,36.7799524,127.2324583
4789,천안전력지사,충청남도 천안시 동남구 구성동 267-1,36.7917457,127.1666482
4449,직산읍 행정복지센터,충청남도 천안시 서북구 직산읍 삼은리 76-189,36.8787354,127.1505067
4448,북부스포츠센터,충청남도 천안시 서북구 성환읍 매주리 393-10,36.899686,127.1321949
4447,한국농어촌공사 천안,충청남도 천안시 동남구 원성동 470-5,36.8082751,127.1589432
4388,천안시 중앙시장 북측주차장,충청남도 천안시 동남구 오룡동 189-1,36.8041768,127.1494938
4387,천안시 차량등록사업소,충청남도 천안시 동남구 삼룡동 320-8,36.783955,127.1654662
4386,천안시 태학산 자연휴양림,충청남도 천안시 동남구 풍세면 삼태리 399-1,36.7280859,127.0923622
4385,천안시 광덕면 행정복지센터,충청남도 천안시 동남구 광덕면 신흥리 296-1,36.6986186,127.1111865
4384,천안 광덕산 광덕쉼터,충청남도 천안시 동남구 광덕면 광덕리 403-9,36.6736636,127.0532226
4383,천안시 농수산물도매시장 관리사업소,충청남도 천안시 서북구 신당동 488-1,36.8608713,127.1501024
4361,천안시 심야전기버스 충전소(차암동),충청남도 천안시 서북구 차암동 430,36.84013,127.1047312
3635,한화꿈에그린스마일시티아파트,충청남도 천안시 서북구 차암동 448,36.8415664,127.1016593
3507,천안지사,충청남도 천안시 서북구 동서대로 77,36.82658,127.131419
2941,불당이안아파트,충청남도 천안시 서북구 불당동 1503,36.819631,127.103061
1503,용곡1차세광엔리치타워 아파트,충청남도 천안시 동남구 용곡동 571,36.780111,127.140005
1502,신도브래뉴2차 아파트,충청남도 천안시 동남구 목천읍 신계리 166-36,36.7769413,127.2102447
1070,해피드림3차,충청남도 천안시 서북구 두정동 1417,36.8303156,127.1436137
1069,불당마을동일하이빌 아파트,충청남도 천안시 서북구 불당동 750,36.8081696,127.113103
619,펜타포트3블럭,충청남도 천안시 서북구 불당동 1289,36.7982883,127.1013753
618,청당마을신도브래뉴 아파트,충청남도 천안시 동남구 청당동 436,36.778692,127.141572
616,대동다숲 아파트,충청남도 천안시 서북구 불당동 820,36.805763,127.1115304
497,펜타포트1블럭,충청남도 천안시 서북구 불당동 1292,36.7998313,127.1010518
50,천안지사(공용),충청남도 천안시 서북구 동서대로 77,36.82658,127.131419
5044,군포시청소년수련원 전기차 충전소,충청남도 청양군 화성면 산정리 570,36.4036597,126.7125038
5043,한전 청양지사 사옥 충전소,충청남도 청양군 청양읍 벽천리 270-11,36.4447356,126.7986889
4360,한국전력 전기차충전소 목면사무소,충청남도 청양군 목면 안심리 585-7,36.4188773,127.0041813
4359,한국전력 전기차충전소 화성면사무소,충청남도 청양군 화성면 산정리 130-5,36.4274391,126.7171248
3702,애경사원아파트,충청남도 청양군 정산면 서정리 293-9,36.3982559,126.9422914
3550,한국전력공사 청양지사,충청남도 청양군 청양읍 벽천리 270-11,36.444877,126.798771
8102,태안지사(공용),충청남도 태안군 태안읍 남문리 692-5,36.747537,126.298746
5077,태안화력주차장,충청남도 태안군 원북면 방갈리 831,36.9035149,126.2310583
5076,태안보건의료원,충청남도 태안군 태안읍 평천리 698-6,36.7521784,126.3227689
5074,남문공용주차장II,충청남도 태안군 태안읍 남문리 156-3,36.7520814,126.2967198
3376,태안 서부전통시장,충청남도 태안군 태안읍 남문리 156-3,36.7521065,126.2967237
3102,근흥면사무소,충청남도 태안군 근흥면 용신리 453-2,36.713501,126.228399
2601,태안읍사무소 부설주차장,충청남도 태안군 태안읍 남문리 300-6,36.758208,126.296505
2526,만리포 보건진료소 부설주차장,충청남도 태안군 소원면 모항리 1393,36.782634,126.143817
2126,태안군청 부설주차장,충청남도 태안군 태안읍 남문리 90,36.744877,126.298886
1524,태안평천휴먼시아,충청남도 태안군 태안읍 동문리 59-1,36.750436,126.310383
865,진흥w-parkd 아파트,충청남도 태안군 태안읍 남문리 90-10,36.745969,126.297007
311,태안지사,충청남도 태안군 태안읍 남문리 692-5,36.747537,126.298746
8103,홍성지사(공용),충청남도 홍성군 홍성읍 충서로 1417-6,36.602349,126.652261
6959,충청남도보건환경연구원,충남 홍성군 홍북읍 신경리 890,36.6531456,126.667605
4965,남장리 공영주차장,충청남도 홍성군 홍성읍 남장리 94-1,36.5935683,126.6655522
4558,홍주성 옆 공영주차장,충청남도 홍성군 홍성읍 오관리 434-2,36.5998798,126.6628036
4233,광천전통시장,충청남도 홍성군 광천읍 광천리 200-16,36.5011218,126.6248032
4232,장곡면 행정복지센터,충청남도 홍성군 장곡면 도산리 489-1,36.5049492,126.6913229
3799,충청남도 교육청,충청남도 홍성군 홍북읍 신경리 544,36.6578978,126.67757
3046,대교공원 주차장,충청남도 홍성군 홍성읍 대교리 410-2,36.6046415,126.6641157
2530,구항면사무소 부설주차장,충청남도 홍성군 구항면 오봉리 735-1,36.5877447,126.6108473
2529,금마면사무소 부설주차장,충청남도 홍성군 금마면 부평리 438-5,36.611808,126.73229
2528,홍성읍사무소 부설주차장,충청남도 홍성군 홍성읍 오관리 474-7,36.596892,126.663076
1897,홍성효성해링턴플레이스,충청남도 홍성군 홍북읍 신경리 1169,36.651137,126.674854
1896,내포극동스타클래센트럴 아파트,충청남도 홍성군 홍북읍 신경리 928,36.653179,126.673407
1066,내포롯데캐슬,충청남도 홍성군 홍북읍 신경리 1168 내포신도시 롯데캐슬,36.652125,126.672624
312,홍성지사,충남 홍성군 홍성읍 월산리 852,36.6024781,126.6523497
5717,전력연구원 소내,대전광역시 유성구 문지동 103-16,36.391973,127.387964
5546,구즉동 행정복지센터,대전광역시 유성구 봉산동 294,36.4405872,127.3837022
5228,한국수자원공사 인재개발원,대전광역시 유성구 전민동 462-1,36.4056348,127.3973652
5227,한국수자원공사 대청공원,대전광역시 대덕구 미호동 57-4,36.4723782,127.4750359
5226,대전지방기상청,대전광역시 유성구 대학로 383 (구성동_대전지방기상청),36.3721328,127.3714548
5225,대전복용승마장,대전광역시 유성구 덕명동 산 10-2,36.3504632,127.3057739
5224,한국가스기술공사 본사,대전광역시 유성구 봉산동 839,36.4354854,127.3896311
5075,한국수자원공사,대전광역시 대덕구 신탄진로 200 (연축동_한국수자원공사),36.3975711,127.4234264
5073,법동생활체육공영주차장,대전광역시 대덕구 법동 439-1,36.374387,127.4282876
5072,카이스트 문지캠퍼스,대전광역시 유성구 문지동 103-6,36.3935004,127.4004537
5071,전민평생학습센터,대전광역시 유성구 엑스포로 438 (문지동_전민평생학습센터),36.3951097,127.4052523
5038,한국항공우주연구원,대전광역시 유성구 어은동 45,36.3753597,127.3560372
5037,카이스트,대전광역시 유성구 어은동 44,36.3745425,127.3603336
5036,구암평생학습센터,대전광역시 유성구 구암동 621-7,36.3493916,127.3300025
5035,원신흥도서관,대전광역시 유성구 원신흥동 560,36.3375704,127.337293
5034,노은도서관,대전광역시 유성구 지족동 871-6,36.3819266,127.3207838
5033,노은3동 행정복지센터,대전광역시 유성구 지족동 1024-2,36.3868157,127.3078709
4546,한국전자통신연구원,대전광역시 유성구 가정동 161,36.383049,127.3665235
4543,송촌공영주차장,대전광역시 대덕구 송촌동 478-2,36.3635403,127.4404228
4540,송촌주민센터 공영주차장,대전광역시 대덕구 송촌동 460-2,36.3664676,127.4389355
4116,대전경제통상진흥원,대전광역시 유성구 장동 23-14,36.3924704,127.360277
3798,전력연구원,대전광역시 유성구 문지로 105,36.390466,127.389728
3797,한국천문연구원,대전광역시 유성구 대덕대로 776,36.399511,127.374336
3796,행안부 국가정보자원관리원,대전광역시 유성구 화암동 62-1,36.3978283,127.3733355
3795,대전 현충원,대전광역시 유성구 현충원로 171-1,36.36182,127.298173
3699,노은카운티스아파트,대전광역시 유성구 노은동 495,36.370633,127.316309
3312,도안휴먼시아10단지아파트,대전광역시 유성구 원신흥동 원신흥로 37,36.338686,127.340882
3241,한라비발디아파트,대전광역시 유성구 상대동 462,36.344347,127.334594
3240,스타돔아파트,대전광역시 유성구 노은동 553-8,36.365934,127.316906
3175,이지아파트,대전광역시 유성구 상대동 438-16,36.347838,127.332481
3163,노은3지구 영무예다음 에코타운,대전광역시 유성구 지족동 1052,36.374279,127.307082
2779,도안6단지센트럴시티,대전광역시 유성구 봉명동 1036,36.347779,127.342322
2729,반석마을5단지아파트,대전광역시 유성구 반석동 622,36.390661,127.311668
2705,장대푸르지오아파트,대전광역시 유성구 장대동 479,36.361142,127.332661
2664,도안7단지예미지아파트,대전광역시 유성구 봉명동 1037,36.347148,127.344861
2339,노은리슈빌3차아파트,대전광역시 유성구 지족동 1030,36.384848,127.309115
1918,트리풀시티9단지 아파트,대전광역시 유성구 상남대로 26,36.342273,127.335572
1915,송림마을1단지 아파트,대전광역시 유성구 하기동 512,36.388274,127.318931
1540,테크노7단지 아파트,대전광역시 유성구 관평동 892,36.425185,127.385257
1537,인앤인주상복합 아파트,대전광역시 유성구 지족동 834,36.384821,127.319062
1536,열매마을6단지 아파트,대전광역시 유성구 지족동 880,36.376607,127.320611
1535,신안인스빌리베라,대전광역시 유성구 원신흥동 봉명로 48,36.343029,127.345181
1532,두레 아파트,대전광역시 유성구 신성동 152-1,36.386304,127.351825
1528,노은한화꿈에그린2단지,대전광역시 유성구 지족동 1093,36.388108,127.303887
1527,노은에코힐7단지,대전광역시 유성구 지족동 1041,36.382728,127.304749
1526,노블레스3차 아파트,대전광역시 유성구 봉명동 640-8,36.358679,127.349459
1501,행복한마을 아파트,대전광역시 대덕구 평촌동 540-1,36.437795,127.423688
1084,한빛 아파트,대전광역시 유성구 어은동 99,36.363115,127.353371
1079,대덕테크노밸리3단지 아파트,대전광역시 유성구 관평동 668,36.421876,127.385874
1077,SK허브,대전광역시 유성구 지족동 894-5,36.372763,127.317162
625,송림마을3단지,대전광역시 유성구 하기동 513,36.390416,127.322305
624,반석마을3단지,대전광역시 유성구 지족동 992,36.386767,127.315613
623,반석마을2단지,대전광역시 유성구 지족동 978,36.387915,127.315533
622,노은꿈에그린1단지 아파트,대전광역시 유성구 지족동 1089,36.387416,127.302156
490,도안2블럭 호반베르디움,대전광역시 유성구 봉명동 1021,36.350547,127.345024
489,노은해랑숲마을5단지,대전광역시 유성구 지족동 1033,36.384572,127.304646
488,노은새미래숲2단지,대전광역시 유성구 지족동 1042,36.381121,127.302951
447,대전 유성구청 부설주차장,대전광역시 유성구 어은동 109,36.3620843,127.3563833
445,대전시립박물관,대전광역시 유성구 상대동 488,36.336701,127.335319
444,대전대덕구청 주차장,대전광역시 대덕구 대전로 1033번길 20,36.346201,127.415896
2,전력연구원,대전광역시 유성구 문지동 103-16,36.3931106,127.3891643
8132,전북전력관리처(공용),전북특별자치도 전주시 덕진구 혁신로 600,35.866209,127.070734
5606,전북개발공사,전북특별자치도 전주시 덕진구 장동 1112,35.83894,127.0633
5605,한국국토정보공사본사,전북특별자치도 전주시 덕진구 중동 800,35.838536,127.066247
5233,인후신협,전북특별자치도 전주시 덕진구 송천동2가 54-70,35.8697524,127.1364657
5121,전기공사협회,전북특별자치도 전주시 덕진구 호성동1가 591-3,35.8622958,127.1526557
5120,전북바이오융합산업진흥원,전북특별자치도 전주시 덕진구 장동 452-69,35.8515801,127.0606059
5119,송천동원예농협,전북특별자치도 전주시 덕진구 송천동2가 506-1,35.8666191,127.1176803
5118,전주시온성교회,전북특별자치도 전주시 덕진구 진북동 301-26,35.8285488,127.1397131
5117,캠틱종합기술원,전북특별자치도 전주시 덕진구 팔복동2가 750-1,35.8622162,127.080912
5114,한국전자기술연구원,전북특별자치도 전주시 덕진구 팔복동2가 820,35.8583926,127.0822722
5113,전북은행 본점,전북특별자치도 전주시 덕진구 금암동 669-2,35.840118,127.131503
4680,한국도로공사 전북본부,전북특별자치도 전주시 덕진구 번영로 420 (용정동_한국도로공사 전북본부),35.8736,127.0519
4664,한국산업인력공단,전북특별자치도 전주시 덕진구 유상로 69 (팔복동2가_한국산업인력공단 전북지사),35.863213,127.080268
4663,전통문화체험전수관,전북특별자치도 전주시 덕진구 송천동1가 241-2,35.853479,127.125972
4469,호성주공2차아파트,전북특별자치도 전주시 덕진구 호성동1가 900,35.8588666,127.1502865
4468,호성주공1차아파트,전북특별자치도 전주시 덕진구 호성동1가 900,35.8586521,127.1506542
4269,회차지(인라인스케이트장),전북특별자치도 전주시 덕진구 송천동1가 234-107,35.8543246,127.1275832
4268,회차지(월드컵경기장),전북특별자치도 덕진구 전주시 덕진구 기린대로 1055 (반월동_월드컵경기장),35.8641591,127.0628058
4267,차고지(견인차보관소),전북특별자치도 덕진구 전주시 덕진구 추천로 427 (팔복동4가),35.8678064,127.1041146
4262,완주교육지원청,전북특별자치도 완주군 용진읍 지암로 65 (운곡리_완주교육지원청),35.904317,127.163804
4259,혁신중흥S클래스 아파트,전북특별자치도 전주시 덕진구 장동 1064,35.8428311,127.0555304
4258,만성중흥S클래스 아파트,전북특별자치도 전주시 덕진구 만성동 1371-3,35.844224,127.0788708
4148,도시첨단산업단지,전북특별자치도 전주시 덕진구 팔복동2가 822,35.859975,127.084671
3829,티스테이션 전주역점,전북특별자치도 전주시 덕진구 백제대로 760,35.846032,127.152068
3668,에코시티 더샵3차아파트,전북특별자치도 전주시 덕진구 송천동2가 1304,35.8776242,127.137262
3518,전북직할,전북특별자치도 전주시 덕진구 인후동2가 1559-87,35.846558,127.149286
3352,안고을우성아파트,전북특별자치도 전주시 덕진구 인후동1가 458,35.836116,127.159627
3219,전주에코시티자이,전북특별자치도 전주시 덕진구 송천동2가 세병로 111,35.873903,127.134454
3169,에코시티 더샵,전북특별자치도 전주시 덕진구 송천동2가 1338,35.8711966,127.1281805
3054,우아1동 공영주차장,전북특별자치도 전주시 덕진구 우아동3가 752-28,35.8474419,127.158597
2986,인후한신휴플러스아파트,전북특별자치도 전주시 덕진구 인후동1가 1029,35.837921,127.154714
2950,모아엘가,전북특별자치도 완주군 봉동읍 둔산리 864-5,35.963284,127.121522
2816,삼오아파트,전북특별자치도 전주시 덕진구 반월동 374-4,35.873273,127.069569
2723,호반베르디움 더센트럴1,전북특별자치도 전주시 덕진구 장동 1074,35.8408638,127.0560521
2680,LH이노팰리스아파트,전북특별자치도 전주시 덕진구 장동 1082,35.846109,127.060329
2639,송천쌍용1차아파트,전북특별자치도 전주시 덕진구 송천동2가 541-2,35.862933,127.112551
2560,덕진구청,전북특별자치도 전주시 덕진구 벚꽃로 55,35.829318,127.134903
2559,완주군청,전북특별자치도 완주군 용진읍 지암로 61,35.905003,127.162328
2558,삼례읍사무소,전북특별자치도 완주군 삼례읍 삼례리 1691-2,35.913281,127.078473
2557,봉동읍사무소,전북특별자치도 완주군 봉동읍 삼봉로 933,35.941694,127.165772
2402,송천케이제이라미안아파트,전북특별자치도 전주시 덕진구 송천동1가 805,35.866332,127.115847
2307,호반베르디움더클래스,전북특별자치도 전주시 덕진구 장동 1086,35.841419,127.062319
2306,호반베르디움 더센트럴2,전북특별자치도 전주시 덕진구 장동 1075,35.840541,127.060628
1924,호성동LG동아,전북특별자치도 전주시 덕진구 호성동1가 718,35.855614,127.152241
1923,전주부영6차,전북특별자치도 전주시 덕진구 인후동1가 918-1,35.827984,127.165979
1922,인후휴먼시아,전북특별자치도 전주시 덕진구 인후동1가 1035,35.835467,127.152047
1921,라송센트럴카운티 아파트,전북특별자치도 완주군 봉동읍 둔산리 871-1,35.960842,127.120949
1556,호성진흥더블파크1단지 아파트,전북특별자치도 전주시 덕진구 호성동1가 829-4,35.8630344,127.1488551
1555,호성동동아 아파트,전북특별자치도 전주시 덕진구 호성동1가 826,35.860031,127.152543
1554,진북우성 아파트,전북특별자치도 전주시 덕진구 진북동 416,35.830883,127.133964
1552,전주송천2주공 아파트,전북특별자치도 전주시 덕진구 송천동2가 1280,35.865641,127.125318
1551,전북혁신우미린 아파트2단지,전북특별자치도 전주시 덕진구 장동 1063,35.844259,127.057731
1550,송천자이,전북특별자치도 전주시 덕진구 송천동1가 806,35.866144,127.119704
1549,송천우림 아파트,전북특별자치도 전주시 덕진구 송천동1가 117,35.862064,127.125648
1546,명성강변 아파트,전북특별자치도 전주시 덕진구 덕진동2가 450-2,35.839347,127.115743
1545,럭키우아 아파트,전북특별자치도 전주시 덕진구 우아동3가 285-8,35.844441,127.163822
1544,라이프 아파트,전북특별자치도 전주시 덕진구 송천동1가 417,35.859146,127.118398
1543,동산골드클래스,전북특별자치도 전주시 덕진구 동산동779,35.875572,127.080589
1542,동국해성,전북특별자치도 전주시 덕진구 진북동 1034-1,35.826021,127.133487
1086,호성유원파크맨션 아파트,전북특별자치도 전주시 덕진구 호성동1가 796-1,35.858694,127.153092
1085,하가제일오투그란데 아파트,전북특별자치도 전주시 덕진구 덕진동2가 684,35.843362,127.108097
316,전북전력관리처,전북특별자치도 전주시 덕진구 혁신로 600,35.866209,127.070734
132,전북직할(공용),전북특별자치도 전주시 덕진구 인후동2가 1559-87,35.846558,127.149286
8125,고창지사(공용),전북특별자치도 고창군 고창읍 덕산리 189-6,35.425511,126.695163
4670,고창 한국농어촌공사 충전소,전북특별자치도 고창군 고창읍 덕산리 192-50,35.4259461,126.6930373
4266,고창공용터미널 공용주차장,전북특별자치도 고창군 고창읍 읍내리 629,35.435636,126.6961598
388,고창시험센터,전북특별자치도 고창군 상하면 용정리 1268,35.4539043,126.4503845
171,고창지사,전북특별자치도 고창군 고창읍 덕산리 189-6,35.425511,126.695163
5254,우성여객,전북특별자치도 군산시 옥구읍 옥정리 404,35.9331634,126.6988165
5253,군산여객,전북특별자치도 군산시 옥구읍 선제리 664-3,35.9203041,126.6784868
4937,군산의료원,전북특별자치도 군산시 지곡동 29-1,35.9551761,126.7135143
4936,군산자유무역지역관리원,전북특별자치도 군산시 오식도동 513,35.960577,126.5486861
4935,한국농어촌공사 군산지사,전북특별자치도 군산시 옥산면 옥산리 1-5,35.9400648,126.7514614
4934,공설시장,전북특별자치도 군산시 신영동 18-1,35.9831845,126.7203129
3905,군산지사 업무용,전북특별자치도 군산시 장미동 50-1,35.9919866,126.7097437
3826,군산지사,전북특별자치도 군산시 해망로 264,35.9915342,126.7097295
3663,지곡동현대엠코타운,전북특별자치도 군산시 지곡동 609,35.9510664,126.7143307
3217,수송세영리첼아파트,전북특별자치도 군산시 수송동 수송동로 100,35.9684165,126.7220158
3144,미장아이파크,전북특별자치도 군산시 미장동 미장남로 10,35.961207,126.7264696
3143,수송공원삼성쉐르빌아파트,전북특별자치도 군산시 미장동 경포천로 66,35.9656625,126.7246911
2999,나운세경아파트,전북특별자치도 군산시 나운동 155,35.961006,126.701884
2745,군산 나운신일아파트,전북특별자치도 군산시 나운동 156-2,35.9588915,126.6979124
2564,대야면주민센터,전북특별자치도 군산시 대야면 지경리 731-11,35.946338,126.811237
2563,은파호수공원,전북특별자치도 군산시 나운동 1223-5,35.955432,126.689087
2562,근대역사박물관,전북특별자치도 군산시 장미동 1-67,35.990704,126.713861
2561,월명종합체육관,전북특별자치도 군산시 사정동 152,35.9661497,126.7491887
2309,은파코아루,전북특별자치도 군산시 지곡동 158-1,35.954713,126.707748
2142,이마트 군산점,전북특별자치도 군산시 경암동 590-296,35.983142,126.734452
1930,수송제일오투그란데2단지 아파트,전북특별자치도 군산시 수송동 812-1,35.962423,126.713973
1929,롯데인벤스가 아파트,전북특별자치도 군산시 미룡동 59-118,35.945954,126.690378
1567,하늘가1차 아파트,전북특별자치도 군산시 산북동 3589,35.962933,126.679546
1565,사정금호1차 아파트,전북특별자치도 군산시 사정동 421,35.963687,126.744758
1564,나운비사벌 아파트,전북특별자치도 군산시 나운동 153-11,35.960126,126.698588
1563,나운4차현대 아파트,전북특별자치도 군산시 나운동 109-6,35.962779,126.703873
869,수송2차오투그란데 아파트,전북특별자치도 군산시 수송동 829-1,35.9691728,126.7183215
628,수송아이파크 아파트,전북특별자치도 군산시 수송동 829-2,35.968184,126.717385
5859,김제역 주차장,전북특별자치도 김제시 신풍동 13-1,35.7933459,126.9031439
5368,백구면행정복지센터,전북특별자치도 김제시 백구면 반월리 311-2,35.8908177,126.9674153
5153,동진강낙농축협,전북특별자치도 김제시 금구면 옥성리 761,35.7842821,127.0037994
5151,김제시 농업기술센터,전북특별자치도 김제시 교동 136,35.7935357,126.8766208
5150,공덕면 행정복지센터,전북특별자치도 김제시 공덕면 마현리 743-2,35.8915614,126.9132709
4679,김제시청,전북특별자치도 김제시 서암동 353,35.8043015,126.8813255
4671,시민운동장,전북특별자치도 김제시 검산동 산 62-8,35.812035,126.900035
4261,검산주공2차 아파트,전북특별자치도 김제시 검산동 1048,35.7997153,126.9055714
3517,김제지사,전북특별자치도 김제시 신풍동 117,35.800196,126.899239
130,김제지사(공용),전북특별자치도 김제시 신풍동 117,35.800196,126.899239
5690,급속01,전북특별자치도 남원시 향교동 140,35.416482,127.386581
5439,(고속도로)지리산휴게소 대구방향,전북특별자치도 남원시 아영면 아곡리 446-6,35.480858,127.56624
3523,남원지사,전북특별자치도 남원시 향교동 140,35.416482,127.386581
3435,남원문화예술지원센터,전북특별자치도 남원시 하정동 192-4,35.408078,127.379754
2308,남원산이고운코아루,전북특별자치도 남원시 월락동 659,35.426764,127.402913
2135,백두대간 생태교육관,전북특별자치도 남원시 운봉읍 주촌리 595-6,35.396416,127.506828
2134,도통동행정복지센터,전북특별자치도 남원시 도통동 564,35.419608,127.400127
1926,남원부영3차 아파트,전북특별자치도 남원시 월락동 642,35.419287,127.401808
867,프라임로즈,전북특별자치도 남원시 향교동 153,35.417251,127.388131
172,남원지사(공용),전북특별자치도 남원시 향교동 140,35.416482,127.386581
5013,전주시청,전북특별자치도 전주시 완산구 서노송동 568-1,35.8237058,127.1489033
5012,한옥마을 공영주차장,전북특별자치도 전주시 완산구 풍남동2가 44-1,35.8183468,127.1532864
5011,노송천공영주차장,전북특별자치도 전주시 완산구 서노송동 655-23,35.8272309,127.1423639
5010,색장동만남의광장,전북특별자치도 전주시 완산구 색장동 581,35.7880043,127.1934197
5006,이서문화체육센터,전북특별자치도 완주군 이서면 상개리 582-3,35.8234197,127.0224369
5004,완산수영장,전북특별자치도 전주시 완산구 효자동2가 235-1,35.8023603,127.105459
4659,한일장신대학교,전북특별자치도 완주군 상관면 신리 694-1,35.7640314,127.205155
4271,회차지(완산체련공원),전북특별자치도 전주시 완산구 중인동 361-1,35.7673559,127.1020068
4270,회차지(대성공영주차장),전북특별자치도 전주시 완산구 대성동 381-5,35.8001359,127.1674536
3880,더샵효자2차아파트,전북특별자치도 전주시 완산구 효자동2가 122,35.8092303,127.1081592
3827,전주대학교,전북특별자치도 전주시 완산구 효자동 3가 1275-10,35.8165128,127.0890619
3825,KBS전주총국,전북특별자치도 전주시 완산구 효자동3가 1629,35.8225308,127.1050187
3038,이안전주삼천아파트,전북특별자치도 전주시 완산구 용리로 165 (삼천동1가_이안전주삼천),35.799245,127.126146
2878,우성해오름아파트,전북특별자치도 전주시 완산구 중노송동 303,35.825408,127.159517
2869,코오롱 스카이타워,전북특별자치도 전주시 완산구 효자동3가 1526-2,35.818101,127.111573
2569,전주자연생태관,전북특별자치도 전주시 완산구 바람쐬는길 21 (교동_전주자연생태박물관),35.811331,127.162974
2568,전북도청,전북특별자치도 전주시 완산구 효자로 225 (효자동3가_전라북도청),35.820462,127.110763
2407,옥성골든카운티 노인복지주택,전북특별자치도 전주시 완산구 중인1길 136-20 (중인동_옥성골든카운티),35.768111,127.090464
2406,서신대우대창아파트,전북특별자치도 전주시 완산구 새터로 100 (서신동_대우대창아파트),35.834536,127.117905
1931,서곡대림 아파트,전북특별자치도 전주시 완산구 서곡로 11 (효자동3가_서곡대림아파트),35.832434,127.097478
1575,효자현대 아파트,전북특별자치도 전주시 완산구 효자동1가 용머리로 20,35.804198,127.111748
1573,코오롱하늘채 아파트,전북특별자치도 전주시 완산구 화산천변로 55 (중화산동2가_코오롱하늘채아파트),35.823155,127.115331
1572,중화산현대1차 아파트,전북특별자치도 전주시 완산구 중화산동1가 329,35.810562,127.130828
1568,서곡청솔 아파트,전북특별자치도 전주시 완산구 효자동3가 1483-1,35.831995,127.100474
400,LH전북본부,전북특별자치도 전주시 완산구 홍산로 158 (효자동2가_한국토지주택공사 전북본부),35.807581,127.104901
8126,무주지사(공용),전북특별자치도 무주군 무주읍 죽향로 31-16,36.008981,127.654752
6827,무주 한수원 양수발전소 에너지 홍보관,전북특별자치도 무주군 적상면 포내리 360,35.9672153,127.7120081
5069,무주의료원 충전소,전북특별자치도 무주군 무주읍 당산리 701,36.005089,127.671689
5068,무주장례식장 충전소,전북특별자치도 무주군 무주읍 당산리 623,36.006445,127.672074
315,무주지사,전북특별자치도 무주군 무주읍 죽향로 31-16,36.008981,127.654752
8127,부안지사(공용),전북특별자치도 부안군 부안읍 선은리 642-4,35.7379896,126.7341292
5811,주산면사무소,전북특별자치도 부안군 주산면 갈촌리 357-1,35.6720641,126.7107933
4665,위도면사무소 전기차 공용충전소,전북특별자치도 부안군 위도면 진리 165-1,35.6026027,126.2930051
314,부안지사,전북특별자치도 부안군 부안읍 선은리 642-4,35.7379896,126.7341292
4938,한국전력공사 순창지사,전북특별자치도 순창군 순창읍 남계리 893,35.3710802,127.1512366
3664,순창광명메이루즈,전북특별자치도 순창군 순창읍 남계리 990,35.375009,127.1491265
2139,동계면사무소,전북특별자치도 순창군 동계면 현포리 586,35.440941,127.243044
8129,익산지사 02(공용),전북특별자치도 익산시 팔봉동 850,35.9616058,127.0047861
8128,익산지사01(공용),전북특별자치도 익산시 팔봉동 850,35.961421,127.004751
5809,익산역골주차장,전북특별자치도 익산시 송학동 93-2,35.9381776,126.9431561
5808,황등면사무소,전북특별자치도 익산시 황등면 황등리 905-19,36.004457,126.9444659
5691,익산지사 02,전북특별자치도 익산시 팔봉동 850,35.9616058,127.0047861
5097,춘포면사무소,전북특별자치도 익산시 춘포면 춘포리 33-4,35.9011765,127.005305
5096,익산교육지원청,전북특별자치도 익산시 마동 291,35.9380049,126.9604058
5095,마동도서관,전북특별자치도 익산시 마동 57-4,35.93967,126.969324
5094,모현동 행정복지센터,전북특별자치도 익산시 모현동1가 475-5,35.9482534,126.9453984
4264,수도산체육공원,전북특별자치도 익산시 금강동 535,35.9340204,126.9756334
4263,남부지구 공용주차장,전북특별자치도 익산시 인화동1가 176,35.9305153,126.947932
4260,모현현대2차 아파트,전북특별자치도 익산시 모현동1가 303-1,35.9461959,126.9409087
3191,익산금호어울림,전북특별자치도 익산시 신동 인북로 334,35.957737,126.962626
3180,익산더샵아파트,전북특별자치도 익산시 송학동 학곤로20길 77,35.944656,126.930314
2894,익산 자이아파트(어양GS자이),전북특별자치도 익산시 어양동 709,35.954944,126.985896
2635,동산라인아파트,전북특별자치도 익산시 금강동 923,35.929952,126.972136
2140,이마트 익산점,전북특별자치도 익산시 동산동 667-53,35.930775,126.957728
1562,익산 오페라하우스,전북특별자치도 익산시 부송동 242-12,35.957223,126.994534
1090,익산e편한세상,전북특별자치도 익산시 모현동1가 955,35.947331,126.946234
1089,우남그랜드타운,전북특별자치도 익산시 영등동 822,35.961308,126.977784
131,익산지사01,전북특별자치도 익산시 팔봉동 850,35.961421,127.004751
8130,임실지사(공용),전북특별자치도 임실군 임실읍 이도리 151 한국전력공사 임실지사,35.620115,127.285891
5601,국립임실호국원,전북특별자치도 임실군 강진면 백련리 551,35.5511926,127.1876188
5437,(고속도로)오수휴게소 완주방향,전북특별자치도 임실군 오수면 대명리 783-16,35.5390925,127.3109122
3665,운암 엘드호수가,전북특별자치도 임실군 운암면 마암리 613-16,35.610363,127.106071
3111,사선대,전북특별자치도 임실군 관촌면 관촌리 1046-6,35.673929,127.275463
173,임실지사,전북특별자치도 임실군 임실읍 이도리 151 한국전력공사 임실지사,35.620115,127.285891
8131,장수지사(공용),전북특별자치도 장수군 장수읍 장수리 647,35.645016,127.517888
5607,장수군농업기술센터,전북특별자치도 장수군 장수읍 개정리 1225,35.6197,127.5125
3709,부경스카이아파트,전북특별자치도 장수군 장수읍 장수리 671,35.6460982,127.5151244
3708,장수타워팰리스아파트,전북특별자치도 장수군 장수읍 노하리 1283,35.6491526,127.5149164
2138,장계면사무소,전북특별자치도 장수군 장계면 장계리 689,35.731853,127.588441
174,장수지사,전북특별자치도 장수군 장수읍 장수리 647,35.645016,127.517888
8133,정읍지사(공용),전북특별자치도 정읍시 연지동 252-26,35.569459,126.843541
5858,한국농어촌공사 정읍지사,전북특별자치도 정읍시 농소동 48-73,35.5854917,126.8433024
4678,정읍국민체육센터,전북특별자치도 정읍시 상평동 산 19-6,35.5618015,126.8392701
4677,정읍예술회관,전북특별자치도 정읍시 시기동 87-2,35.553301,126.8619601
4676,정읍시립박물관,전북특별자치도 정읍시 부전동 1009,35.5277927,126.8945449
4675,연지아트홀,전북특별자치도 정읍시 연지동 39-6,35.5706882,126.848829
3828,태인골프장,전북특별자치도 정읍시 태인면 증산리 591-8,35.6845221,126.9702087
3145,상동 엘드수목토,전북특별자치도 정읍시 상동 65-1,35.5584175,126.8758885
3056,정읍역,전북특별자치도 정읍시 연지동 343-1,35.5753662,126.8427324
2403,뉴캐슬아파트,전북특별자치도 정읍시 수성동 940,35.578625,126.858051
2137,태인면사무소,전북특별자치도 정읍시 태인면 태창리 425,35.650529,126.932796
1561,정읍상동엘지 아파트,전북특별자치도 정읍시 상동 319-15,35.561181,126.865981
1560,정읍부영2차 아파트,전북특별자치도 정읍시 수성동 1027,35.582414,126.860663
1559,유창파크맨션2차,전북특별자치도 정읍시 시기동 490-1,35.559774,126.846988
1558,시기현대 아파트,전북특별자치도 정읍시 시기동 506-14,35.560666,126.850827
1557,삼화타운 아파트,전북특별자치도 정읍시 농소동 92-6,35.580627,126.850427
868,정읍 양우내안애 아파트,전북특별자치도 정읍시 시기동 1012,35.5539823,126.8666932
175,정읍지사,전북특별자치도 정읍시 연지동 252-26,35.569459,126.843541
5154,진안교육지원청,전북특별자치도 진안군 진안읍 군상리 222-1,35.7945,127.4363
5152,정천면행정복지센터,전북특별자치도 진안군 정천면 봉학리 547,35.8729634,127.4288928
4669,산림조합중앙회 진안교육원,전북특별자치도 진안군 부귀면 신정리 112-3,35.7804,127.3608
4668,수자원공사,전북특별자치도 진안군 안천면 삼락리 1138-2,35.9439,127.5314
3524,진안지사,전북특별자치도 진안군 진안읍 군하리 427,35.7899466,127.4215759
3284,휴플러스,전북특별자치도 진안군 진안읍 진용로 64,35.7962,127.4275
2136,마이산 관광단지 공영주차장,전북특별자치도 진안군 진안읍 단양리 746,35.775355,127.418702
176,진안지사(공용),전북특별자치도 진안군 진안읍 군하리 427,35.7899466,127.4215759
5549,광주전력지사,광주광역시 북구 장등동 752-1,35.2089244,126.9335515
4953,전남대병원 주차타워,광주광역시 동구 학동 8,35.1412962,126.9231902
4952,광주교육대 풍향문화관,광주광역시 북구 풍향동 1-1,35.1636614,126.9272413
4951,삼각동 공영주차장,광주광역시 북구 삼각동 781-4,35.2011914,126.8987033
4950,광주디자인진흥원,광주광역시 북구 오룡동 1110-7,35.2232018,126.8466574
4949,GIST 대학B동,광주광역시 북구 오룡동 1,35.2304499,126.8441721
4948,GIST 기계공학동,광주광역시 북구 오룡동 1,35.227043,126.840532
4947,GIST 중앙연구기기센터,광주광역시 북구 오룡동 1,35.228313,126.843816
4946,광주전남지방병무청,광주광역시 동구 학동 69,35.1408799,126.9206366
4626,첨단산단공영주차장,광주광역시 북구 연제동 1027,35.2054578,126.8602014
4439,월남공용차고지,광주광역시 동구 월남동 177,35.101856,126.938477
4282,북구청 민원인주차장,광주광역시 북구 용봉동 1114-12,35.1730487,126.9099928
4281,장등공용차고지,광주광역시 북구 장등동 858-3,35.201077,126.933495
4039,전남대학교치과병원,광주광역시 북구 용봉동 300,35.1769445,126.9045451
3878,금남배전스테이션,광주광역시 동구 금남로4가 81-1,35.1505955,126.9142783
3876,광주전남직할,광주광역시 북구 오치동 991,35.1850475,126.906775
3531,첨단공용차고지,광주광역시 북구 월출동 696-9,35.2392721,126.8628056
3340,일곡대림2차아파트,광주광역시 북구 일곡동 817-4,35.2109211,126.9000274
3237,소태한국아델리움아파트,광주광역시 동구 소태동 761-3,35.1316658,126.9409767
3208,무등파크맨션3차,광주광역시 동구 운림동 628,35.1325427,126.9412023
3155,월남 호반베르디움2차,광주광역시 동구 월남동 638,35.0993775,126.9388712
2954,첨단2지구 호반베르디움1단지,광주광역시 북구 신용동 675,35.2114069,126.8630568
2415,용봉동쌍용예가,광주광역시 북구 용봉동 999,35.1859401,126.8904129
2414,두암현대1차,광주광역시 북구 두암동 72-4,35.1729792,126.9368523
2316,첨단자이2단지아파트,광주광역시 북구 신용동 863,35.2118147,126.8690093
2238,일곡롯데아파트,광주광역시 북구 일곡동 814-3,35.2122357,126.896095
1933,운암동남양휴튼,광주광역시 북구 운암동 1761,35.1834657,126.8768055
1580,무등산이스토리,광주광역시 북구 두암동 1001,35.1612094,126.9409559
1579,대주 아파트,광주광역시 북구 운암동 110-11,35.1742037,126.8898315
870,운림라인2차 아파트,광주광역시 동구 운림동 654,35.1331154,126.943444
352,궁동공영주차장,광주광역시 동구 궁동 15,35.1509651,126.9193654
351,양산동 주민센터,광주광역시 북구 양산동 1019,35.2091727,126.8796613
350,광주광역시립 미술관,광주광역시 북구 운암동 164,35.180693,126.8820084
92,광주전남직할(공용),광주광역시 북구 오치동 991,35.1850475,126.906775
5900,전통시장 주차타워,전라남도 강진군 강진읍 동성리 192-9,34.6407632,126.772702
5899,강진전력지사,전라남도 강진군 성전면 월하리 202,34.7306379,126.7012136
5898,강진지사(완속),전라남도 강진군 강진읍 동성리 123,34.6350795,126.7778068
5459,(주)케이에이치씨,전라남도 강진군 성전면 송학리 839,34.6781893,126.7367783
5457,전라남도 환경산업진흥원,전라남도 강진군 성전면 송학리 835,34.6784903,126.7363136
4579,군동면사무소 민원인주차장,전라남도 강진군 군동면 라천리 268,34.644735,126.8153434
4578,칠량면 공영주차장,전라남도 강진군 칠량면 영동리 1071,34.5725454,126.7996058
363,강진지사(급속),전라남도 강진군 강진읍 동성리 123,34.6350795,126.7778068
8066,고흥지사(공용),전라남도 고흥군 고흥읍 남계리 226,34.617205,127.29211
5471,한국농어촌공사 고흥지사,전라남도 고흥군 고흥읍 등암리 1201,34.5939746,127.2726628
5470,건강보험공단 고흥보성지사,전라남도 고흥군 고흥읍 남계리 1046,34.6065134,127.2807388
5469,LX국토정보공사 고흥지사,전라남도 고흥군 고흥읍 남계리 404-2,34.6138198,127.2893225
5461,금당면사무소,전라남도 완도군 금당면 차우리 680,34.4297451,127.0711865
5460,고흥교육지원청,전라남도 고흥군 고흥읍 등암리 326-1,34.596689,127.277924
5448,나로우주센터 우주과학관,전라남도 고흥군 봉래면 예내리 480,34.454651,127.517761
88,고흥지사,전라남도 고흥군 고흥읍 남계리 226,34.617205,127.29211
5479,(고속도로)곡성휴게소 논산방향,전라남도 곡성군 겸면 가정리 348-18,35.2596578,127.1529226
5478,(고속도로)곡성휴게소 순천방향,전라남도 곡성군 겸면 가정리 산 96-6,35.2585824,127.1503218
5338,곡성금호타이어 사원아파트,전라남도 곡성군 입면 송전리 1049-7,35.3055705,127.1852586
5337,죽곡면사무소,전라남도 곡성군 죽곡면 태평리 394-13,35.151263,127.3193969
5336,석곡농공단지,전라남도 곡성군 석곡면 연반리 694-1,35.161066,127.2504504
5287,겸면농공단지,전라남도 곡성군 겸면 마전리 1228,35.2810763,127.1615435
3860,곡성지사,전라남도 곡성군 곡성읍 읍내리 792-21,35.2775958,127.291137
89,곡성지사,전라남도 곡성군 곡성읍 읍내리 792-21,35.2775958,127.291137
8067,광산지사(공용),광주광역시 광산구 소촌동 654,35.14731,126.78983
5919,산정동 노상 공영주차장8,광주광역시 광산구 산정동 974-1,35.1673649,126.8025107
5918,산정동 노상 공영주차장7,광주광역시 광산구 산정동 974-1,35.1675801,126.8025691
5917,산정동 노상 공영주차장7,광주광역시 광산구 산정동 974-1,35.1679314,126.8026596
5916,산정동 노상 공영주차장6,광주광역시 광산구 산정동 974-1,35.1680947,126.8029961
5915,산정동 노상 공영주차장5,광주광역시 광산구 산정동 962-1,35.1686758,126.8028467
5914,산정동 노상 공영주차장4,광주광역시 광산구 산정동 957-1,35.1710575,126.8035072
5913,산정동 노상 공영주차장3,광주광역시 광산구 산정동 942-1,35.1714319,126.8036299
5912,산정동 노상 공영주차장2,광주광역시 광산구 산정동 942-1,35.1716961,126.8037023
5911,월곡동 노상 공영주차장2,광주광역시 광산구 월곡동 587,35.1677966,126.8149253
5910,월곡동 노상 공영주차장1,광주광역시 광산구 월곡동 587,35.1679558,126.8146196
5909,산정동 노상 공영주차장1,광주광역시 광산구 산정동 933,35.174133,126.8054437
5908,우산동 노상 공영주차장6,광주광역시 광산구 우산동 1611-1,35.1649056,126.8054954
5907,우산동 노상 공영주차장5,광주광역시 광산구 우산동 1611-1,35.159792,126.8057146
5906,우산동 노상 공영주차장4,광주광역시 광산구 우산동 1611-1,35.1598578,126.8051205
5905,우산동 노상 공영주차장3,광주광역시 광산구 우산동 1611-1,35.1600661,126.8028963
5904,우산동 노상 공영주차장2,광주광역시 광산구 우산동 1086-1,35.1562127,126.8125388
5903,우산동 노상 공영주차장1,광주광역시 광산구 우산동 1086-1,35.1565159,126.8112279
5024,임팩트명품백화점,광주광역시 광산구 우산동 220-14,35.1434639,126.8222813
5023,블루핸즈 빛고을현대서비스,광주광역시 광산구 신창동 10-93,35.1945626,126.8540557
5022,광주공항,광주광역시 광산구 신촌동 698-9,35.1403536,126.810203
5021,광주광역시광산구시설관리공단,광주광역시 광산구 우산동 1577-1,35.1636249,126.8046179
4514,도산동 행복나루 노인복지관,광주광역시 광산구 도산동 925-1,35.1347156,126.7953688
4513,월곡2동 행정복지센터,광주광역시 광산구 월곡동 490-7,35.1743712,126.8078742
4287,도산버스차고지,광주광역시 광산구 도산동 1196-10,35.1266199,126.7837645
3944,수완산이고운더테라스,광주광역시 광산구 수완동 1853,35.207164,126.8265614
3943,수안채리치아파트,광주광역시 광산구 수완동 949,35.1951855,126.8258237
3763,신창동 행정복지센터,광주광역시 광산구 신창동 1171-3,35.195612,126.8408242
3627,광주송정역모아엘가아파트,광주광역시 광산구 송정동 1516,35.1372844,126.7874597
3625,월곡 한성2차,광주광역시 광산구 월곡동 614-2,35.1640384,126.8122982
3326,첨단우미1차아파트,광주광역시 광산구 월계동 759-1,35.2186857,126.8348482
3309,수완6차대방노블랜드아파트,광주광역시 광산구 수완동 926,35.1992515,126.8247114
3250,우산국제미소래아파트,광주광역시 광산구 우산동 1620,35.1580213,126.7998836
3207,신창동대광로제비앙,광주광역시 광산구 신창동 1285,35.190235,126.8434879
2963,쌍암중흥s클래스리버시티,광주광역시 광산구 쌍암동 694-59,35.2139736,126.8505573
2853,수완골드클래스1차아파트,광주광역시 광산구 장덕동 1046,35.1973636,126.8119875
2310,수완대방노블랜드3차아파트,광주광역시 광산구 장덕동 1693,35.1873605,126.8174557
2143,광주유통센터,광주광역시 광산구 신가동 1052,35.1852028,126.8188224
1939,첨단부영e그린타운1차 아파트,광주광역시 광산구 산월동 885-3,35.2095962,126.8462393
1938,첨단부영2차 아파트,광주광역시 광산구 산월동 885-1,35.2106222,126.844261
1936,신촌대주파크빌 아파트,광주광역시 광산구 신촌동 826-1,35.1455009,126.8082925
1934,수완2차호반베르디움,광주광역시 광산구 장덕동 1043,35.1997063,126.8135811
1581,첨단3-2차호반리젠시빌,광주광역시 광산구 산월동 884-1,35.2106023,126.8485672
1092,하남우미 아파트,광주광역시 광산구 우산동 1572-2,35.1658362,126.8065272
873,하남2지구 중흥S-클래스,광주광역시 광산구 산정동 1060,35.1743434,126.8009064
872,수완모아엘가 아파트,광주광역시 광산구 수완동 1486,35.1885032,126.8248095
871,EG스위트밸리3차 아파트,광주광역시 광산구 소촌동 232-6,35.1587902,126.7938309
632,신창동 호반6차아파트,광주광역시 광산구 신가동 1048,35.1873152,126.8333292
631,선운이지더원3단지,광주광역시 광산구 선암동 549,35.1505821,126.7750896
353,광주도시철도공사,광주광역시 광산구 월전동 39-49,35.1249761,126.7730112
252,운남동 행정복지센터,광주광역시 광산구 운남동 387-25,35.1729652,126.8218748
251,우산동 행정복지센터,광주광역시 광산구 우산동 1601-7,35.1602234,126.8070302
250,수완동 행정복지센터,광주광역시 광산구 수완동 936,35.1970953,126.8258366
249,비아동 주민센터,광주광역시 광산구 비아동 105,35.2220326,126.8243553
90,광산지사,광주광역시 광산구 소촌동 654,35.14731,126.78983
8068,광양지사(공용),전라남도 광양시 중동 1361-3,34.939826,127.6911818
5608,중앙하수처리장,전라남도 광양시 중동 308-124,34.9293584,127.6891769
5456,(고속도로)섬진강휴게소 부산방향,전라남도 광양시 진월면 신아리 1192-1,34.9847124,127.770362
5455,(고속도로)섬진강휴게소 순천방향,전라남도 광양시 진월면 신아리 220-1,34.9849448,127.768634
5453,마동생태공원,전라남도 광양시 마동 654-1,34.9498335,127.6987058
5452,진상문화센터,전라남도 광양시 진상면 섬거리 295-17,35.0193464,127.7201497
5451,옥룡문화센터,전라남도 광양시 옥룡면 운평리 243,35.017135,127.618337
5449,옥곡면사무소,전라남도 광양시 옥곡면 신금리 1377-8,34.9895884,127.6984983
3883,광양읍 목성 주공아파트,전라남도 광양시 광양읍 목성리 976-4,34.9783957,127.588746
2163,마동근린체육공원,전라남도 광양시 마동 700-10,34.9521767,127.69347
2162,광영 근린공원,전라남도 광양시 광영동 산 41-3,34.9606966,127.7188555
1946,태영1차,전라남도 광양시 중동 1681,34.934699,127.6968788
1593,태영2차 아파트,전라남도 광양시 중동 1682,34.9347061,127.6957197
1592,남해오네뜨 아파트,전라남도 광양시 광양읍 용강리 919,34.9681503,127.6104056
1099,광양송보파인빌7차 아파트,전라남도 광양시 광양읍 용강리 907,34.9696773,127.6124186
638,송보파인빌6차,전라남도 광양시 마동 1031,34.956032,127.6919635
637,성호2-1차 아파트,전라남도 광양시 중동 1665,34.9330179,127.6907988
636,광양중마호반리젠시빌,전라남도 광양시 중동 1655,34.9368843,127.6934514
168,광양지사,전라남도 광양시 중동 1361-3,34.939826,127.6911818
8069,구례지사(공용),전라남도 구례군 구례읍 봉서리 1082-2,35.197876,127.463585
4646,간전면사무소,전라남도 구례군 간전면 흥대리 1133,35.1777476,127.5437459
4597,한국농어촌공사 구례지사,전라남도 구례군 구례읍 봉동리 188-1,35.2106623,127.4717451
3341,구례산이고운아파트,전라남도 구례군 구례읍 봉서리 2269,35.2021878,127.4669961
169,구례지사,전라남도 구례군 구례읍 봉서리 1082-2,35.197876,127.463585
8070,나주지사(공용),전라남도 나주시 왕건길 53,35.017546,126.713099
5846,사립학교교직원연금공단,전라남도 나주시 빛가람동 348,35.0206189,126.7839632
5647,죽림동 공영주차장 전기차충전소,전라남도 나주시 죽림동 39,35.032003,126.726323
5646,통신전파진흥원 전기차충전소,전라남도 나주시 빛가람동 301,35.0199553,126.7947621
5213,에너지 신기술 연구소,전라남도 나주시 동수동 392-1,34.977797,126.6902877
5212,동강 농협 공영주차장,전라남도 나주시 동강면 인동리 349-9,34.9366212,126.5644754
5211,남외동 공영주차장,전라남도 나주시 남외동 60-1,35.0283774,126.7207193
5210,기능마을회관,전라남도 나주시 운곡동 210-3,34.9923855,126.6815314
5209,정자마을회관,전라남도 나주시 산포면 등정리 869-16,35.0470513,126.8153077
5207,덕례4리 마을회관,전라남도 나주시 산포면 덕례리 719-16,35.004459,126.793759
5206,산림자원연구소,전라남도 나주시 산포면 산제리 23-7,35.0057669,126.82579
4649,공산 농민문화 체육센터 충전소,전라남도 나주시 공산면 공산로 140-8 (남창리_나주시농어민문화체육센터),34.943709,126.60732
4549,사립학교교직원연금공단,전라남도 나주시 빛가람동 348,35.0204013,126.7842395
4068,식품산업연구센터,전라남도 나주시 동수동 385-5,34.9845269,126.6898297
4067,에너지밸리산학융합원,전라남도 나주시 동수동 394-5,34.9773459,126.6883647
4066,남평동사리공용주차장,전라남도 나주시 남평읍 동사리 336-4,35.0447708,126.8488164
4060,금안한글마을,전라남도 나주시 노안면 금안리 76,35.0750755,126.7009808
3867,(편의제공형)남내동공영주차장,전라남도 나주시 남내동 67,35.0296905,126.7194128
3766,기업개발원,전라남도 나주시 빛가람동 301-1,35.0194864,126.7946126
3443,빛가람동호수공원,전라남도 나주시 빛가람동 346-1,35.0189163,126.7867964
3289,빛가람LH1단지,전라남도 나주시 빛가람동 394,35.015863,126.778317
3034,한국농어촌공사 본사,전라남도 나주시 빛가람동 358,35.020093,126.775
3033,빛가람동 공용차고지,전라남도 나주시 빛가람동 893,35.02567,126.797232
3032,나주교통차고지,전라남도 나주시 왕곡면 장산리 9-1,34.9869081,126.7049133
2895,빛가람LH4단지아파트,전라남도 나주시 그린로 276 (빛가람동_빛가람엘에이치4단지아파트),35.0110978,126.7965509
2315,빛가람로제비앙,전라남도 나주시 그린로 153 (빛가람동_대광로제비앙),35.010355,126.78353
2020,보성파워텍,전라남도 나주시 동수동 402-9,34.973173,126.687909
1589,나주혁신중흥S클래스센트럴1차,전라남도 나주시 우정로 77 (빛가람동_빛가람 중흥S-CLASS센트럴1차),35.024101,126.788261
1588,나주혁신영무예다음 아파트,전라남도 나주시 월정1길 20 (빛가람동_영무예다음 아파트),35.012129,126.786067
1586,나주1차대방노블랜드 아파트,전라남도 나주시 대호길 76-8 (대호동_대방노블랜드1차아파트),35.044292,126.718251
1095,빛가람 중흥S클래스 센트럴2차,전라남도 나주시 우정로 101 (빛가람동_빛가람 중흥S-CLASS센트럴 2차),35.024111,126.79097
877,송월주공 아파트,전라남도 나주시 송월동 660,35.0272114,126.7139974
876,광주전남혁신1단지부영 아파트,전라남도 나주시 빛가람동 325,35.0161949,126.7965991
634,빛가람 우미린 아파트,전라남도 나주시 빛가람동 135,35.026535,126.779746
362,빛가람 주민센터,전라남도 나주시 빛가람동 202,35.0216362,126.7906818
361,동신대학교,전라남도 나주시 대호동 252,35.0499472,126.7177686
360,반남국립박물관,전라남도 나주시 반남면 신촌리 262-1,34.914573,126.660386
359,천연염색문화관,전라남도 나주시 다시면 회진리 163,34.993124,126.661455
358,이창동 주민센터,전라남도 나주시 이창동 511-9,34.997309,126.710237
357,성북동 주민센터,전라남도 나주시 성북동 145-6,35.0350779,126.7192143
356,나주시청,전라남도 나주시 송월동 100,35.015306,126.710955
294,한전본사 파빌리온주차장(공용),전라남도 나주시 빛가람동 120,35.025893,126.785551
293,한전본사 남측주차장(공용),전라남도 나주시 빛가람동 120,35.0252349,126.782964
94,나주지사,전라남도 나주시 왕건길 53,35.017546,126.713099
8071,담양지사(공용),전라남도 담양군 담양읍 백동리 348-1,35.3094042,126.9840685
4652,담양월산농협,전라남도 담양군 월산면 월산리 455-1,35.34076,126.9554
4651,대덕면사무소,전라남도 담양군 대덕면 매산리 94,35.2493554,127.0370276
4528,전라남도담양교육지원청,전라남도 담양군 담양읍 강쟁리 176-6,35.30063,126.97837
3421,메타세쿼이아길,전라남도 담양군 담양읍 학동리 40-16,35.33194,127.016233
95,담양지사,전라남도 담양군 담양읍 백동리 348-1,35.3094042,126.9840685
8072,목포지사(공용),전라남도 목포시 용해동 115-2,34.8034546,126.4094598
5851,전라남도청,전라남도 무안군 삼향읍 남악리 1000,34.8162924,126.463058
5641,목포전력지사,전라남도 무안군 삼향읍 남악리 1961,34.8174,126.45793
5335,전남여성가족재단,전라남도 무안군 삼향읍 남악리 1442,34.8174459,126.4659421
5334,녹색에너지연구원,전라남도 목포시 석현동 1175-4,34.81507,126.426969
5333,국민건강보험공단,전라남도 목포시 석현동 1175-6,34.8166458,126.4257322
5332,목포생활환경관리센터,전라남도 목포시 대양동 산 94-5,34.8306089,126.4091048
5331,국립해양 문화재연구소,전라남도 목포시 용해동 8,34.7932551,126.4121038
4533,한국농어촌공사 영산강사업단,전라남도 목포시 상동 509,34.8081295,126.4148274
4519,목포국제축구센터,전라남도 목포시 대양동 950-4,34.8294382,126.3964579
4002,에메랄드퀸 주상복합아파트,전라남도 목포시 상동 1139-7,34.7980624,126.4315954
3759,유달동 주민센터,전라남도 목포시 서산동 2-25,34.7834836,126.3803558
3758,고하도 해상케이블카,전라남도 목포시 달동 845-1,34.7738062,126.3600356
3757,북항 해상케이블카,전라남도 목포시 죽교동 515,34.7994713,126.3721634
3695,신안실크밸리7차,전라남도 목포시 죽교동 704,34.805262,126.3665772
3694,우진아트빌아파트,전라남도 목포시 석현동 816-17,34.8189798,126.4204019
3693,초원골드맨션,전라남도 목포시 대의동2가 1-10,34.7870142,126.3815346
3186,상동현대아파트,전라남도 목포시 상동 764,34.8117224,126.4140422
3008,남악상록아파트,전라남도 무안군 삼향읍 남악리 2270,34.8091117,126.4585788
3007,꿈동산 신안2차아파트,전라남도 목포시 상동 1019,34.7985178,126.4247872
3003,연산주공5단지아파트,전라남도 목포시 연산동 1261,34.8137805,126.3818832
2897,근화 베아채 비올레 아파트,전라남도 무안군 삼향읍 남악리 2531,34.806939,126.470877
2896,우방아이유쉘아파트,전라남도 목포시 옥암동 1397,34.812848,126.425765
2767,하당 금호2차아파트,전라남도 목포시 옥암동 965,34.8090527,126.4273817
2495,북항광장 공영주차장,전라남도 목포시 죽교동 620-72,34.802742,126.368651
2494,자동차등록사무소,전라남도 목포시 연산동 1236-10,34.8131778,126.3767096
2493,원형2공영주차장,전라남도 목포시 상동 1130,34.7991044,126.4324467
2492,원형1공영주차장,전라남도 목포시 상동 1133,34.7980645,126.4302706
2491,신흥동 주민센터,전라남도 목포시 상동 959,34.7988678,126.4188992
2490,부주동 행정복지센터,전라남도 목포시 옥암동 1249,34.8104711,126.4476239
2489,목포시청 민원주차장,전라남도 목포시 용당동 1188-2,34.8116776,126.3923031
2488,동부시장공영주차장,전라남도 목포시 용당동 1053-8,34.8045774,126.3933869
2487,목포유통센터,전라남도 목포시 석현동 247,34.8193212,126.4297243
2409,근화베아채스위트아파트,전라남도 무안군 삼향읍 남악리 2532,34.806834,126.473554
2313,천년나무아파트,전라남도 목포시 대성동 222,34.801939,126.381872
2311,근화베아채아파트,전라남도 무안군 삼향읍 남악리 1480,34.813349,126.470191
2145,이마트 목포점,전라남도 목포시 옥암동 915-25,34.8116448,126.4251764
2144,목포농협 하나로마트,전라남도 목포시 석현동 608-6,34.8233609,126.422112
1943,남악제일풍경채,전라남도 무안군 삼향읍 남악리 2601,34.811732,126.481238
1584,제일2차하이빌 아파트,전라남도 목포시 옥암동 984,34.806862,126.431369
1583,목포옥암부영애시앙2차 아파트,전라남도 목포시 옥암동 1144,34.8096798,126.434406
1582,대성사랑으로,전라남도 목포시 석현동 1074,34.818997,126.422224
1093,코아루천년가 아파트,전라남도 목포시 옥암동 1312,34.8087359,126.4528802
874,옥암한국아델리움,전라남도 목포시 옥암동 1178,34.8065176,126.4458839
633,상동 우성 아파트,전라남도 목포시 상동 886,34.8024484,126.4218116
96,목포지사,전라남도 목포시 용해동 115-2,34.8034546,126.4094598
8073,무안지사(공용),전라남도 무안군 무안읍 교촌리 70-2,34.9916806,126.4710729
7317,증도면 솔무등공원 전기버스 주차장 충전소,전남 신안군 증도면 증동리 1584-11,34.9955313,126.139272
7316,지도서부 정류소 전기버스용 충전소,전남 신안군 지도읍 읍내리 168-55,35.0590906,126.2048844
5317,무안국제공항,전라남도 무안군 망운면 피서리 1065,34.9947153,126.3888742
242,무안 청호쉼터(광주방면 국도),전라남도 무안군 일로읍 청호리 산 23-65(상행),34.788602,126.515277
97,무안지사,전라남도 무안군 무안읍 교촌리 70-2,34.9916806,126.4710729
8074,보성지사(공용),전라남도 보성군 보성읍 원봉리 17,34.7623847,127.0725962
5467,한국농어촌공사 보성지사 전기차 충전소,전라남도 보성군 보성읍 보성리 31-1,34.7701577,127.0903458
5464,예당도서관 전기차 충전소,전라남도 보성군 득량면 예당리 373,34.7797799,127.1968166
5463,(고속도로)보성녹차휴게소 영암방향,전라남도 보성군 미력면 화방리 산 196-7,34.813902,127.127522
5462,(고속도로)보성녹차휴게소 순천방향,전라남도 보성군 겸백면 수남리 385-3,34.8088217,127.1824332
3455,벌교읍사무소,전라남도 보성군 벌교읍 벌교리 602-2,34.847421,127.3415878
98,보성지사,전라남도 보성군 보성읍 원봉리 17,34.7623847,127.0725962
8076,광주전남전력관리처(공용),광주광역시 서구 농성동 649-8,35.1525761,126.8829791
8075,서광주지사(공용),광주광역시 서구 농성동 161-1,35.1514574,126.8910367
7342,빛고을골프장,광주 남구 노대동 879,35.097866,126.8978281
5924,농성1동 공영주차장,광주광역시 서구 농성동 68-10,35.153447,126.8920886
5438,동천동 주민센터,광주광역시 서구 동천동 611,35.1708898,126.8646702
5435,서창동 주민센터,광주광역시 서구 세하동 553-1,35.1144928,126.8302657
5067,빛나는 청춘 발산 공영주차장,광주광역시 서구 양동 438-79,35.1603285,126.8913062
5065,덕흥동 공영주차장,광주광역시 서구 덕흥동 570,35.1656122,126.8376222
5061,화정3동주민센터 공영주차장,광주광역시 서구 화정동 818-8,35.1435978,126.8769072
4718,광주전남전력관리처,광주광역시 서구 농성동 649-8,35.1525761,126.8829791
4445,광주시청자미디어센터,광주광역시 서구 금호동 781-5,35.1239405,126.8624188
4444,진월 국제테니스장,광주광역시 남구 진월동 540,35.1113081,126.8992265
4443,빛고을 전남대병원,광주광역시 남구 덕남동 113,35.0941932,126.8961984
3692,상무지오스테이션아파트,광주광역시 서구 쌍촌동 1378,35.1613744,126.8645353
3533,매월동 전기버스 충전소,광주광역시 서구 매월동 373-1,35.1125904,126.8438565
3356,유니버시아드힐스테이트1단지,광주광역시 서구 화정동 1611,35.147517,126.883134
3298,광천e편한세상아파트,광주광역시 서구 광천동 895,35.163285,126.878291
3276,효천2지구 중흥S클래스,광주광역시 남구 행암동 530,35.100067,126.881528
3251,상무2차라인대주아파트,광주광역시 서구 치평동 1171-6,35.148173,126.844677
3209,금호동 진흥더블파크,광주광역시 서구 금호동 613-6,35.127733,126.854088
3184,유니버시아드힐스테이트2단지,광주광역시 서구 화정동 1610,35.1463735,126.879687
3133,쌍촌동 한국농어촌공사 주차장,광주광역시 서구 쌍촌동 994-1,35.1508127,126.8665007
2901,금호5차호반리젠시빌,광주광역시 서구 금호동 809,35.129768,126.855998
2704,상무2차호반리젠시빌,광주광역시 서구 유촌동 852,35.1637274,126.8582357
2408,상무버들1단지,광주광역시 서구 유촌동 864,35.165531,126.861148
1578,제일풍경채에듀파크2차,광주광역시 남구 행암동 562,35.101499,126.887073
1576,봉선동제일풍경채엘리트파크,광주광역시 남구 봉선동 1092,35.121614,126.908345
629,상무 SK뷰,광주광역시 서구 치평동 1331,35.14684,126.851261
355,보훈병원 주차장,광주광역시 남구 주월동 1156-10,35.13085,126.9013494
354,양동시장 공영주차장,광주광역시 서구 양동 5-31,35.1521746,126.9029454
319,광주전남전력관리처(공용),광주광역시 서구 농성동 649-8,35.1525761,126.8829791
247,양림마을주차장,광주광역시 남구 양림동 202-27,35.141811,126.915153
246,다목적체육관,광주광역시 남구 진월동 41-5,35.1140905,126.9086251
244,풍암호수공원 공영주차장,광주광역시 서구 풍암동 857-1,35.1257587,126.8688908
99,서광주지사,광주광역시 서구 농성동 161-1,35.1514574,126.8910367
8077,순천지사(공용),전라남도 순천시 석현동 81,34.969237,127.485836
5790,순천 농산물도매시장,전라남도 순천시 해룡면 월전리 9-1,34.9165303,127.5369593
5789,순천 팔마종합운동장,전라남도 순천시 연향동 752,34.9363589,127.5199157
5315,순천만습지주차장,전라남도 순천시 대대동 162-2,34.8870513,127.5087194
5270,아랫장주차장,전라남도 순천시 풍덕동 1264,34.94509,127.49541
5269,부읍성남문터 광장 주차장,전라남도 순천시 영동 8,34.95394,127.48338
5268,철도운동장,전라남도 순천시 조곡동 82-170,34.979755,127.499714
5265,순천만가든마켓,전라남도 순천시 연향동 813-7,34.93087,127.51582
4490,월등면행정복지센터,전라남도 순천시 월등면 대평리 241-9,35.0934315,127.3803529
4489,CGV 신대점,전라남도 순천시 해룡면 신대리 2139,34.92663,127.55258
4363,왕조2동공영주차장,전라남도 순천시 조례동 1823-1,34.95508,127.53268
3761,순천로컬푸드,전라남도 순천시 조례동 1871,35.023752,127.4536055
3438,상사면사무소,전라남도 순천시 상사면 흘산리 252-22,34.9390834,127.4550336
3420,별량면사무소,전라남도 순천시 별량면 봉림리 178-3,34.8742984,127.4519922
3377,해룡면 신대출장소,전라남도 순천시 해룡면 신대리 1971,34.9366243,127.5481836
3290,향림현대2차아파트,전라남도 순천시 석현동 525,34.9733684,127.475323
2700,오천호반베르디움아파트,전라남도 순천시 오천동 950,34.9378262,127.4927821
2502,왕지수매골 주차장,전라남도 순천시 조례동 1808-10,34.9562844,127.5334795
2501,연향도서관,전라남도 순천시 연향동 1379-1,34.9469588,127.5185178
2500,순천만습지 주차장,전라남도 순천시 대대동 162-2,34.886206,127.507793
2499,서면사무소,전라남도 순천시 서면 동산리 873,34.9947403,127.4884901
2498,드라마촬영장,전라남도 순천시 비례골길 24,34.958482,127.538166
2497,낙안읍성 주차장,전라남도 순천시 낙안면 평촌리 10-2,34.90351,127.3438535
2496,금당공용주차장,전라남도 순천시 연향동 1513-1,34.9446253,127.5258267
2413,순천 서해골드빌,전라남도 순천시 조례동 1730-1,34.9717771,127.5198259
2412,순천 롯데캐슬,전라남도 순천시 왕지동 843,34.975303,127.5272871
2411,금강메트로빌아파트,전라남도 순천시 조곡동 566,34.9586811,127.4976882
2314,신대 중흥S클래스 6단지 메가타운,전라남도 순천시 해룡면 신대리 1968,34.935739,127.543654
2147,순천원예농협 하나로마트,전라남도 순천시 남정동 568-2,34.939344,127.493203
1944,순천두산위브1단지,전라남도 순천시 왕지동 891,34.9754621,127.5244894
100,순천지사,전라남도 순천시 석현동 81,34.969237,127.485836
8906,장산면 전기버스충전소,전남 신안군 장산면 도창리 666,34.6430419,126.1489141
8905,하의면 전기버스충전소,전남 신안군 하의면 웅곡리 213-46,34.6039213,126.0361134
8885,신의면 전기버스충전소,전남 신안군 신의면 상태동리 373-3,34.5847723,126.0886592
5575,도초 전기버스충전소 2,전라남도 신안군 도초면 수항리 324-1,34.7030312,125.9551157
5574,비금 전기버스충전소 2,전라남도 신안군 비금면 덕산리 105,34.755103,125.925866
5573,비금 전기버스충전소 1,전라남도 신안군 비금면 덕산리 105,34.755103,125.925866
4960,도초 전기버스충전소 1,전라남도 신안군 도초면 수항리 324-1,34.702581,125.9549635
193,안좌변전소,전라남도 신안군 안좌면 대척리 662,34.7422963,126.1306432
122,신안지사,전라남도 신안군 안좌면 읍동리 1105,34.7547893,126.1258284
5356,학동 등기소 공영주차장,전라남도 여수시 학동 96-4,34.7595427,127.6655934
5355,학동 수자원공사 공영주차장,전라남도 여수시 학동 180,34.7572893,127.664737
5354,묘도동 주민센터 충전설비,전라남도 여수시 묘도동 915-1,34.8746932,127.7097666
4104,선경3차아파트,전라남도 여수시 미평동 807,34.7710171,127.6990355
3522,여수지사,전라남도 여수시 미평동 573-1,34.766172,127.7040008
3470,여수공항,전라남도 여수시 율촌면 신풍리 979,34.8418229,127.6127941
3454,죽림2공원 주차장,전라남도 여수시 소라면 죽림리 1140,34.7647972,127.6372164
3437,웅천친수공원 주차장,전라남도 여수시 웅천동 1692,34.7471658,127.6682838
3436,이순신공원 주차장,전라남도 여수시 웅천동 1865-1,34.7444402,127.6798595
3172,신월코아루아파트,전라남도 여수시 신월동 51,34.7277261,127.71026
2756,남양 아파트,전라남도 여수시 선원동 1256,34.7714124,127.6513098
2159,향일암 주차장,전라남도 여수시 돌산읍 율림리 6-5,34.594496,127.804081
2158,율촌도서관 공영주차장,전라남도 여수시 율촌면 조화리 65-1,34.883824,127.578332
2156,여서청사 주차장,전라남도 여수시 여서동 222-2,34.754196,127.708545
2155,여문공영주차장,전라남도 여수시 여서동 237,34.751719,127.703117
2154,배수펌프 주차장,전라남도 여수시 남산동 710,34.7372798,127.7317001
2153,동백공영주차장,전라남도 여수시 수정동 280,34.7419547,127.7514871
2152,내트럭 여수사업소,전라남도 여수시 주삼동 1020,34.7976644,127.6623865
2151,공단반점 앞 주차장,전라남도 여수시 월하동 1145-5,34.807831,127.669672
2150,공단119 인근 주차장,전라남도 여수시 중흥동 1695-1,34.8398272,127.694488
1945,여수청솔1차 아파트,전라남도 여수시 돌산읍 우두리 1046-1,34.7196027,127.7477965
1591,신월대주 아파트,전라남도 여수시 신월동 1-4,34.7283112,127.7121121
880,우미이노스빌,전라남도 여수시 선원동 1341,34.7624678,127.6513162
878,럭키광무 아파트,전라남도 여수시 광무동 928-14,34.75478,127.7231649
349,여수 대포리 졸음쉼터,전라남도 여수시 소라면 대포리 산 125-6,34.815629,127.620338
170,여수지사(공용),전라남도 여수시 미평동 573-1,34.766172,127.7040008
8078,영광지사(공용),전라남도 영광군 영광읍 남천리 366,35.2732059,126.5034406
5325,한국농어촌공사 영광지사,전라남도 영광군 영광읍 신하리 329,35.2744272,126.4922878
5258,국민건강보험공단 영광함평지사,전라남도 영광군 영광읍 신하리 838-6,35.2731007,126.4997731
1585,청미래 아파트,전라남도 영광군 홍농읍 상하리 323-1,35.399494,126.447223
123,영광지사,전라남도 영광군 영광읍 남천리 366,35.2732059,126.5034406
5487,영암소방서,전라남도 영암군 삼호읍 나불리 338-3,34.7668067,126.4392366
5486,F1경기장 충전소,전라남도 영암군 삼호읍 삼포리 1904,34.7301307,126.4176848
5194,영암교육지원청,전라남도 영암군 영암읍 망호리 753,34.80185,126.6864
4109,무등파크 전기차충전소,전라남도 영암군 영암읍 교동리 45,34.7954174,126.6964457
3530,영암공설운동장,전라남도 영암군 영암읍 역리 135-1,34.8049647,126.702328
3399,삼호농협하나로마트,전라남도 영암군 삼호읍 용앙리 237,34.748576,126.473109
2619,대불자유무역지역관리원 주차장,전라남도 영암군 삼호읍 나불리 611-11,34.7700175,126.4597596
2161,영암축협 하나로마트,전라남도 영암군 영암읍 회문리 204,34.7948279,126.6861764
635,대불금호 아파트,전라남도 영암군 삼호읍 용앙리 1679-1,34.753013,126.458374
124,영암지사,전라남도 영암군 영암읍 서남리 75-2,34.8006766,126.6950881
1098,완도진아리채 아파트,전라남도 완도군 완도읍 청해진동로 5 (군내리_진아리채아파트),34.313834,126.740379
318,완도지사,전라남도 완도군 완도읍 군내리 1244-18,34.3167307,126.746285
5444,(고속도로)백양사휴게소 천안방향,전라남도 장성군 북일면 박산리 158,35.3930105,126.8070956
5443,(고속도로)백양사휴게소 순천방향,전라남도 장성군 북이면 모현리 68-1,35.3940266,126.8053131
5192,장성 공설운동장 주차장,전라남도 장성군 장성읍 기산리 133,35.30084,126.77123
5191,한국농어촌공사 장성지사,전라남도 장성군 장성읍 영천리 1458-1,35.29326,126.77438
5190,진원면 행정복지센터,전라남도 장성군 진원면 선적리 128,35.2731362,126.8332672
5189,서삼면 축령산 공용주차장,전라남도 장성군 서삼면 추암리 667,35.35919,126.72808
3513,장성지사,전라남도 장성군 장성읍 보해길 30,35.311497,126.796736
125,장성지사(공용),전라남도 장성군 장성읍 보해길 30,35.311497,126.796736
5421,한국수자원공사,전라남도 장흥군 장흥읍 건산리 208-11,34.6764083,126.9110354
5420,대덕읍사무소,전라남도 장흥군 대덕읍 신월리 118-6,34.4990599,126.8884458
5419,소솜갤러리,전라남도 장흥군 관산읍 삼산리 1564-2,34.5113085,126.970352
5418,회진 해양낚시공원,전라남도 장흥군 회진면 대리 115-12,34.4701064,126.976613
5414,장평면행정복지센터,전라남도 장흥군 장평면 용강리 27-1,34.7734843,126.9752947
5411,수문랜드캠핑장,전라남도 장흥군 안양면 수문리 142-33,34.6344069,127.0331374
3127,한전 장흥지사,전라남도 장흥군 장흥읍 건산리 390-3,34.6782598,126.9085767
8079,진도지사(공용),전라남도 진도군 진도읍 남동리 745-46,34.4816938,126.2611809
5415,의신면사무소,전라남도 진도군 의신면 돈지리 308-1,34.4393225,126.283501
4650,진도문화회관,전라남도 진도군 진도읍 동외리 1189,34.4796373,126.2695665
4647,고군면사무소,전라남도 진도군 고군면 오산리 1064-1,34.49064,126.34318
3765,금골마루,전라남도 진도군 군내면 진도대로 7943,34.5349989,126.298348
3764,임회면사무소,전라남도 진도군 임회면 석교리 803-1,34.4061083,126.1900812
126,진도지사,전라남도 진도군 진도읍 남동리 745-46,34.4816938,126.2611809
5328,함평교육지원청,전라남도 함평군 함평읍 기각리 373-34,35.0671625,126.5219258
5327,학다리고등학교,전라남도 함평군 함평읍 내교리 518,35.0607958,126.5149004
4645,나산면사무소,전라남도 함평군 나산면 삼축리 321-1,35.113975,126.609043
4593,손불면사무소,전라남도 함평군 손불면 대전리 223-1,35.1432124,126.4317782
3514,함평지사,전라남도 함평군 함평읍 내교리 485-12,35.0602753,126.5184792
127,함평지사(공용),전라남도 함평군 함평읍 내교리 485-12,35.0602753,126.5184792
5472,구교리 소공원 전기차충전소,전라남도 해남군 해남읍 구교리 526-4,34.5790709,126.5881325
5302,해남군청 전기차충전소,전라남도 해남군 해남읍 성내리 4,34.5733608,126.59706
3515,해남지사,전라남도 해남군 해남읍 해리 162,34.5718747,126.6093298
128,해남지사(공용),전라남도 해남군 해남읍 해리 162,34.5718747,126.6093298
5367,무등산국립공원(도원야영장),전라남도 화순군 이서면 영평리 850,35.1112168,127.0283326
5366,호남119 특수구조대,전라남도 화순군 이양면 율계리 861,34.8733722,126.994916
3760,화순전남대병원,전라남도 화순군 화순읍 일심리 113,35.059361,127.0029636
3516,화순지사,전라남도 화순군 화순읍 삼천리 651,35.0560616,126.9791564
875,화순광신프로그레스 아파트,전라남도 화순군 화순읍 대리 935,35.0587416,126.9771425
129,화순지사(공용),전라남도 화순군 화순읍 삼천리 651,35.0560616,126.9791564
5271,대구경북건설지사,대구광역시 중구 동인동1가 30-1,35.8726,128.6012
5267,중구 청라국민체육센터 지하,대구광역시 중구 대봉로 208-1 (대봉동_중구청라국민체육센터),35.85705,128.60313
5266,중구 청라국민체육센터 지상,대구광역시 중구 대봉로 208-1 (대봉동_중구청라국민체육센터),35.85722,128.60267
4864,대구축산물프라자 침산점,대구광역시 북구 침산동 430-4,35.8888651,128.5850282
4863,중구보건소,대구광역시 중구 태평로3가 174-1,35.8778796,128.5833186
4806,강북실버타운,대구광역시 북구 읍내동 1206-4,35.9425748,128.550416
4805,대구복합스포츠타운,대구광역시 북구 고성동3가 2,35.8829768,128.5880446
4804,효성파머스마켓 칠곡점,대구광역시 북구 구암동 781,35.9416018,128.5694421
4412,산업용재관,대구광역시 북구 유통단지로 16,35.903274,128.60575
4011,투섬플레이스 대구칠곡학정점,대구광역시 북구 호국로 808,35.9574857,128.5665781
4010,축산물도매시장,대구광역시 북구 검단북로11길 11,35.9159431,128.6105101
4009,동북지방통계청,대구광역시 북구 동천동951-1,35.9445017,128.5576446
3790,칠곡홈플러스(추가분),대구광역시 북구 동천동 968,35.9448762,128.5560423
3786,유통단지 섬유제품관,대구광역시 북구 유통단지로60 (산격동),35.90598,128.609314
3784,한국농어촌공사 경북지역본부 주차장,대구광역시 북구 구암로 158 (구암동),35.931128,128.557756
3777,HC홈센타홀딩스 주차장,대구광역시 북구 노원동3가 34-11,35.898285,128.575416
3697,칠곡현대1차아파트,대구광역시 북구 태전동 997,35.931235,128.549993
3509,대구직할,대구광역시 북구 원대로 110,35.886482,128.583484
3327,삼일펠리체,대구광역시 북구 노원동1가 원대로 125,35.8884924,128.5823124
3223,현대전원맨션,대구광역시 북구 태전동 칠곡중앙대로46길 25,35.918511,128.54898
3158,칠곡부영5단지아파트,대구광역시 북구 구암동 789,35.9359793,128.5628321
3014,동서변그린빌아파트,대구광역시 북구 동변동 679,35.917286,128.603377
2737,침산동화타운,대구광역시 북구 침산동 침산남로7길 50-21,35.893684,128.579627
2419,삼덕청아람리슈빌,대구광역시 중구 삼덕동3가 달구벌대로447길 77,35.866351,128.606664
2324,매천화성파크드림,대구광역시 북구 매천동 매전로 17,35.909805,128.543802
2323,대한동아침산1차무지개아파트,대구광역시 북구 침산동 침산로21길 24,35.887253,128.588102
2190,이마트 칠성점,대구광역시 북구 칠성동2가 20-1,35.8852386,128.5902685
2189,대백프라자,대구광역시 중구 대봉동 214,35.8570389,128.6062347
2188,대구오토월드,대구광역시 북구 노원동3가 184-1,35.8966367,128.5732663
2187,경북대학교(대구캠퍼스),대구광역시 북구 산격동 1370-1,35.887792,128.613286
1687,신성미소시티주상복합 아파트,대구광역시 중구 계산동2가 달구벌대로 2051,35.866984,128.588592
1606,태전한일 아파트,대구광역시 북구 태전동 칠곡중앙대로53길 32,35.919035,128.542583
1604,태왕아너스스카이,대구광역시 중구 대신동 305-1,35.865366,128.579848
1602,침산동2차쌍용예가,대구광역시 북구 침산동 성북로9길 12,35.892642,128.589274
1600,센트로팰리스,대구광역시 중구 대봉동 대봉로 260,35.861874,128.601805
1599,삼진목화 아파트,대구광역시 북구 읍내동 대천로9길 15,35.93932,128.554255
1598,복현현대맨션,대구광역시 북구 복현동 복현로 115,35.900084,128.618844
1597,복현푸르지오,대구광역시 북구 복현동 동북로 345,35.89151,128.628705
1596,반월당삼정그린코아,대구광역시 중구 남산동 중앙대로67길 10,35.863534,128.59218
1595,금호신도시서한이다음,대구광역시 북구 사수동 한강로 17,35.898005,128.511182
1594,SD아이프라임강북,대구광역시 북구 읍내동 칠곡중앙대로125길 7,35.950724,128.551119
1101,대구효성해링턴플레이스,대구광역시 중구 남산동 3006,35.861471,128.594499
641,대현e편한세상 아파트,대구광역시 북구 대현동 대현로10길 82,35.881693,128.603905
639,남산그린타운 아파트,대구광역시 중구 남산동 달구벌대로 1950,35.862285,128.577246
484,대신센트럴자이 아파트,대구광역시 중구 대신동 달구벌대로 1955,35.864668,128.578004
401,대구유통단지 전자관,대구광역시 북구 유통단지로 45,35.908173,128.60655
231,3호선 칠곡차량기지,대구광역시 북구 동호동 109,35.960892,128.558904
230,롯데역사(주) 대구점,대구광역시 북구 칠성동2가 302-155,35.87641,128.59713
61,대구직할(공용),대구광역시 북구 원대로 110,35.886482,128.583484
8085,한국전력 경산지사(공용),경상북도 경산시 중방동 880-17,35.8231962,128.7386536
7016,경산소방서119구조대,경북 경산시 압량읍 신대리 149,35.8384677,128.7697097
5604,당리 다목적광장 EVC,경상북도 경산시 압량읍 당리리 471-1,35.817,128.7944955
4842,중소벤처기업진흥공단 대구경북연수원,경상북도 경산시 경청로 222길 86,35.800448,128.746356
4841,영남대학교(조영동),경상북도 경산시 조영동 321,35.836096,128.763725
4840,영남대학교(삼풍동),경상북도 경산시 삼풍동 300,35.82553,128.753255
4839,자인종합주차장,경상북도 경산시 자인면 서부리 263-1,35.81641,128.821493
4838,옥산2지구 지상공영주차장,경상북도 경산시 옥산동 733-1,35.827217,128.727174
4837,자인 교촌리 공영주차장,경상북도 경산시 자인면 교촌리 192-4_192-8_192-22_192-9_385,35.823522,128.82722
4836,경산시농업기술센터,경상북도 경산시 자인면 계정길 7,35.816402,128.812307
4835,동서리공영주차장,경상북도 경산시 하양읍 동서리 593-3번지 일원,35.91684,128.817236
4834,양기리공영주차장,경상북도 경산시 진량읍 양기리 401-3_400-7_400-13_400-18,35.893328,128.835267
4833,옥곡공영주차장,경상북도 경산시 옥곡동 768,35.813619,128.730428
4832,부기리공영주차장,경상북도 경산시 진량읍 부기리 716_567-1,35.906933,128.822635
4831,신대부적공영주차장,경상북도 경산시 압량읍 신대리 415_471번지,35.84124,128.76342
4830,가일리공영주차장,경상북도 경산시 압량읍 가일길20길 9-1,35.839082,128.781756
4829,경산시보건소,경상북도 경산시 남매로 158,35.824889,128.743163
4828,경산시청,경상북도 경산시 남매로 159,35.825537,128.742122
4827,하양읍행정복지센터,경상북도 경산시 하양읍 동서리 180-8,35.9111672,128.8315538
4438,삼성현역사문화공원 제2주차장,경상북도 경산시 남산면 삼성현공원로59,35.7996827,128.7978169
4411,경산공설시장,경상북도 경산시 서상동 10,35.8205383,128.7353711
4410,경일대학교,경상북도 경산시 하양읍 부호리 33,35.9076504,128.8008647
4408,삼성현역사문화공원 제1주차장,경상북도 경산시 남산면 인흥리 250,35.8008803,128.797053
4405,육동행복센터,경상북도 경산시 용성면 용천리 152-2,35.7641944,128.9135586
4404,용성면사무소,경상북도 경산시 용성면 당리리 158-2,35.7937935,128.8750347
4399,중산119안전센터,경상북도 경산시 중산동 630-1,35.8308885,128.7196284
4366,경산국민체육센터 전기차충전소,경상북도 경산시 진량읍 신상리 685-17,35.872215,128.8167445
4365,한국생산기술연구소 전기차충전소,경상북도 경산시 하양읍 대학리 0,35.9353639,128.8134999
4021,와촌면사무소 주차장내,경상북도 경산시 와촌면 덕촌리 57-1,35.9466427,128.8367361
4020,반곡지 전기충전소,경상북도 경산시 남산면 반곡리 240,35.779718,128.8052594
4015,진량복지회관,경상북도 경산시 진량읍 신상리 743-3,35.8756539,128.812457
4013,경산 시립박물관 정문 고객 주차장,경상북도 경산시 사동 655-1,35.8142601,128.7629188
4008,경산생활체육공원,경상북도 경산시 상방동 10,35.8192517,128.7474907
3536,한국전력 경산지사,경상북도 경산시 중방동 880-17,35.8231962,128.7386536
3189,경산태왕귀빈타운,경상북도 경산시 정평동 222,35.831246,128.728006
2850,신대부적1차부영사랑으로,경상북도 경산시 압량읍 신대리 485,35.8412662,128.7683242
2844,경산하양코아루2차,경상북도 경산시 하양읍 하양로37길 19,35.91985,128.82739
2822,신대부적2차부영아파트,경상북도 경산시 압량읍 신대리 486,35.8408939,128.7693091
2796,성암산신동아파밀리에,경상북도 경산시 옥곡동 85-1,35.8143149,128.7270549
2768,하양금락우방타운,경상북도 경산시 하양읍 금락리 391-1,35.9120334,128.8241526
2317,옥산협화타운,경상북도 경산시 옥산동 884,35.8207787,128.7191838
2169,이마트 경산점,경상북도 경산시 중산동 623,35.835233,128.71963
1952,현대타운,경상북도 경산시 정평동 130,35.8357438,128.7285287
1951,하양2차롯데낙천대 아파트,경상북도 경산시 하양읍 금락리 407-1,35.9098537,128.8207826
1950,사동2지구화성파크드림,경상북도 경산시 사동 21,35.8109665,128.7523421
1612,우방힐타운,경상북도 경산시 진량읍 신상리 868,35.8789277,128.8171295
1610,삼주봉황4차타운,경상북도 경산시 진량읍 북리 100,35.8833285,128.8259126
1609,백천신나리 아파트,경상북도 경산시 백천동 588-1,35.8030377,128.7400126
8086,경주지사(공용),경상북도 경주시 동천동 804,35.854436,129.224947
7060,경주동궁원,경북 경주시 북군동 185-1,35.8499838,129.2629188
5352,(고속도로)외동휴게소 포항방면,경상북도 경주시 외동읍 석계리 970,35.6727146,129.288477
5351,(고속도로)외동휴게소 울산방면,경상북도 경주시 외동읍 석계리 산 231-6,35.6725531,129.2853912
5288,농협경주교육원,경상북도 경주시 신평동 235-5,35.842473,129.2894201
4845,민속공예촌 제1주차장,경상북도 경주시 하동 201-14,35.8044916,129.3106333
4844,경주시 농업기술센터,경상북도 경주시 용강동 873-6,35.8674904,129.2254507
4843,용강동행정복지센터,경상북도 경주시 용강동 1316-2,35.8642314,129.223148
4559,불국사농협 하나로마트,경상북도 경주시 시래동 376-3,35.7753722,129.2989038
4436,한국농어촌공사 경주지사,경상북도 경주시 황오동 150-1,35.8421455,129.220781
4432,경주여자정보고등학교,경상북도 경주시 시래동 729-1,35.7730506,129.2906471
4403,동천동 공영주차장,경상북도 경주시 동천동 987-15,35.8590932,129.2251443
4012,황성동 행정복지센터,경상북도 경주시 황성동 167,35.8721129,129.2190393
3400,(고속도로)경주IC휴게소,경상북도 경주시 율동 64-1,35.8126428,129.1945871
3328,경주코아루그랑블아파트,경상북도 경주시 도지동 1018,35.8011281,129.2679414
3292,고려제강 기숙사,경상북도 경주시 건천읍 조전리 13-1,35.8465113,129.1079327
3269,서라벌광장휴게소,경상북도 경주시 율동 593,35.812539,129.197447
2884,한수원 푸르뫼사택,경상북도 경주시 양북면 어일리 1350,35.782526,129.44701
2860,한수원아파트,경상북도 경주시 양남면 읍천리 산 13-2,35.696045,129.467869
2749,현진에버빌1차아파트,경상북도 경주시 황성동 1163,35.884235,129.221615
2517,경주 예술의 전당,경상북도 경주시 황성동 988,35.8622945,129.2063226
2516,불국사주차장,경상북도 경주시 진현동 50-2,35.785666,129.329694
2515,경주화백컨벤션센터,경상북도 경주시 신평동 182,35.83863,129.28921
2175,천북농협 로컬푸드,경상북도 경주시 천북면 모아리 587-2,35.9193808,129.2454627
1954,세잔베르체,경상북도 경주시 황성동 886-1,35.869425,129.210343
646,경주푸르지오 아파트,경상북도 경주시 동천동 989,35.857428,129.220442
465,e편한세상황성,경상북도 경주시 황성동 1170,35.870855,129.21232
271,경주지사,경상북도 경주시 동천동 804,35.854436,129.224947
5722,한국전력고령지점,경상북도 고령군 대가야읍 지산리 260-2,35.7240718,128.2643971
4850,고령군보건소,경상북도 고령군 대가야읍 왕릉로 56-5,35.7252351,128.2648137
4849,내곡2리 마을회관,경상북도 고령군 대가야읍 내곡리 465-9,35.7018683,128.2848268
4848,벌지1리 마을회관,경상북도 고령군 다산면 벌지리 989-1,35.8121908,128.3897882
4847,용소보건진료소,경상북도 고령군 성산면 용소리 207,35.7775323,128.3600539
4846,용담권역문화복지센터,경상북도 고령군 쌍림면 백산리 98-6,35.6766716,128.2087162
4430,성산득성리공용주차장,경상북도 고령군 성산면 득성리 190,35.7519292,128.3728472
4421,고아리 주차장,경상북도 고령군 대가야읍 고아리 127-6,35.727033,128.2698976
4415,대가야테마파크 주차장,경상북도 고령군 대가야읍 대가야로 1216,35.7214058,128.259918
4414,대가야수목원 주차장,경상북도 고령군 대가야읍 장기리 산8-1,35.7282834,128.2860156
4019,덕곡면사무소,경상북도 고령군 덕곡면 덕운로 570,35.779339,128.233012
4016,개진면 행정복지센터 주차장,경상북도 고령군 개진면 개포리 240-1,35.708287,128.350238
4006,다산면사무소 주차장 부지(신규),경상북도 고령군 다산면 상곡리 175-1,35.8225237,128.4505363
883,금류강남타운1차,경상북도 고령군 다산면 상곡리 358,35.8228489,128.4474687
8087,김천지사(공용),경상북도 김천시 모암길 210,36.126467,128.119564
5786,김천시 중앙보건지소,경상북도 김천시 남산동 28-18,36.1190505,128.1192829
5785,양금동 행정복지센터,경상북도 김천시 황금동 129-14,36.1104928,128.123737
4811,지텍(주),경상북도 김천시 율곡동 1106,36.1272249,128.1802131
4437,어모면사무소,경상북도 김천시 어모면 중왕리 551,36.180574,128.1190344
4023,김천경찰서,경상북도 김천시 혁신8로 8,36.1269177,128.1821302
4004,경북보건대학,경상북도 김천시 대학로 168,36.1382002,128.0837676
3159,센트럴파크 한신휴플러스,경상북도 김천시 혁신4로 12,36.120459,128.182822
1627,혁신영무예다음1차 아파트,경상북도 김천시 혁신8로 66,36.126249,128.188547
1626,중흥S클래스프라디움,경상북도 김천시 혁신6로 57,36.125145,128.188049
1625,엠코타운더플레닛,경상북도 김천시 용전1로 9,36.118202,128.185669
1624,아포덕일한마음 아파트,경상북도 김천시 아포읍 한지2길 64-9,36.15804,128.264439
1622,골드클래스,경상북도 김천시 혁신2로 76,36.118627,128.180776
1621,경북혁신LH천년나무2단지,경상북도 김천시 혁신4로 72,36.119791,128.190064
1104,영무예다음2차 아파트,경상북도 김천시 용전3로 24,36.120534,128.193342
1103,김천한신휴플러스,경상북도 김천시 혁신4로 46,36.120722,128.185553
59,김천지사,경상북도 김천시 모암길 210,36.126467,128.119564
8088,남대구지사(공용),대구광역시 달성군 화원읍 비슬로509길 26,35.803485,128.493136
5834,(전주거치형)금강로16길 노상주차장,대구광역시 달성군 논공읍 금포리 1313,35.7758851,128.4320908
5833,(전주거치형)논공로15길 노상주차장,대구광역시 달성군 논공읍 남리 1142-15,35.7278088,128.4409995
5832,(전주거치형)논공중앙로 노상주차장,대구광역시 달성군 논공읍 북리 833-75,35.7278832,128.4492456
5831,(전주거치형)논공중앙로34길노상주차장,대구광역시 달성군 논공읍 북리 1-134,35.728701,128.454477
5822,(전주거치형)비슬로길 노상주차장,대구광역시 달성군 논공읍 남리 137-21,35.727784,128.4349702
5769,성서용산시장공영주차장,대구광역시 달서구 용산동 448-9,35.8561212,128.5218551
5723,한전달성전력지사,대구광역시 달성군 화원읍 구라리 1718-1,35.8100532,128.5104902
5545,한국산업인력공단,대구광역시 달서구 갈산동 971-5,35.836122,128.506474
5312,(고속도로)현풍휴게소 창원방면,대구광역시 달성군 현풍읍 성하리 272,35.7017331,128.4353346
5311,(고속도로)현풍휴게소 대구방면,대구광역시 달성군 현풍읍 성하리 716,35.7018189,128.4381535
5260,비슬산 유스호스텔,대구광역시 달성군 유가읍 용리 31-2,35.6921603,128.5059466
4852,계명대학교 성서캠퍼스(공학관),대구광역시 달서구 달구벌대로 1095,35.859394,128.488131
4851,계명대학교 성서캠퍼스(동영관),대구광역시 달서구 신당동 1000-2,35.8534452,128.484553
4800,대구경북과학기술원,대구광역시 달성군 현풍읍 상리 50-1,35.7044639,128.4583677
4433,한국폴리텍대학 달성캠퍼스,대구광역시 달성군 논공읍 논공로 226,35.72241,128.45463
4413,한국생산기술연구원(달성),대구광역시 달성군 유가읍 테크노순환로 320,35.69157,128.47115
4028,대곡역그린빌아파트,대구광역시 달성군 화원읍 명천로 57,35.8032097,128.5104215
4025,청구청탑맨션,대구광역시 달성군 화원읍 본리리 1-2,35.8073156,128.5085356
4024,명곡미래빌1단지,대구광역시 달성군 화원읍 명곡로 11,35.7991434,128.4978588
3870,송현월성아파트,대구광역시 달서구 송현동 1909-27,35.8258014,128.5425403
3783,송현2동공영주차장,대구광역시 달서구 송현동 496-2,35.8325054,128.5475093
3780,달서구노인종합복지관,대구광역시 달서구 본동 804-2,35.8334306,128.5417838
3774,배실공원주차장,대구광역시 달서구 이곡동 1319,35.8619763,128.5064988
3772,학산근린공원삼거리주차장,대구광역시 달서구 본동 1119,35.8323272,128.5385782
3343,월배역라온프라이빗,대구광역시 달서구 진천동 72,35.8176292,128.528699
3173,월성동서타운,대구광역시 달서구 월성동 학산로7길 5,35.82844,128.531701
3010,lh옥포천년나무2단지,대구광역시 달성군 옥포읍 돌미로 51,35.779782,128.438024
3004,앞산청구제네스,대구광역시 달서구 월배로 340,35.825421,128.547772
2973,성서무지개타운,대구광역시 달서구 선원로 171,35.859615,128.511712
2861,성서삼성한국형,대구광역시 달서구 호산로 126,35.851485,128.480022
2514,달성유통센터,대구광역시 달성군 화원읍 설화리 555,35.7996087,128.487083
2418,한빛타운,대구광역시 달성군 화원읍 비슬로491길 13,35.79842,128.485948
2417,진천역AK그랑폴리스,대구광역시 달서구 유천동 월배로11길 33,35.813895,128.517482
2319,월성화성타운,대구광역시 달서구 월성동 학산로2길 27,35.82554,128.534295
1965,협성휴포레월성,대구광역시 달서구 조암로10길 11,35.824282,128.522593
1964,진천역대성스카이렉스,대구광역시 달서구 진천동 월배로 80,35.813416,128.523821
1963,제일풍경채센트럴,대구광역시 달성군 유가면 테크노대로 165,35.690525,128.466221
1961,월성동삼성래미안 아파트,대구광역시 달서구 월성동 상원로 143,35.819973,128.528114
1960,성서우방유쉘 아파트,대구광역시 달서구 파호동 달구벌대로 995,35.853869,128.475762
1664,화원태왕타운,대구광역시 달성군 화원읍 성화로4길 13,35.802169,128.491892
1663,호반베르디움더클래스,대구광역시 달성군 유가면 테크노대로5길 80,35.696529,128.468846
1662,테크노폴리스진아리채,대구광역시 달성군 유가면 테크노대로5길 79,35.69627,128.464332
1661,테크노폴리스서한이다음,대구광역시 달성군 현풍면 테크노상업로 33,35.692132,128.453111
1660,테크노폴리스반도유보라,대구광역시 달성군 유가면 테크노대로 195,35.689698,128.469387
1659,진천코오롱하늘채,대구광역시 달서구 진천동 상화로 65,35.808533,128.521287
1658,진천역대우이안 아파트,대구광역시 달서구 진천동 진천로 18길 10,35.816148,128.524426
1657,제일풍경채더퍼스트,대구광역시 달성군 현풍면 테크노상업로 49,35.693283,128.454152
1654,성서청남타운,대구광역시 달서구 이곡동 성서서로 330,35.85458,128.501129
1652,성서2차영남우방타운,대구광역시 달서구 용산동 이곡공원로 83,35.856007,128.516154
1651,성서1차영남우방타운,대구광역시 달서구 용산동 성지로 11,35.854369,128.51704
1647,상인보성맨션,대구광역시 달서구 상인동 상인서로 75,35.816608,128.541715
1645,보성은하타운,대구광역시 달서구 상인동 월곡로 320,35.822711,128.535217
1644,미리샘마을,대구광역시 달서구 도원동 한실로 134,35.805211,128.540946
1643,롯데캐슬레이크,대구광역시 달서구 도원동 상화로58길 86,35.805573,128.548189
1640,대구월배2차IPARK,대구광역시 달서구 유천동 월배로5길 76,35.818176,128.512539
1639,대곡주공9단지아람마을,대구광역시 달서구 도원동 한실로 30,35.806931,128.530149
1637,대곡사계절타운,대구광역시 달서구 도원동 한실로 117,35.80885,128.538466
1107,나래마을,대구광역시 달서구 도원동 한실로 29,35.808652,128.529815
664,평광행복타운 아파트,대구광역시 달성군 논공읍 논공중앙로22길 12,35.725803,128.447303
663,월촌화성타운 아파트,대구광역시 달서구 상인동 송현로7길 41,35.818759,128.547811
662,월배역포스코더샵 아파트,대구광역시 달서구 진천동 월서로 51,35.818373,128.528983
661,성서 한샘타운 아파트,대구광역시 달서구 이곡동 선원남로 77,35.858587,128.508768
660,성서 한빛마을 아파트,대구광역시 달서구 이곡동 선원남로 99,35.857853,128.511895
657,상인대성스카이렉스 아파트,대구광역시 달서구 상인동 월배로 183,35.818483,128.533294
656,달성2차청아람 아파트,대구광역시 달성군 구지면 과학마을로2길 6,35.654728,128.415188
475,힐데스하임,대구광역시 달성군 유가면 테크노북로9길 42,35.692381,128.468806
474,천내보성타운,대구광역시 달성군 화원읍 화원로 37,35.808062,128.498141
471,상인서한타운,대구광역시 달서구 상인동 상인서로 46,35.814938,128.544887
470,대곡역그린빌,대구광역시 달성군 화원읍 명천로 57,35.803562,128.510814
402,LH대구경북본부,대구광역시 달서구 상화로 272,35.807675,128.543916
241,화원명곡공원,대구광역시 달성군 화원읍 인흥1길 12,35.798161,128.504793
240,달성종합스포츠파크,대구광역시 달성군 현풍읍 성하리 228-2,35.701564,128.4427145
239,대구수목원 제3주차장,대구광역시 달서구 대곡동 1041,35.8031692,128.5188198
60,남대구지사,대구광역시 달성군 화원읍 비슬로509길 26,35.803485,128.493136
5644,동대구지사(공용),대구광역시 동구 효목동 626,35.8745187,128.6407364
4799,대구범어더리브스퀘어,대구광역시 수성구 범어동 2262,35.8641751,128.6188774
4798,대구보호관찰소,대구광역시 동구 신암동 1503,35.8883475,128.6376589
4018,MS카오디오,대구광역시 동구 용계동 942-3,35.8738273,128.68723
4014,네이처파크 스파벨리,대구광역시 달성군 가창면 가창로 891(가창면 냉천리),35.787978,128.636201
4007,수성대학교,대구광역시 수성구 만촌동 1078,35.8540077,128.6468637
3789,남부순환도로,대구광역시 수성구 앞선터널로 519(파동 546-2),35.8101661,128.6149481
3779,한일우호관,대구광역시 달성군 가창면 우록리 175-1,35.7233584,128.6471482
3775,노변공영주차장,대구광역시 수성구 시지동 490,35.8391989,128.6942758
3696,혁신도시서한이다음4차,대구광역시 동구 숙천동 388,35.8788004,128.7531632
3631,만촌태왕아너스,대구광역시 수성구 만촌동 1481,35.8564972,128.6485425
3311,신천자이아파트,대구광역시 동구 신천동 1503,35.8767754,128.6126759
3278,대구혁신센텀힐즈,대구광역시 동구 대림동 887,35.8732498,128.746686
3239,강변동서마을관리사무소,대구광역시 동구 용계동 471-1,35.872725,128.679762
3222,협화문화아파트,대구광역시 동구 검사동 1021,35.887701,128.648807
3196,천일맨션,대구광역시 동구 신기동 555,35.868431,128.703306
2898,수성아이파크,대구광역시 수성구 파동로22길 15 (파동_수성 아이파크),35.813272,128.619417
2633,진로이스트타운,대구광역시 동구 효목동 55,35.884403,128.636937
2322,태왕그린힐즈,대구광역시 동구 파계로 46 (지묘동_태왕그린힐즈),35.938917,128.639368
2321,지산화성파크드림,대구광역시 수성구 지범로17길 85 (지산동_지산 화성 파크드림),35.827664,128.627982
2320,영조아름다운나날1단지,대구광역시 동구 안심로 402 (신서동_영조아름다운나날1단지),35.868114,128.729575
2184,이마트 반야월점,대구광역시 동구 신서동 520-1,35.871443,128.727616
2183,대구축협 축산물프라자,대구광역시 동구 용계동 444-2,35.874749,128.677147
2182,대구공항,대구광역시 동구 공항로 221 (지저동_대구국제공항),35.900139,128.636866
2181,가창체육공원,대구광역시 달성군 가창면 대일리 319-1,35.767687,128.649503
1968,우방한가람타운,대구광역시 수성구 수성동1가 272-11,35.8543299,128.6103531
1967,신천휴먼시아5단지,대구광역시 동구 동부로 26 (신천동_신천휴먼시아5단지),35.872083,128.615475
1966,대구혁신LH이노힐즈,대구광역시 동구 메디밸리로 35 (사복동_대구혁신엘에이치이노힐즈),35.875466,128.748509
1684,태왕메트로시티,대구광역시 동구 동북로 500 (효목동_태왕메트로시티),35.880112,128.638707
1682,율하휴먼시아12단지,대구광역시 동구 금호강변로 315 (율하동_율하 휴먼시아12단지),35.861308,128.697344
1681,웰리치시지,대구광역시 수성구 욱수동 246,35.833707,128.710297
1679,아이프라임시지,대구광역시 수성구 달구벌대로 3110 (시지동_아이프라임 시지),35.841984,128.696648
1678,신암뜨란채,대구광역시 동구 아양로7길 12 (신암동_신암뜨란채),35.883673,128.617472
1677,시지한신휴플러스,대구광역시 수성구 달구벌대로669길 50 (사월동_시지한신휴플러스),35.837497,128.722073
1676,시지우방하이츠,대구광역시 수성구 매호동 1033,35.8414088,128.7112917
1675,시지5차월드하이츠,대구광역시 수성구 욱수천로 7 (욱수동_태왕월드하이츠아파트),35.829343,128.709307
1674,시지4차태왕레전드,대구광역시 수성구 달구벌대로645길 22 (매호동_시지우방하이츠),35.830691,128.709442
1672,사월화성파크드림2단지,대구광역시 수성구 달구벌대로 3304-1 (신매동_사월화성파크드림 2단지),35.835134,128.716546
1669,범물우방미진하이츠,대구광역시 수성구 지범로 290 (범물동_범물우방미진아파트),35.81433,128.647874
1667,각산태영데시앙,대구광역시 동구 각산동 905,35.873754,128.711419
1666,e편한세상범어,대구광역시 수성구 들안로78길 45 (범어동_이편한세상범어),35.866123,128.620601
1115,혁신서한이다음3차,대구광역시 동구 대림동 885,35.875398,128.746582
1114,율하우방아이유쉘,대구광역시 동구 금호강변로3길 22 (율하동_우방아이유쉘아파트),35.868946,128.687756
1111,e편한세상 세계육상선수촌2단지,대구광역시 동구 안심로16길 71 (율하동_e편한세상세계육상선수촌2단지),35.861449,128.694848
675,시지동화아이위시 아파트,대구광역시 수성구 달구벌대로669길 20 (사월동_시지동화 아이위시아파트),35.836158,128.722965
674,시지3차신매보성타운 아파트,대구광역시 수성구 달구벌대로651길 23 (신매동_시지3차신매보성타운),35.839401,128.71304
672,수성대백인터빌 아파트,대구광역시 수성구 수성동1가 259-40,35.855795,128.613111
671,수성누리빌데시앙 아파트,대구광역시 수성구 국채보상로 1019 (만촌동_수성누리빌데시앙),35.867406,128.640868
670,범어월드메르디앙웨스턴카운티 아파트,대구광역시 수성구 범어천로 200 (범어동_범어 월드메르디앙 웨스턴 카운티),35.864891,128.621296
669,무열마을 아파트,대구광역시 수성구 무열로 56 (만촌동),35.861702,128.651085
668,만촌태왕리더스 아파트,대구광역시 수성구 무열로 47 (만촌동_만촌태왕리더스),35.863548,128.648335
666,동대구유성푸르나임 아파트,대구광역시 동구 동부로22길 48 (신천동_유성푸르나임),35.872221,128.626568
481,이시아폴리스더샵1차,대구광역시 동구 팔공로53길 10 (봉무동_이시아폴리스 더샵 1차),35.925831,128.640235
480,시지월드메르디앙,대구광역시 수성구 천을로 70 (시지동_시지월드메르디앙),35.843553,128.697712
479,수성태왕하이츠리버뷰,대구광역시 수성구 달구벌대로454길 9 (수성동1가_수성태왕하이츠리버뷰),35.859238,128.610602
477,범어쌍용예가,대구광역시 수성구 명덕로 477 (범어동_범어 쌍용 예가),35.854391,128.622315
476,범물인앤인 아파트,대구광역시 수성구 지범로 52 (지산동),35.813982,128.644375
334,대구전력관리처,대구광역시 수성구 수성동4가 1000-1,35.8616005,128.6205188
237,수성구민운동장,대구광역시 수성구 범어동 630-1,35.851314,128.629358
236,수성패밀리파크,대구광역시 수성구 팔현길 88-46,35.868964,128.672567
235,방촌천 복개주차장,대구광역시 동구 검사동 955-21,35.884712,128.657545
234,시민안전테마파크,대구광역시 동구 용수동 89,35.989548,128.691021
233,대구미술관 외환들 주차장,대구광역시 수성구 삼덕동 360-4,35.828988,128.674062
232,대구스타디움 버스주차장,대구광역시 수성구 대흥동 504,35.826554,128.685269
62,동대구지사,대구광역시 동구 효목동 626,35.874959,128.640961
5731,북포항지사(공용),경상북도 포항시 북구 흥해읍 약성리 121-2,36.1134555,129.3476567
5645,한국농어촌공사 포항울릉지사,경상북도 포항시 북구 흥해읍 옥성리 62-2,36.1102159,129.345663
4855,서포항농업협동조합,경상북도 북구 기계면 현내리 462-2,36.068227,129.209807
4854,포항시산림조합,경상북도 포항시 북구 흥해읍 대련리 66-5,36.068227,129.209807
4853,포항교도소,경상북도 포항시 북구 흥해읍 학천리 169,36.072344,129.3239426
4431,청하면행정복지센터,경상북도 포항시 북구 청하면 덕성리 276-3,36.1994025,129.337744
4418,도음산 산림문화수련장,경상북도 포항시 북구 흥해읍 학천리 715,36.0804881,129.3047099
4417,권무정 궁도장,경상북도 포항시 북구 흥해읍 마산리 517,36.1177744,129.3341295
1970,삼도뷰엔빌스마트,경상북도 포항시 북구 흥해읍 학천리 846,36.081557,129.334891
1686,삼도뷰엔빌,경상북도 포항시 북구 흥해읍 학천리 454,36.080208,129.333079
275,북포항지사,경상북도 포항시 북구 흥해읍 약성리 121-2,36.1134555,129.3476567
5873,(전주거치형)비산동 노상주차장,대구광역시 서구 비산동 2131-27,35.88489,128.5682
5872,(전주거치형)세천로1길 노상주차장,대구광역시 달성군 다사읍 세천리 1670-7,35.8761,128.4632
5770,서부경찰서 지상주차장,대구광역시 서구 평리동 1230-8,35.8718165,128.5584402
4857,계명대학교 대명캠퍼스,대구광역시 남구 명덕로 104,35.8555207,128.5793718
4856,대구교도소,대구광역시 달성군 하빈면 하빈로 202,35.8910089,128.4247508
4416,달서시장 공영주차장,대구광역시 달서구 본리동 110-5,35.84086,128.54375
4022,중리롯데캐슬 종합상가,대구광역시 서구 국채보상로 34길 12,35.8654555,128.5477264
4005,서부경찰서,대구광역시 서구 국채보상로 249,35.8718165,128.5584402
3782,성당동1공영주차장,대구광역시 달서구 성당동 638-1,35.8430839,128.5514336
3776,양지로공영주차장,대구광역시 남구 대명동 2152-5,35.8509424,128.578888
3698,중리롯데캐슬,대구광역시 서구 중리동 26-1,35.8671156,128.5480436
3475,두류공원 초급속 EV충전소,대구광역시 달서구 두류동 597,35.8526469,128.5590656
2769,대실역e-편한세상,대구광역시 달성군 다사읍 죽곡1길 42,35.85509,128.462217
2757,용산동서우방타운,대구광역시 달서구 용산동 장산로 20,35.854658,128.527912
2736,삼정그린빌아파트,대구광역시 달서구 두류동 486-2,35.8550363,128.5554167
2416,북죽곡엠코타운더솔레뉴,대구광역시 달성군 다사읍 세천로 160,35.874268,128.480017
1620,용산청구블루빌타운,대구광역시 달서구 용산동 용산로 254,35.859465,128.531368
1618,성당에덴타운,대구광역시 달서구 성당동 성당로33길 16,35.849782,128.569247
1617,성당동포스코더샵,대구광역시 달서구 성당동 장기로 115,35.842865,128.547883
1616,삼정브리티시용산,대구광역시 달서구 감삼동 달구벌대로 1530,35.848737,128.533779
1615,본리2차롯데캐슬,대구광역시 달서구 본리동 대명천로 119,35.838776,128.546124
1614,동화로즈빌,대구광역시 달서구 죽전동 죽전1길 81,35.853284,128.539123
1613,교대역월드메르디앙,대구광역시 남구 이천동 이천로19길 68,35.850974,128.596062
1102,용산롯데캐슬그랜드,대구광역시 달서구 용산동 장산남로 33,35.85106,128.526757
645,월드마크웨스트엔드 아파트,대구광역시 달서구 감삼동 와룡로 169,35.848517,128.536283
644,본리롯데캐슬 아파트,대구광역시 달서구 본리동 대명천로 101,35.838373,128.548301
643,두류보성맨션 아파트,대구광역시 달서구 두류동 두류6길 9,35.857735,128.566563
238,두류공원 테니스장,대구광역시 달서구 두류동 597-3,35.852511,128.556326
156,서대구지사,대구광역시 서구 비산동 312-7,35.869746,128.570835
4796,초전농협 EVC,경상북도 성주군 초전면 대장리 685-1,35.9714,128.26362
3861,성주별고을체육관주차장,경상북도 성주군 성주읍 대흥리 919,35.913707,128.260427
3445,성주지사,경상북도 성주군 성주읍 삼산리 408-1,35.9306106,128.2979994
8089,영덕지사(공용),경상북도 영덕군 영덕읍 우곡리 286,36.41145,129.375104
5643,영덕지사(공용),경상북도 영덕군 영덕읍 우곡리 286,36.41145,129.375104
4858,영덕 검찰청,경상북도 영덕군 영덕읍 화개리 265,36.4204382,129.3658282
3392,농어촌공사 영덕·울진지사,경상북도 영덕군 영해면 성내리 683-3,36.536206,129.404681
2179,(고속도로)영해농협 영덕휴게소,경상북도 영덕군 영해면 성내리 882-1,36.529107,129.402923
277,영덕지사,경상북도 영덕군 영덕읍 우곡리 286,36.41145,129.375104
8090,영천지사(공용),경상북도 영천시 천문로 199,35.956568,128.931264
5610,대창면문화센터,경상북도 영천시 대창면 대창리 1028,35.8752856,128.8936413
5609,국립영천호국원,경상북도 영천시 고경면 청정리 700,35.9786212,129.1094063
4862,화산면행정복지센터,경상북도 영천시 화산면 연지길 16,36.0202468,128.8520842
4861,광장식자재마트,경상북도 영천시 완산동 917-3,35.9610879,128.9407273
4860,영천소방서,경상북도 영천시 호국로 187,35.9776356,128.9578613
4859,육군3사관학교,경상북도 영천시 고경면 창하리 24-2,35.989877,128.9964778
4435,운주산승마자연휴양림,경상북도 영천시 임고면 승마휴양림길 105,36.035282,128.996635
4429,은해사집단시설지구,경상북도 영천시 청통면 치일리 397-7,35.990223,128.798444
4428,보현산댐짚와이어,경상북도 영천시 화북면 배나무정길 196,36.1439193,128.964491
4427,화랑설화마을,경상북도 영천시 금호읍 거여로 426-5,35.928462,128.922469
4426,청통파출소,경상북도 영천시 청통면 금송로 1025,35.99558,128.819654
4424,한국폴리텍6대학로봇캠퍼스,경상북도 영천시 화룡동 989,35.9734835,128.9219554
4422,한의마을,경상북도 영천시 천문로 485 (화룡동),35.978257,128.923998
2171,이마트 영천점,경상북도 영천시 오수동 286,35.957674,128.911294
157,영천지사,경상북도 영천시 천문로 199,35.956568,128.931264
7096,울릉지사사옥,경북 울릉군 울릉읍 도동리 179-7,37.4842864,130.9049292
4402,저동공영주차장,경상북도 울릉군 울릉읍 도동리 299,37.4917492,130.9099813
4401,나리분지버스종점,경상북도 울릉군 북면 나리 57-3,37.5183892,130.8716164
4400,현포만남의광장,경상북도 울릉군 북면 현포리 534-8,37.5256914,130.8223316
4398,서면주민자치센터,경상북도 울릉군 서면 남양리 662-6,37.4683332,130.838738
4397,울릉군농업기술센터,경상북도 울릉군 울릉읍 사동리 541-8,37.4601246,130.8735451
3058,청도지사(고객),경상북도 청도군 청도읍 고수리 859-1,35.64012,128.748493
3052,청도지사,경상북도 청도군 청도읍 고수리 858-1,35.639994,128.748916
5543,칠곡전력지사,경상북도 칠곡군 왜관읍 금산리 413,35.9700732,128.4061191
4868,칠곡도서관 공용주차장,경상북도 칠곡군 왜관읍 왜관리 1542,35.9761,128.40736
4867,왜관전통시장 공영주차장,경상북도 칠곡군 왜관읍 왜관리 210-24,35.99537,128.3966
4866,섬내공원 공영주차장,경상북도 칠곡군 석적읍 중리 884-162,36.07532,128.40736
4865,석적도서관,경상북도 칠곡군 석적읍 남중리2길 25,36.07457,128.40916
4813,칠곡군종합운동장 주차장,경상북도 칠곡군 왜관읍 석전리 883,36.0015044,128.4227229
4812,칠곡군농업기술센터,경상북도 칠곡군 약목면 동안리 617-28,36.0401062,128.3824677
4407,칠곡경찰서,경상북도 칠곡군 약목면 칠곡대로 1050,36.00872,128.38687
4406,송정자연휴양림,경상북도 칠곡군 석적읍 반계3길 88,36.0234,128.4414
4364,지천면 사무소,경상북도 칠곡군 지천면 신리 357-1,35.95611,128.49098
4362,북삼읍 사무소,경상북도 칠곡군 북삼읍 인평리 365-1,36.06265,128.34219
4029,칠곡왜관3주공아파트,경상북도 칠곡군 왜관읍 평장7길 11,35.98715,128.41253
4026,월드피아,경상북도 칠곡군 기산면 지산로 961,35.98569,128.37963
4017,동명지 수변생태공원 생태체험학습관,경상북도 칠곡군 동명면 구덕리 421-1,35.9844302,128.5672215
3787,가산면 다부동 전적기념관,경상북도 칠곡군 가산면 호국로 1486,36.0468,128.5189
3521,칠곡지사,경상북도 칠곡군 왜관읍 구상길 178,35.98267,128.394734
1105,칠곡 효성해링턴 플레이스1단지,경상북도 칠곡군 석적읍 남율로9길 33,36.067862,128.401362
159,칠곡지사(공용),경상북도 칠곡군 왜관읍 구상길 178,35.98267,128.394734
8091,포항지사(공용),경상북도 포항시 남구 상도동 592 한국전력공사 포항지사,36.010645,129.347234
5812,포항북구보건소,경상북도 포항시 북구 장성동 1363-3,36.0705377,129.3799014
5603,동북지방통계청 포항사무소,경상북도 포항시 북구 용흥동 101-4,36.03482,129.3566981
5291,포항산업과학연구원 철제주차장,경상북도 포항시 남구 효자동 산 32,36.009437,129.322905
5290,포항산업과학연구원 동편주차장,경상북도 포항시 남구 효자동 산 32,36.0108123,129.3244303
4880,포항문구센터,경상북도 포항시 북구 우현동 0,36.0577653,129.3680002
4879,포항공대체육관,경상북도 포항시 남구 지곡로 127번길 30,36.0192176,129.324253
4878,포항공대국제관,경상북도 포항시 남구 청암로77,36.0139377,129.3209983
4877,장기면 충효관,경상북도 포항시 남구 신창길 9,35.8963856,129.4952298
4876,포은체육관,경상북도 포항시 남구 냉천로580번길,35.9462754,129.3999376
4875,동해면민복지회관,경상북도 포항시 남구 동해면 일월로123번길 17-45,35.9900287,129.4465787
4874,한국공항공사 포항공항,경상북도 포항시 동해면 일월로 18,35.9832454,129.4339063
4873,상대로공영주차장,경상북도 포항시 남구 상대로 139,36.013461,129.3617842
4872,이동제4공원 공영주차장,경상북도 포항시 남구 대잠동 462-3,36.0241947,129.3399273
4871,양학동민복지회관,경상북도 북구 양학로 107번길 12,36.0306445,129.3432268
4870,국민건강보험공단,경상북도 포항시 남구 희망대로 833,36.0107633,129.3637996
4869,포항남구치매안심센터,경상북도 포항시 남구 오천읍 남원로 43,35.9703681,129.4053277
4434,포항지방해양수산청,경상북도 포항시 북구 해동로 376,36.0519204,129.3750304
4425,구룡포청소년수련원,경상북도 포항시 남구 구룡포읍 명월길 51,36.0285564,129.5729487
4423,포항시 위생교육회관,경상북도 포항시 북구 삼호로203번길 22,36.0574772,129.3748119
4420,송도초 앞 공영주차장,경상북도 포항시 남구 송도동 378-73,36.033941,129.3798118
4419,운제산 산림욕장,경상북도 포항시 남구 대송면 대각리 산105,35.9441483,129.3594609
4409,대이동 공영 주차장,경상북도 포항시 남구 대이로127번길 12-10 (이동),36.0270569,129.3395141
3785,한국산업인력공단 경북동부지사,경상북도 포항시 북구 장성동 1370-11,36.0870622,129.3878284
3781,포항시 평생학습원,경상북도 포항시 남구 대도동 366,36.0060636,129.3560716
3771,경상북도 포항교육지원청,경상북도 포항시 북구 양덕동 894,36.0967495,129.3743695
3441,오거리 공영주차장,경상북도 포항시 북구 죽도동 15-4,36.033477,129.366983
3440,효자종합시장공영주차장,경상북도 포항시 남구 효자동길1번길 8,36.0075,129.329015
3439,오천읍사무소,경상북도 포항시 남구 오천읍 세계길 5 (문덕리_오천읍사무소_오천보건지소),35.963038,129.414484
3430,폴리텍대학,경상북도 포항시 남구 괴동동 1146,35.991763,129.381069
3413,동해면사무소,경상북도 포항시 남구 포항시 남구 동해면 일월로 66,35.988698,129.440426
3329,장성현진에버빌1단지,경상북도 포항시 북구 장성동 1607,36.0663896,129.3750921
3252,신동아베르디2차,경상북도 포항시 북구 우현동 538,36.055869,129.356948
3226,장성현진에버빌2단지,경상북도 포항시 북구 장성동 1608,36.067501,129.375888
3211,정림다채움 아파트,경상북도 포항시 남구 오천읍 문덕로 24번길 33-5,35.960164,129.399761
3160,현진에버빌3단지,경상북도 포항시 북구 장성동 1609,36.06881,129.377551
2657,양덕삼구트리니엔1차,경상북도 포항시 북구 양덕동 1463,36.083961,129.40008
2521,양덕 한마음 체육관,경상북도 포항시 북구 새천년대로 1460 (양덕동),36.07841,129.407284
2520,연일읍사무소,경상북도 포항시 납구 연일읍 철강로 10 (괴정리_연일읍사무소_연일읍보건지소),35.992259,129.343992
2519,포항문화원,경상북도 포항시 북구 새천년대로 909 (우현동_포항문화원),36.053396,129.361076
2518,포항시청,경상북도 포항시 남구 시청로 1 (대잠동_포항시청),36.019337,129.343133
2318,용흥현대1차아파트,경상북도 포항시 북구 용흥동 57-2,36.039716,129.358405
2177,하나로마트 포항점,경상북도 포항시 북구 양덕동 1473,36.082069,129.398427
1958,장성동롯데낙천대,경상북도 포항시 북구 장성동 1455-1,36.076873,129.389218
1957,우방하이츠,경상북도 포항시 북구 두호동 919,36.062199,129.374459
1956,양덕풍림아이원,경상북도 포항시 북구 양덕동 1731,36.086027,129.404066
1955,양덕삼구트리니엔3차,경상북도 포항시 북구 양덕동 786-1,36.0875136,129.395565
1635,한양수자인(포항),경상북도 포항시 북구 양덕동 439-1,36.091276,129.385061
1634,창포아이파크1차,경상북도 포항시 북구 두호동 1103-3,36.063564,129.372832
1633,이동경성골드,경상북도 포항시 남구 대이로 160 (이동_경성골드아파트),36.028749,129.340074
1632,우현풍림아이원,경상북도 포항시 북구 우현동 27-3,36.056836,129.364194
1630,양학산KCC스위첸 아파트,경상북도 포항시 북구 용흥동 641,36.02996,129.353603
1629,상도코아루센트럴하임,경상북도 포항시 남구 상도남로 25 (상도동_포항 상도 코아루 센트럴 하임),36.009007,129.345097
651,환호해맞이그린빌 아파트,경상북도 포항시 북구 환호동 409-1,36.069253,129.392187
650,럭키장성 아파트,경상북도 포항시 북구 장성동 1354,36.066232,129.379862
201,포항지사출장소,경상북도 포항시 남구 구룡포읍 구룡포리 466-1,35.992442,129.556235
63,포항지사,경상북도 포항시 남구 상도동 592 한국전력공사 포항지사,36.010645,129.347234
6964,효령면행복복지센터,대구 군위군 효령면 중구리 204-1,36.1566972,128.5853079
5376,군위한전 전기차충전소 급속 100kw,경상북도 군위군 군위읍 서부리 420-5,36.2382286,128.5663695
4512,군위군농업기술센터,경상북도 군위군 효령면 성리 111,36.1812853,128.5931505
3535,군위지사,경상북도 군위군 군위읍 중앙5길 7-14 (서부리_한국전력공사 군위지사),36.238367,128.566408
8063,문경지사(공용),경상북도 문경시 모전로 75,36.587854,128.190186
6965,문경 한국농어촌공사,경북 문경시 산양면 불암리 251-4,36.6137904,128.255931
5852,문경시청,경상북도 문경시 모전동 220,36.5858947,128.1878656
5671,구랑리 철로자전거,경상북도 문경시 마성면 하내리 262-1,36.6614298,128.0989822
5134,동로면행정복지센터,경상북도 문경시 동로면 적성리 533,36.7732753,128.3149676
5133,신기복지회관,경상북도 문경시 신기동 81-1,36.6376804,128.1693814
5132,호계면행정복지센터,경상북도 문경시 호계면 막곡리 166-1,36.6308015,128.2067974
5131,영강체육공원,경상북도 문경시 흥덕동 77-2,36.6023968,128.2123757
5130,농암면행정복지센터,경상북도 문경시 농암면 농암리 219,36.6009913,128.0029416
5129,산북면행정복지센터,경상북도 문경시 산북면 대상리 9-3,36.6566453,128.2602167
5128,봉암사,경상북도 문경시 가은읍 원북리 349-8,36.6929792,128.018145
4531,문경관광진흥공단,경상북도 문경시 문경읍 고요리 산 89-4,36.7373924,128.1577432
4529,문경시민운동장 충전소,경상북도 문경시 모전동 산 12-2,36.5946288,128.1853399
1665,모전현대 아파트,경상북도 문경시 시청3길 10,36.589021,128.188508
1110,브리티시골드,경상북도 문경시 당교로 231,36.586082,128.188212
274,문경지사,경상북도 문경시 모전로 75,36.587854,128.190186
5365,백두대간수목원3,경상북도 봉화군 춘양면 서벽리 1396,37.0066648,128.8052338
5364,백두대간수목원2,경상북도 봉화군 춘양면 서벽리 485,37.0085622,128.8303169
5363,백두대간수목원1,경상북도 봉화군 춘양면 서벽리 485,37.008614,128.8301692
5362,봉성면 문화복지센터,경상북도 봉화군 봉성면 봉성리 374-3,36.8835485,128.8175512
5350,물야면사무소,경상북도 봉화군 물야면 오록리 429-4,36.9750879,128.7358688
4486,봉화읍사무소,경상북도 봉화군 봉화읍 내성리 197-1,36.887822,128.739532
3534,봉화지사,경상북도 봉화군 봉화읍 내성로 42 (내성리_한전봉화지점),36.886126,128.741336
5465,영양군 골프연습장 충전소,경상북도 영양군 영양읍 감천리 1,36.6458325,129.1018214
5441,영양고추유통공사 충전소,경상북도 영양군 일월면 가곡리 162-1,36.7273,129.087157
4472,주실마을 주차장  충전소,경상북도 영양군 일월면 554-3,36.71962,129.09713
3372,영양지사 충전소,경상북도 영양군 영양읍 서부리 524-1,36.6597471,129.1110459
3371,수비면복지회관,경상북도 영양군 수비면 한티로 479-3,36.766133,129.199784
7259,경북도서관,경북 예천군 호명읍 산합리 1398,36.5779545,128.489928
5868,한국전력공사 예천지사,경상북도 예천군 예천읍 백전리 101,36.6606937,128.4605362
5249,예천양수발전소,경상북도 예천군 은풍면 송월리 471,36.752193,128.4272553
5248,정부경북지방합동청사 관리본부,경상북도 예천군 호명면 금능리 743,36.5776616,128.4665758
5247,은풍면행정복지센터,경상북도 예천군 은풍면 우곡리 140-1,36.7448074,128.443073
5246,예천군 곤충연구소,경상북도 예천군 효자면 고항리 577,36.8258241,128.4594718
5245,한국농어촌공사,경상북도 예천군 예천읍 우계리 391,36.6716705,128.4640322
5244,경북도립대학교,경상북도 예천군 예천읍 청복리 927,36.6407138,128.4565977
4510,예천군청,경상북도 예천군 예천읍 대심리 353,36.6476375,128.4392561
3414,예천지사,경상북도 예천군 예천읍 효자로 170,36.660699,128.460541
5147,청송군 산림조합,경상북도 청송군 청송읍 금곡리 853-3,36.42913,129.05429
5145,경북북부제1교도소,경상북도 청송군 진보면 광덕리 42,36.54872,129.05208
5137,주왕산면 복지회관,경상북도 청송군 주왕산면 주산지리 950,36.35754,129.16173
4471,청송군청 주차장,경상북도 청송군 청송읍 월막리 330,36.4354188,129.0573697
4470,(고속도로)청송휴게소 청주방면,경상북도 청송군 파천면 중평리 594-1,36.4568481,129.0118344
3393,청송지사,경상북도 청송군 청송읍 월막리 426-1,36.4360545,129.0526335
332,청송지사,경상북도 청송군 청송읍 월막리 426-1,36.4360602,129.0526922
8061,경북직할(공용),경상북도 안동시 강남1길 9 한국전력공사,36.552742,128.7332
5627,웅부공원 공영주차장,경상북도 안동시 동부동 85-3,36.565614,128.732862
5237,북후면행정복지센터,경상북도 안동시 북후면 옹천리 557-2,36.6850508,128.703313
5236,예안면행정복지센터,경상북도 안동시 예안면 임예로 1918 (정산리_예안면행정복지센터),36.6613514,128.8848269
5235,임하면행정복지센터,경상북도 안동시 임하면 충효로 3254 (신덕리_임하면행정복지센터),36.52453,128.831184
5234,안동시평생학습원,경상북도 안동시 당북동 393-15,36.5603306,128.7199794
5125,안동그랜드호텔,경상북도 안동시 성곡동 1569,36.56741,128.7805967
5124,옥동공영주차장,경상북도 안동시 옥동 792-2,36.5614745,128.7013243
5085,경상북도청,경상북도 안동시 풍천면 갈전리 1155,36.575767,128.5088161
4505,길안면행정복지센터 공영주차장,경상북도 안동시 길안면 천지리 545-1,36.4561842,128.8941503
4277,육아종합지원센터,경상북도 안동시 옥동 732-3,36.5680024,128.6988034
4276,안동구시장 공영주차장,경상북도 안동시 남문동 221-33,36.5648862,128.7269274
4265,안동중앙신시장 공영주차장,경상북도 안동시 옥야동 327-3,36.5630145,128.7236438
3756,와룡면행정복지센터,경상북도 안동시 와룡면 태리 52-3,36.6163192,128.7665455
3755,콘텐츠박물관,경상북도 안동시 동부동 447-8,36.5663099,128.7340576
3753,안동농수산물도매시장,경상북도 안동시 풍산읍 노리 953-8,36.5893297,128.6095659
3126,경상북도 교육청,경상북도 안동시 풍천면 도청대로 511,36.579678,128.512719
3123,경상북도 독립운동기념관,경상북도 안동시 임하면 독립기념관길 2,36.534063,128.858081
3122,안동과학대학교,경상북도 안동시 서후면 서선길 189 대학교,36.590797,128.6553
2858,옥동5주공아파트,경상북도 안동시 복주길 66,36.565195,128.698452
2693,효성해링턴플레이스아파트,경상북도 안동시 경북대로 438,36.567593,128.699435
2689,용마아파트,경상북도 안동시 남선면 샘들윗길 58,36.532988,128.797094
2486,하회마을,경상북도 안동시 풍천면 하회리 257,36.55031,128.52846
2485,안동버스터미널 공영주차장,경상북도 안동시 송현동 910-1,36.573801,128.676123
2239,옥동3주공아파트,경상북도 안동시 은행나무로 106-6,36.566171,128.695466
2193,이마트 안동점,경상북도 안동시 옥동1길 2,36.55834,128.699027
1971,용상5주공 아파트,경상북도 안동시 경동로 977-6,36.5523,128.762747
1693,화성 아파트,경상북도 안동시 퇴계로 259,36.580466,128.733054
1692,현진에버빌3차 아파트,경상북도 안동시 강남1길 98-23,36.548326,128.731772
1691,현진에버빌2차 아파트,경상북도 안동시 강남5길 112,36.550768,128.729373
1690,태화현대 아파트,경상북도 안동시 광명로 227,36.565211,128.706997
1689,용상6주공본가타운,경상북도 안동시 경동로 977-5,36.554657,128.76162
1688,옥동휴먼시아8단지,경상북도 안동시 옥서1길 90,36.56248,128.691266
1100,브라운스톤태화1단지 아파트,경상북도 안동시 말구리길 50,36.56607,128.706123
649,한양 아파트,경상북도 안동시 영가로 26,36.56539,128.734164
648,안동송현이안 아파트,경상북도 안동시 송현길 23,36.575433,128.685496
647,브라운스톤태화2단지 아파트,경상북도 안동시 말구리2길 55,36.566429,128.7046
56,경북직할,경상북도 안동시 강남1길 9 한국전력공사,36.552742,128.7332
8062,구미지사(공용),경상북도 구미시 송정동 79,36.118097,128.350012
7036,임오동 행정복지센터,경북 구미시 오태동 675-1,36.079822,128.3757943
5830,장애인 종합 복지관,경상북도 구미시 형곡동 692,36.1064539,128.3299275
5829,구미 시립 봉곡도서관,경상북도 구미시 봉곡동 197,36.1533947,128.3080022
5828,대구보호관찰소 구미지소,경상북도 구미시 봉곡동 367,36.1464488,128.3089618
5827,환경자원화 시설,경상북도 구미시 산동읍 백현리 산 177-1,36.1833622,128.4782166
5826,구미 세무서,경상북도 구미시 공단동 174,36.111822,128.38503
5825,금오공과대학교 신평캠퍼스,경상북도 구미시 신평동 188,36.1175056,128.3659204
5824,금오공과대학교 본캠퍼스,경상북도 구미시 양호동 1,36.14553,128.3886
5823,구미시 평생학습원,경상북도 구미시 공단동 256-17,36.105742,128.3842181
5702,강동문화복지회관,경상북도 구미시 구평동 241-3,36.0905823,128.4546938
5149,금오산도립공원 야영주차장,경상북도 구미시 남통동 299,36.111626,128.3158911
5148,선주원남동행정복지센터,경상북도 구미시 봉곡동 541-1,36.1424939,128.3103084
5146,구미경찰서,경상북도 구미시 신평동 188-2,36.1177925,128.3650752
5144,선산보건소,경상북도 구미시 선산읍 동부리 544-1,36.2442434,128.2999548
5143,옥성면 행정복지센터,경상북도 구미시 옥성면 주아리 965-19,36.2954423,128.2784927
5142,금오공과대학교(글로벌관),경상북도 구미시 거의동 468,36.1472018,128.3920113
5141,금오공과대학교,경상북도 구미시 양호동 1,36.1454506,128.3885374
5140,경상북도 교통문화연수원,경상북도 구미시 구평동 693-2,36.08553,128.42845
5139,도로교통공단 경북지부,경상북도 구미시 인의동 998-1,36.09623,128.43202
5138,금오산도립공원 대주차장,경상북도 구미시 남통동 161-16,36.12047,128.32268
5084,구미세무서,경상북도 구미시 공단동 174,36.1119061,128.3850662
4485,홈플러스 구미점(2층),경상북도 구미시 광평동 792-21,36.1027715,128.3637728
4484,경상북도청소년수련원,경상북도 김천시 아포읍 대성리 산 120,36.1259947,128.2797759
4280,산동골드클래스,경상북도 구미시 산동면 신당리 1388,36.15713,128.43029
4279,가산평생학습복지센터,경상북도 칠곡군 가산면 천평리 127,36.0841957,128.5392506
3754,새마을운동테마파크,경상북도 구미시 사곡동 산 33-3,36.0936158,128.3513721
3456,농어촌공사 구미·김천지사,경상북도 구미시 고아읍 들성로13길 14,36.16354,128.349609
3344,구미봉곡e편한세상,경상북도 구미시 봉곡동 764,36.156723,128.312989
3330,e편한세상 구미파크밸리,경상북도 구미시 신비로7길 10,36.123559,128.36622
3319,구평2차영무예다음아파트,경상북도 구미시 구평동 941,36.093136,128.445337
3124,구미대학교,경상북도 구미시 야은로 37 구미1대학,36.150873,128.2885
2195,이마트 구미점,경상북도 구미시 구미대로 256,36.109244,128.36503
1694,원호한누리타운2블록,경상북도 구미시 고아읍 문장로22길 40,36.15323,128.33386
655,푸르지오캐슬B단지 아파트,경상북도 구미시 송정동 산책길 7,36.12371,128.336529
654,임은뉴타운코오롱하늘채 아파트,경상북도 구미시 임은동 818,36.085517,128.367011
653,옥계중흥S클래스 아파트,경상북도 구미시 옥계동 해마루공원로 80,36.139722,128.430505
468,푸르지오캐슬A단지 아파트,경상북도 구미시 송정동 박정희로 599,36.123304,128.340985
467,경남아너스빌 아파트,경상북도 구미시 고아읍 문성리 1098,36.1623786,128.3427416
466,강변보성타운 아파트,경상북도 구미시 비산동 산호대로 423,36.122133,128.382794
58,구미지사,경상북도 구미시 송정동 79,36.118097,128.350012
8064,상주지사(공용),경상북도 상주시 경상대로 3051-17,36.4196189,128.149498
6916,상주시민운동장,경북 상주시 계산동 474-1,36.4319015,128.16214
5871,국제 승마장 관리사업소,경상북도 상주시 사벌국면 화달리 산 6-5,36.4592821,128.2320109
5870,회상나루관광단지,경상북도 상주시 중동면 회상리 769-1,36.440899,128.2660868
5869,화동면 행정복지센터,경상북도 상주시 화동면 이소리 362-4,36.3896058,127.9541559
5481,남산근린공원주차장,경상북도 상주시 신봉동 산 1-5,36.4097658,128.1573076
5480,상주시청,경상북도 상주시 남성동 140-3,36.4114308,128.1593837
4473,사벌문화복지센터,경상북도 상주시 사벌국면 덕담리 372-1,36.4678219,128.2112392
4247,상주청구타운아파트,경상북도 상주시 신봉동 537-1,36.3979013,128.1485599
3272,상주보건소,경상북도 상주시 중앙로 111 (무양동_상주시 의회청사),36.416113,128.150681
3271,상주시청,경상북도 상주시 상산로 223 (남성동_상주시청),36.4164284,128.1506752
3270,함창읍사무소,경상북도 상주시 함창읍 함창중앙로 135,36.5701548,128.1794834
3231,지엘리더스파크골드 1단지,경상북도 상주시 냉림동 111,36.426505,128.160296
3192,지엘리더스파크골드 2단지,경상북도 상주시 냉림동 111-5,36.426267,128.160822
2199,이마트 상주점,경상북도 상주시 경상대로 3141,36.4278319,128.1511557
2198,경북대학교(상주캠퍼스),경상북도 상주시 경상대로 2559,36.379383,128.143199
1698,상주함창LH천년나무2단지 아파트,경상북도 상주시 함창읍 구향4길 15,36.5722521,128.1834002
1697,상주우방타운2차,경상북도 상주시 복룡3길 25,36.4178769,128.1718469
1696,상주우방타운1차,경상북도 상주시 복룡3길 7,36.4169143,128.1718681
1695,무양지엘리베라움,경상북도 상주시 봉양1길 126,36.425701,128.1569972
272,상주지사,경상북도 상주시 경상대로 3051-17,36.4196189,128.149498
7056,곱작골 마음센터,경북 영주시 하망동 402-43,36.8207663,128.6322494
5257,소백산국립공원 삼가주차장,경상북도 영주시 풍기읍 삼가리 265,36.9229979,128.5036156
5256,소백산국립공원 사무소,경상북도 영주시 봉현면 오현리 144,36.8587737,128.5292189
5255,영주동 공영주차장,경상북도 영주시 영주동 19-1,36.8283117,128.6260361
4518,하망동 행정복지센터 공용주차장,경상북도 영주시 하망동 299-8,36.8238462,128.6303304
882,화성리버빌2차 아파트,경상북도 영주시 대학로142번길 39,36.811342,128.609983
273,영주지사,경상북도 영주시 구성로 370,36.82467,128.621953
6999,환동해산업연구원,경북 울진군 죽변면 후정리 688-3,37.0736068,129.4084603
5243,국민건강보험공단 울진출장소,경상북도 울진군 울진읍 읍내리 230-4,36.9856,129.3954
3525,울진지사,경상북도 울진군 울진읍 울진북로 447,36.988607,129.395131
2969,한울원자력본부나곡사택,경상북도 울진군 북면 나곡리 188,37.110064,129.367328
276,울진지사(공용),경상북도 울진군 울진읍 울진북로 447,36.988607,129.395131
8065,의성지사(업무용)(공용),경상북도 의성군 의성읍 경북대로 5644-9,36.34837,128.673582
5784,의성국민체육센터,경상북도 의성군 단북면 노연리 1114,36.3923774,128.4281722
5454,의성지사(공용),경상북도 의성군 의성읍 원당리 474-1,36.34837,128.673582
5252,신평면사무소,경상북도 의성군 신평면 교안리 820,36.4736534,128.5026223
5251,북부길 공영주차장,경상북도 의성군 의성읍 후죽리 370-3,36.3602425,128.6930168
5250,국민건강보험공단,경상북도 의성군 의성읍 후죽리 370-13,36.358905,128.6932886
4475,금성공영주차장,경상북도 의성군 금성면 대리리 30-55,36.2527743,128.6826345
4474,동서1길 공영주차장,경상북도 의성군 의성읍 상리리 709-4,36.3497948,128.7017294
3401,상리공영주차장,경상북도 의성군 의성읍 상리리 742-31,36.350173,128.704613
3140,농어촌공사 의성군위지사,경상북도 의성군 안계면 서부로 1776-46,36.392454,128.433796
3139,단밀면사무소,경상북도 의성군 단밀면 속암리 186-2,36.375835,128.381829
158,의성지사(업무용),경상북도 의성군 의성읍 경북대로 5644-9,36.34837,128.673582
8108,부산울산직할(공용),부산광역시 부산진구 부전동 224-7,35.1527934,129.0613151
5621,(전주거치형)범천동신암로1,부산광역시 부산진구 범천동 1090-12,35.1548423,129.0479747
5619,(전주거치형)전포동주거지,부산광역시 부산진구 전포동 190,35.1592446,129.0700974
5618,(전주거치형)시민공원옆주거지,부산광역시 부산진구 범전동 68-21,35.1694438,129.0621524
5308,수정공원상로 제1노상주차장,부산광역시 동구 수정동 1178-47,35.128382,129.0379414
5307,수정1동 공영주차장,부산광역시 동구 수정동 1043-60,35.1248664,129.0389397
5306,차이나타운 공영주차장,부산광역시 동구 초량동 544-4,35.1152666,129.0376064
4933,동구체육공원 공영주차장,부산광역시 동구 수정동 712-148,35.132632,129.0384176
4885,수정산 공영주차장,부산광역시 동구 수정동 600-3,35.1329908,129.0406589
4884,가구거리 공영주차장,부산광역시 동구 범일동 183,35.1362689,129.0553118
4883,부산국립국악원,부산광역시 부산진구 연지동 219-2,35.1715197,129.0537432
4882,상수도사업본부,부산광역시 부산진구 양정동 273-20,35.1756231,129.0723373
4881,부산시설공단(중앙몰),부산광역시 부산진구 부전동 576-1,35.1576781,129.055192
4817,부산과학체험관,부산광역시 동구 초량동 1167,35.1205916,129.0444817
3984,남해지방해양경찰청,부산광역시 동구 좌천동 68-889,35.1275207,129.0553909
3983,부산항국제여객터미널,부산광역시 동구 초량동 45-39,35.1165636,129.0478001
3528,부산울산전력관리처,부산광역시 부산진구 부전동 224-7,35.1527783,129.0606125
3120,부산교통공사 본사,부산광역시 부산진구 범천동 861-1,35.1497692,129.0604598
3075,(전주거치형)화신칼라,부산광역시 동구 범일동 830-72,35.1412633,129.0628811
3074,(전주거치형)스카이웨이,부산광역시 동구 초량동 산 53-1,35.120699,129.0320685
3071,(전주거치형)범5-2구역,부산광역시 동구 좌천동 1132-3,35.1273213,129.0519333
2742,대원칸타빌멤버스,부산광역시 부산진구 양정동 525,35.1715683,129.0686001
2710,한라비발디스튜디오422,부산광역시 부산진구 범천동 1000-24,35.1486629,129.0561968
1975,양정현대2차 아파트,부산광역시 부산진구 양정동 458-20,35.172413,129.0654651
1703,연지자이2차,부산광역시 부산진구 연지동 406,35.1738336,129.0483622
1702,양정현대1차,부산광역시 부산진구 양정동 458-5,35.1731314,129.0629699
1700,가아KT-e편한세상,부산광역시 부산진구 가야동 698,35.154647,129.0337613
518,(전주거치형)경남공고옆,부산광역시 부산진구 전포동 689-28,35.1534434,129.0628347
320,부산울산전력관리처(공용),부산광역시 부산진구 부전동 224-7,35.1527783,129.0606125
68,부산울산직할,부산광역시 부산진구 부전동 224-7,35.1527934,129.0613151
8104,기장지사(공용),부산광역시 기장군 기장읍 청강리 154-6,35.234832,129.219646
4570,신천리 공영주차장,부산광역시 기장군 기장읍 신천리 1,35.2441817,129.2226307
4569,롯데몰 동부산점,부산광역시 기장군 기장읍 당사리 524,35.1919144,129.2129437
3114,안평역,부산광역시 기장군 철마면 안평리 582-21,35.2366301,129.1711831
3092,군민체육공원,부산광역시 기장군 일광면 원리 39,35.3049957,129.2430468
3087,국립수산과학관,부산광역시 기장군 기장읍 시랑리 408-1,35.1922123,129.2233127
1992,서부주공 아파트,부산광역시 기장군 기장읍 서부리 102,35.243694,129.2095611
1744,기장우신네오빌,부산광역시 기장군 기장읍 청강로 76,35.2384158,129.2230534
1743,고촌LH 아파트,부산광역시 기장군 철마면 고촌리 684,35.2371344,129.1699467
278,기장지사,부산광역시 기장군 기장읍 청강리 154-6,35.234832,129.219646
8105,김해지사(공용),경상남도 김해시 부원동 624-5,35.227535,128.8890928
7416,김해 자재센터 업무용,경남 김해시 한림면 명동리 272-3,35.2990333,128.8089741
5882,중리마을 공영주차장,경상남도 김해시 한림면 안곡리 296-1,35.2994268,128.8425069
5344,(고속도로)진영휴게소 순천방향,경상남도 김해시 진영읍 우동리 295,35.2800761,128.7161179
4821,시민체육공원,경상남도 김해시 삼계동 30-4,35.259103,128.8775085
4818,김해운동장 지하주차장,경상남도 김해시 구산동 660,35.2557086,128.8767422
4503,분성체육공원,경상남도 김해시 동상동 416-1,35.2400859,128.8892564
4502,테크노밸리 상평주차장,경상남도 김해시 진례면 담안리 1563-6,35.2601003,128.7701569
4501,테크노밸리 상우주차장,경상남도 김해시 진례면 고모리 1577-7,35.2704705,128.7752479
3990,대아아파트,경상남도 김해시 안동 333-2,35.2378479,128.9156709
3989,김해진영휴먼시아6단지,경상남도 김해시 진영읍 여래리 973,35.3074276,128.7429553
3976,김해가야테마파크,경상남도 김해시 어방동 986,35.25007,128.893107
3975,행복민원청사,경상남도 김해시 부원동 625-1,35.227843,128.890173
3974,보건복지센터,경상남도 김해시 외동 1261-3,35.232644,128.870565
3973,김해산업진흥의생명융합재단,경상남도 김해시 주촌면 농소리 155-1,35.215698,128.832893
3812,삼방시장주차장,경상남도 김해시 삼안로255번길 11(삼방동),35.250377,128.908785
3807,김해시 농업기술센터,경상남도 김해시 전하로198번길 102 (전하동),35.212832,128.87059
3802,진영공설운동장,경상남도 김해시 진영읍 진영리 1344-2,35.3077819,128.7183584
3629,센텀큐브아파트,경상남도 김해시 진영읍 김해대로 461 (여래리_센텀큐브),35.30717,128.739562
3187,구지마을3단지푸르지오,경상남도 김해시 삼계동 1504-1,35.2579914,128.8703268
3116,칠산서부동 주민자치센터,경상남도 김해시 풍유동 430-4,35.2089536,128.8501871
3095,화정글샘도서관,경상남도 김해시 삼계동 1437,35.2618051,128.8665715
3090,진영본산공단,경상남도 김해시 진영읍 본산리 320-2,35.3130602,128.7472234
3089,생림나전농공단지,경상남도 김해시 생림면 나전리 554-6,35.301572,128.875462
2735,한림리츠빌,경상남도 김해시 삼문동 64-1,35.1991408,128.7942871
2209,이마트 TR 김해터미널,경상남도 김해시 외동 1264,35.2303118,128.8719069
2208,김해 율하체육관,경상남도 김해시 관동동 1123-1,35.1783338,128.8212112
2207,김해 대동면사무소,경상남도 김해시 대동면 초정리 143-2,35.242115,128.9804543
1742,화정마을아이파크가야,경상남도 김해시 삼계동 1439-5,35.2654048,128.8708658
1741,장유e그린타운2차부영,경상남도 김해시 삼문동 583-7,35.1907734,128.8086248
1740,율현마을주공13단지 아파트,경상남도 김해시 율하동 1403,35.1681686,128.8208242
1739,율곡마을주공2단지,경상남도 김해시 율하동 1291,35.1737205,128.8051386
1737,분성마을동원로얄듀크,경상남도 김해시 삼계동 1428-1,35.2695198,128.8653651
1736,동아2차 아파트,경상남도 김해시 내동 1125-3,35.2381931,128.8659303
1131,진영자이 아파트,경상남도 김해시 진영읍 진영리 1610,35.3090619,128.7284517
1129,월산11주공,경상남도 김해시 부곡동 805-1,35.2040868,128.8030129
1126,김해구산주공5단지,경상남도 김해시 구산동 410,35.251846,128.8742147
895,화정마을6단지부영 아파트,경상남도 김해시 삼계동 1435,35.2618061,128.8636983
894,장유쌍용예가1차 아파트,경상남도 김해시 신문동 530-2,35.1943153,128.8154748
893,월산마을6단지,경상남도 김해시 부곡동 802-7,35.206266,128.8016732
892,뜨란채 아파트,경상남도 김해시 외동 1250-1,35.2328615,128.862434
366,클레이아크미술관,경상남도 김해시 진례면 송정리 358,35.2511253,128.7446494
365,중소기업 비지니스센터,경상남도 김해시 주촌면 농소리 638-3,35.213415,128.8315261
364,문화의 전당,경상남도 김해시 내동 1131,35.2438277,128.8694054
64,김해지사,경상남도 김해시 부원동 624-5,35.227535,128.8890928
8106,남부산지사(공용),부산광역시 해운대구 우동 1388-8,35.160417,129.14468
6876,남구청 청사 주차장,부산 남구 대연동 1268-1,35.136523,129.0843571
5880,해운대수목원,부산광역시 해운대구 석대동 419,35.226388,129.1277287
5820,우암동행정복지센터,부산광역시 남구 우암동 152-1,35.1250386,129.0769605
5710,(전주거치형)병무청 뒤,부산광역시 수영구 망미동 987-24,35.1740455,129.103335
5624,(전주거치형)신선천주거지2,부산광역시 해운대구 반여동 1575-5,35.2025581,129.1344653
5617,(전주거치형)신선천주거지1,부산광역시 해운대구 반여동 산 130-11,35.2028953,129.1352701
5616,(전주거치형)장산로주거지1,부산광역시 해운대구 우동 1102-223,35.1712602,129.1410381
5615,(전주거치형)장산로주거지2,부산광역시 해운대구 우동 1102-223,35.171392,129.1412309
5539,아세안문화원,부산광역시 해운대구 좌동 1427,35.1752135,129.1819528
4903,반여농산물도매시장관리사업소,부산광역시 해운대구 반여동 559,35.213706,129.1230192
4902,청사포 공영주차장,부산광역시 해운대구 중동 552,35.1619242,129.1917918
4901,비콘그라운드,부산광역시 수영구 망미동 603-2,35.1722004,129.1095486
4900,이기대 제1공영주차장,부산광역시 남구 용호동 14-1,35.1260025,129.1179446
4899,수영구 스포츠문화타운,부산광역시 수영구 광안동 1333,35.1525833,129.1082025
4897,부산디자인진흥원,부산광역시 해운대구 우동 1457,35.1740469,129.1295462
4896,수영구청,부산광역시 수영구 남천동 148-15,35.1454293,129.1126588
4894,영화의전당,부산광역시 해운대구 우동 1467,35.1717589,129.1277004
4891,남구국민체육센터,부산광역시 남구 용호동 895-18,35.1034954,129.1081819
4890,벡스코,부산광역시 해운대구 우동 1500,35.1683568,129.1346271
4561,부산국제금융센터,부산광역시 남구 문현동 1229-1,35.1467129,129.0656683
4560,해운대구청별관,부산광역시 해운대구 재송동 1192,35.1821525,129.1216025
3991,경남아너스빌아파트,부산광역시 해운대구 좌동 1375,35.1775308,129.1673242
3979,반여도서관,부산광역시 해운대구 반여동 1575-78,35.202272,129.133187
3978,남구청 서편 주차장,부산광역시 남구 대연동 1268-1,35.136698,129.084418
3977,수변어린이공원 공영주차장,부산광역시 수영구 민락동 110-15,35.156533,129.134121
3892,문현한양아파트,부산광역시 남구 문현동 41,35.144445,129.072848
3858,신세계 센텀점,부산광역시 해운대구 우동 1495,35.1689229,129.1296311
3070,(전주거치형)송정해수욕장,부산광역시 해운대구 송정동 714-24,35.177935,129.1978197
2670,메가센텀꿈에그린아파트,부산광역시 해운대구 반여동 1662,35.1980641,129.1220119
2605,벡스코 제2전시장 지하주차장,부산광역시 해운대구 우동 1413-4,35.1655602,129.1348009
2533,부산문화회관,부산광역시 남구 대연동 848-4,35.1275789,129.0929746
2024,엘지메트로시티 아파트(201동),부산광역시 남구 용호동 176-30,35.1286499,129.110067
2023,엘지메트로시티 아파트(123동),부산광역시 남구 용호동 176-30,35.1305413,129.1142622
2022,엘지메트로시티 아파트(138동),부산광역시 남구 용호동 176-30,35.1281289,129.1110079
1746,엘지메트로시티 아파트(101동),부산광역시 남구 용호동 176-30,35.1257029,129.1121518
1745,대연경동메르빌,부산광역시 남구 대연동 252-1,35.1509696,129.0911636
1707,해운대메트로하이츠 아파트,부산광역시 해운대구 중동 149-1,35.1696536,129.1707678
1704,센텀동부센트레빌,부산광역시 해운대구 재송동 380-1,35.1832935,129.1239548
519,지상변압기일체형(송정KT앞 ),부산광역시 해운대구 송정광어골로 42(Green Pole),35.17749,129.1967152
65,남부산지사,부산광역시 해운대구 우동 1388-8,35.160417,129.14468
6877,복천박물관 주차장,부산 동래구 복천동 50,35.2066078,129.0906057
5891,(전주거치형)안락4휴먼시아 아파트,부산 동래구 안락동 459-5,35.1971791,129.1080674
5862,금정문화회관,부산광역시 금정구 구서동 481,35.2457141,129.0940958
5614,(전주거치형)구서동2,부산광역시 금정구 구서동 1026-7,35.2567254,129.0845464
5612,(전주거치형)구서동1,부산광역시 금정구 구서동 1032-6,35.2551113,129.0848044
5611,(전주거치형)남산동,부산광역시 금정구 남산동 91-10,35.2673397,129.0922488
5540,과정공영주차장,부산광역시 연제구 연산동 1062-1,35.1870331,129.0988042
5375,장전역,부산광역시 금정구 장전동 242,35.2390391,129.0880862
4912,건설안전시험사업소,부산광역시 금정구 회동동 450,35.2326645,129.1236203
4888,만남의광장,부산광역시 금정구 구서동 481-1,35.2474884,129.0947978
4825,부산영락공원,부산광역시 금정구 두구동 1494-1,35.2735138,129.1045087
4824,선두구동 행정복지센터,부산광역시 금정구 두구동 174-1,35.2982212,129.1132632
4823,금정구청,부산광역시 금정구 부곡동 78,35.2428245,129.0923546
4822,거제1동 공영주차장,부산광역시 연제구 거제동 1466-17,35.194865,129.0844133
4562,부산시설공단_스포원,부산광역시 금정구 두구동 1641,35.2887996,129.1070778
3113,부산종합버스터미널 주차장,부산광역시 금정구 노포동 176,35.2863759,129.0959093
3091,연제구청,부산광역시 연제구 연산동 1555-1,35.1762132,129.078655
2992,거제2차현대홈타운,부산광역시 연제구 거제동 1479,35.1925492,129.0689058
2719,거제삼정그린코아,부산광역시 연제구 거제동 1272,35.188993,129.0628989
2692,거제동푸르지오,부산광역시 연제구 거제동 1506,35.1873401,129.0706157
1985,연산자이 아파트,부산광역시 연제구 연산동 2262,35.1890599,129.0879067
1984,연산경동메르빌,부산광역시 연제구 연산동 2298,35.1745301,129.0828595
1983,사직쌍용예가 아파트,부산광역시 동래구 사직동 1017,35.1969991,129.0557898
1982,부곡롯데캐슬디아망 아파트,부산광역시 금정구 부곡동 970,35.2294213,129.0947504
1981,구서SKVIEW1단지,부산광역시 금정구 구서동 561-1,35.2446077,129.0857602
1729,연산선경 아파트,부산광역시 연제구 연산동 2235-4,35.1763441,129.1102895
1728,부곡동푸르지오,부산광역시 금정구 부곡동 268-2,35.2295188,129.0901512
1727,명장삼성타운,부산광역시 동래구 명장동 63-9,35.2026806,129.0999546
1726,명륜쌍용예가,부산광역시 동래구 명륜동 753,35.2101358,129.080488
1725,동래센트럴파크하이츠2단지,부산광역시 동래구 명륜동 756-1,35.2115263,129.0852538
1724,구서유림노르웨이아침 아파트,부산광역시 금정구 구서동 420-12,35.2449032,129.0927606
1723,구서동쌍용예가1단지 아파트,부산광역시 금정구 구서동 1053,35.2463701,129.0849375
1722,거제동일동미라주리버 아파트,부산광역시 연제구 거제동 1515,35.1949364,129.0836659
888,사직 삼환나우빌,부산광역시 동래구 사직동 1019,35.2002192,129.0556163
886,금정산쌍용예가1차 아파트,부산광역시 금정구 장전동 732,35.242424,129.0843642
885,거제동월드메르디앙 아파트,부산광역시 연제구 거제동 1468-1,35.1935593,129.082522
374,부산대북측,부산광역시 금정구 장전동 427,35.2319807,129.0890063
373,부산대남측,부산광역시 금정구 부곡동 441-27,35.2276957,129.0892698
372,명륜역,부산광역시 동래구 명륜동 741,35.2135541,129.0805291
371,구서역,부산광역시 금정구 구서동 475,35.245222,129.091099
66,동래지사,부산광역시 동래구 안락동 451-10,35.197202,129.104792
8107,동울산지사(공용),울산광역시 북구 진장동 820-1,35.557678,129.359626
6878,동구 방어동 노상주차장,울산 동구 방어동 1115-7,35.4877152,129.4106182
5887,(전주거치형)무지개아파트2차 앞,울산광역시 북구 신천동 250-1,35.6354748,129.351448
5886,(전주거치형)신명해수욕장,울산광역시 북구 신명동 286-6,35.6446864,129.4412596
5885,(전주거치형)상방복개천,울산광역시 북구 연암동 417-3,35.580917,129.3637406
5884,(전주거치형)호계교회앞,울산광역시 북구 신천동 344-6,35.6302864,129.3495219
5714,(전주거치형)약수초교 앞,울산광역시 북구 중산동 1178-36,35.6478474,129.3414451
5713,(전주거치형)박상진호수공원주차장,울산광역시 북구 송정동 1238-1,35.608222,129.3725046
5305,명덕호수공원 공영주차장,울산광역시 동구 전하동 290-52,35.5186977,129.4273084
4921,매곡천 공영주차장,울산광역시 북구 신천동 745-34,35.6376911,129.3541694
4563,동울산종합시장 공영주차장,울산광역시 동구 전하동 647-1,35.5102042,129.426361
3988,송정반도유보라아이비파크,울산광역시 북구 송정동 1237-2,35.6022215,129.3673296
3980,울산대교 전망대 공영주차장,울산광역시 동구 방어동 산 410-1,35.5017429,129.4062184
3096,중산공영주차장,울산광역시 북구 중산동 1283,35.6540283,129.3492762
2720,블루마시티 서희스타힐스 블루원 아파트,울산광역시 북구 산하동 969-1,35.6370055,129.4386887
2662,신동아파트,울산광역시 북구 신천동 430-1,35.6356095,129.347686
2535,차량등록사업소(2개소),울산광역시 북구 진장동 286-2,35.5712945,129.3559997
2327,양정힐스테이트1차 아파트,울산광역시 북구 양정동 500-33,35.5500893,129.3832129
1990,정림은하수타운,울산광역시 북구 매곡동 542-22,35.6420489,129.3543959
378,전하시장 공영주차장,울산광역시 동구 전하동 449-10,35.51368,129.43089
67,동울산지사,울산광역시 북구 진장동 820-1,35.557678,129.359626
5708,(전주거치형)구포동 주거지,부산광역시 북구 구포동 1251-2,35.1944807,129.0097813
5701,(전주거치형)남산정 메가마트인근,부산광역시 북구 덕천동 364-3,35.2147321,129.0209645
5261,북부산지사(공용),부산광역시 사상구 덕포동 89,35.168981,128.989701
4920,부산구치소,부산광역시 사상구 주례동 666,35.1460872,128.9956213
4919,부산 북구청,부산광역시 북구 구포동 1124-1,35.1969994,128.9901199
4572,주례2동 행정복지센터,부산광역시 사상구 주례동 154-1,35.1500751,129.0104597
4568,한국폴리텍대학 부산캠퍼스,부산광역시 북구 만덕대로155번길 99 (덕천동_한국폴리텍대학부산캠퍼스),35.2184505,129.0190275
4566,만덕1동 공영주차장,부산광역시 북구 만덕동 642-15,35.2139505,129.0303936
4565,구포2동 공영주차장,부산광역시 북구 구포동 969-4,35.2019303,128.9991854
4564,만덕동심공원 공영주차장,부산광역시 북구 만덕동 872-3,35.2089702,129.0387845
3985,르네시떼,부산광역시 사상구 괘법동 529-1,35.16423,128.9777735
3805,모라1동행정복지센터 부설주차장,부산광역시 사상구 모라로93,35.186777,128.990016
3804,모라중학교 지하 공영주차장,부산광역시 사상구 백양대로936,35.190173,128.992587
3803,감전역 역세권 공영주차장,부산광역시 사상구 새벽시장로135,35.154174,128.988613
3073,(전주거치형)곡상골,부산광역시 사상구 모라동 1345-7,35.1916636,128.9908597
2326,구포유림노르웨이숲,부산광역시 북구 구포동 1293,35.1961925,129.0029509
2201,만덕2동 주민센터,부산광역시 북구 만덕동 289-1,35.2101837,129.0372014
1979,화명롯데 아파트낙천대,부산광역시 북구 화명동 2264,35.1373758,129.0655711
1978,학장동신구덕우성 아파트,부산광역시 사상구 학장동 571-3,35.140356,128.987205
1977,동원로얄듀크비스타,부산광역시 북구 구포동 1296,35.2080227,128.9988319
1720,학장삼성2차 아파트,부산광역시 사상구 학장동 574-57,35.1404926,128.9836937
1719,주례한효 아파트,부산광역시 사상구 주례동 3-32,35.1556164,129.0143636
1718,율리벽산블루밍,부산광역시 북구 금곡동 1915,35.2489479,129.0139504
1717,엄궁코오롱 아파트,부산광역시 사상구 엄궁동 680-1,35.1260756,128.9782895
1716,엄궁쌍용스윗닷홈 아파트,부산광역시 사상구 엄궁동 680-2,35.1250325,128.9766014
1715,엄궁대림 아파트,부산광역시 사상구 엄궁동 669-2,35.1289358,128.9781875
1714,신주례엘지2단지 아파트,부산광역시 사상구 주례동 10-4,35.1538789,129.0128504
1713,모라삼정그린코아,부산광역시 사상구 모라동 334,35.1889354,128.9936176
1712,모라벽산 아파트,부산광역시 사상구 모라동 203,35.1911799,128.9939096
1711,덕포경동메르빌 아파트,부산광역시 사상구 덕포동 793,35.1709542,128.9901757
1708,금곡주공3단지,부산광역시 북구 금곡동 57-1,35.2645791,129.0218571
498,화명동대림타운,부산광역시 북구 화명동 1170-1,35.2314535,129.015967
377,대리천 공영주차장,부산광역시 북구 덕천동 732-5,35.2103263,129.002671
376,사상구청 부설주차장,부산광역시 사상구 감전동 138-8,35.1523437,128.9913257
160,북부산지사,부산광역시 사상구 덕포동 89,35.168981,128.989701
4926,미음 화물차고지,부산광역시 강서구 미음동 1641,35.1491962,128.8630959
4925,부산테크노파크,부산광역시 강서구 지사동 1274,35.1465305,128.8264353
4924,가덕도동 행정복지센터,부산광역시 강서구 성북동 229-1,35.0568536,128.8317787
4923,강서구청 역세권 공영주차장,부산광역시 강서구 대저1동 2300,35.2121083,128.9796317
4922,강서브라이트센터,부산광역시 강서구 대저2동 1932-1,35.1800559,128.9570414
4574,강서경찰서,부산광역시 강서구 명지동 607-5,35.1164575,128.9064977
3808,강서구청 주차장,부산광역시 강서구 낙동북로 477,35.212533,128.980755
3464,퀸덤1차 링컨타운,부산광역시 강서구 명지동 3231,35.0863924,128.8967866
3463,퀸덤1차 에디슨타운,부산광역시 강서구 명지동 3230-11,35.0881498,128.8973623
3462,퀸덤1차 아인슈타인타운,부산광역시 강서구 명지동 3232,35.0863733,128.8998472
2534,녹산산단 공영주차장,부산광역시 강서구 송정동 1759,35.0840487,128.8402306
2423,엘크루블루오션C2,부산광역시 강서구 명지동 3243,35.0840734,128.9083454
1749,엘크루솔마레 아파트,부산광역시 강서구 명지동 3235,35.0817416,128.8965956
1748,명지위브포세이돈,부산광역시 강서구 명지동 3234,35.0839996,128.8967356
1747,명지롯데캐슬 아파트,부산광역시 강서구 명지동 3244,35.0839928,128.9049887
5347,(고속도로)언양휴게소 서울방면,울산광역시 울주군 언양읍 반곡리 898-9,35.598739,129.1415373
4930,울산하늘공원,울산광역시 울주군 삼동면 조일리 1533,35.4713036,129.1341585
4929,울산과학기술원,울산광역시 울주군 언양읍 반연리 100,35.5763118,129.1892318
4928,언양읍 행정복지센터,울산광역시 울주군 언양읍 동부리 388-2,35.5693588,129.1253889
3981,삼동면 복지센터,울산광역시 울주군 삼동면 하잠리 966-1,35.5235394,129.1576439
3806,삼남면행정복지센터,울산광역시 울주군 삼남읍 교동리 728-1,35.5409873,129.1085316
3510,서울산지사,울산광역시 울주군 삼남면 교동리 1607-2,35.557884,129.112755
379,울주군보건소,울산광역시 울주군 삼남읍 교동리 1605-1,35.5583121,129.1138824
69,서울산지사(공용),울산광역시 울주군 삼남면 교동리 1607-2,35.557884,129.112755
8109,양산지사(공용),경상남도 양산시 신기동 127,35.3535048,129.0473645
5935,(전주거치형)노상제38공영주차장,경상남도 양산시 상북면 석계리 74-52,35.4140427,129.0614166
5893,(전주거치형)노상27-1공영주차장,경상남도 양산시 어곡동 173-6,35.3725991,129.0264367
5892,(전주거치형)노상제29-1공영주차장,경상남도 양산시 물금읍 범어리 671-1,35.3330522,129.0008983
5890,(전주거치형)노상제33공영주차장,경상남도 양산시 호계동 857,35.367196,129.0607084
5889,(전주거치형)치매안심센터,경상남도 양산시 다방동 506-3,35.3321532,129.0379789
5888,(전주거치형)노상웅상제10공영주차장,경상남도 양산시 평산동 587-32,35.3825293,129.1397007
5678,(전주거치형)원동로 2035,경상남도 양산시 원동면 내포리 1135-2,35.406336,128.933057
5677,(전주거치형)석산리392-7,경상남도 양산시 동면 석산리 392,35.325597,129.033755
5346,(고속도로)양산휴게소 서울방면,경상남도 양산시 동면 내송리 산 86-6,35.3232584,129.0557864
5345,(고속도로)통도사휴게소 부산방향,경상남도 양산시 하북면 순지리 89-5,35.4885446,129.0914303
3987,교동일동미라주아파트,경상남도 양산시 교동 605,35.3468291,129.0214372
3986,범어대동타운,경상남도 양산시 물금읍 범어리 502-1,35.3357143,129.0065148
3811,남양산역,경상남도 양산시 물금읍 범어리 2809,35.32493,129.0192204
3810,2호선 양산역,경상남도 양산시 중부동 721,35.339621,129.026993
3809,부산대양산캠퍼스역 실내주차장,경상남도 양산시 물금읍 범어리 2804,35.317035,129.014046
3238,양산대방노블랜드5차에듀카운티,경상남도 양산시 물금읍 가촌리 1277-2,35.3127942,129.0001979
3188,남양산역 반도유보라 아이비파크6.0,경상남도 양산시 동면 석산리 1448-5,35.3180066,129.0270172
3156,경보1차 아파트,경상남도 양산시 덕계동 1220,35.3702931,129.1442161
3117,삼호동 제1공영주차장,경상남도 양산시 삼호동 471,35.4171148,129.1750589
3112,호포차량기지,경상남도 양산시 동면 가산리 525,35.2851906,129.0170855
3093,양산시 제2청사,경상남도 양산시 북부동 481,35.3468978,129.0377037
3088,강서주민편익시설,경상남도 양산시 어곡동 139-2,35.3755504,129.0300049
2786,양산신도시현진에버빌,경상남도 양산시 물금읍 범어리 2712-1,35.3306425,129.0159228
2741,로즈힐아파트,경상남도 양산시 주진동 182-1,35.3902784,129.1505862
2655,양산2차e편한세상,경상남도 양산시 물금읍 범어리 2673-8,35.3348244,129.0165359
2422,양산가촌휴먼시아,경상남도 양산시 물금읍 가촌리 800,35.3238124,128.9954916
2421,신창비바패밀리아파트,경상남도 양산시 물금읍 범어리 2713-1,35.3322624,129.0188585
2420,선우2차 아파트,경상남도 양산시 평산동 117-1,35.3804809,129.1495052
2251,대방노블랜드 연리지3차,경상남도 양산시 물금읍 가촌리 1302-1,35.3121421,129.0049126
2205,양산주민편익시설,경상남도 양산시 동면 석산리 652,35.3278467,129.027474
2204,양산웅상출장소,경상남도 양산시 주진동 72-2,35.3949059,129.1551705
2203,양산시청,경상남도 양산시 남부동 505,35.3328667,129.0360119
1734,양산서창대동이미지타운1단지,경상남도 양산시 삼호동 169,35.4165751,129.1792009
1124,진일1차 아파트,경상남도 양산시 상북면 석계리 244-1,35.4137916,129.0574397
1123,양산신도시쌍용 아파트,경상남도 양산시 남부동 601-1,35.3337629,129.0302039
1121,범어현대 아파트,경상남도 양산시 물금읍 범어리 682-1,35.3333896,129.0068021
1120,대방노블랜드 연리지2차,경상남도 양산시 물금읍 가촌리 1303-1,35.3126147,129.0030387
891,반도유보라3차,경상남도 양산시 물금읍 범어리 2785-4,35.3151231,129.0082735
890,e편한세상남양산2차,경상남도 양산시 동면 석산리 1450-1,35.3193602,129.0227652
502,양산웅상신원아침도시,경상남도 양산시 주남동 55-1,35.4165504,129.164245
501,상록경남아너스빌,경상남도 양산시 남부동 608-1,35.3302885,129.0248079
499,대승하이아트2차,경상남도 양산시 덕계동 811-45,35.3849945,129.1571404
162,양산지사,경상남도 양산시 신기동 127,35.3535048,129.0473645
8110,영도지사(공용),부산광역시 영도구 남항동2가 22-1,35.088397,129.036095
5538,청학2동 공영주차장,부산광역시 영도구 청학동 99-229,35.0891728,129.0623985
3121,국립 해양박물관,부산광역시 영도구 동삼동 1156,35.078771,129.0797027
2206,태종대공원입구 주차장,부산광역시 영도구 동삼동 1011,35.0624316,129.082506
70,영도지사,부산광역시 영도구 남항동2가 22-1,35.088397,129.036095
8111,울산지사(공용),울산광역시 남구 신정동 142-1,35.541383,129.324816
5676,울산MBC,울산광역시 중구 학성동 409-1,35.5608045,129.3325852
4886,울산구치소,울산광역시 울주군 청량읍 문죽리 903-1,35.5284041,129.2603624
4571,울주군 남부통합보건소,울산광역시 울주군 온양읍 망양리 465-7,35.4552718,129.2908734
3854,울산지사(공용),울산광역시 남구 신정동 142-1,35.541383,129.324816
3801,문화공원 지하주차장,울산광역시 남구 번영로 200,35.542874,129.327033
3119,대운산3 공영주차장,울산광역시 울주군 온양읍 운화리 1276-2,35.3951277,129.2443924
3118,회야강 소공원 공영주차장,울산광역시 울주군 온산읍 삼평리 1487-10,35.425613,129.312112
3115,진하공영주차장,울산광역시 울주군 서생면 서생리 150,35.380804,129.341358
2854,우정혁신LH2단지,울산광역시 중구 태화동 257,35.5595815,129.2914797
2817,경동태원하이빌,울산광역시 울주군 범서읍 천상리 324-2,35.5611182,129.2269098
2778,구영강변디아채,울산광역시 울주군 범서읍 구영리 856,35.5715043,129.2363336
2748,삼산 한화 꿈에그린2단지,울산광역시 남구 삼산동 324-17,35.5356936,129.347702
2646,롯데캐슬골드2단지아파트,울산광역시 남구 야음동 881,35.5209721,129.3166813
2632,구영코아루아파트,울산광역시 울주군 범서읍 구영리 401-2,35.568676,129.2488627
2604,동천체육관 주차장,울산광역시 중구 남외동 751-3,35.561684,129.351836
2536,울산 남구청,울산광역시 남구 달동 1320-1,35.543727,129.330769
1988,아데라움 아파트,울산광역시 남구 삼산동 182-1,35.5448451,129.3469402
1733,에일린의뜰3차,울산광역시 중구 유곡동 271-2,35.5646579,129.3044059
1732,문수로아이파크1단지,울산광역시 남구 신정동 1639-1,35.535203,129.2981607
1731,문수데시앙2단지,울산광역시 울주군 청량읍 율리 1476-1,35.526597,129.2428022
1730,동원로얄듀크2차 아파트,울산광역시 중구 유곡동 215,35.5616806,129.2932046
1119,협성현대 아파트,울산광역시 남구 무거동 931-1,35.5414034,129.2526292
1118,문수마을동문굿모닝힐 아파트,울산광역시 울주군 범서읍 굴화리 734,35.5503171,129.2526497
1116,무거위브자이 아파트,울산광역시 남구 무거동 1594,35.5534616,129.2654489
889,우정혁신LH3단지,울산광역시 중구 태화동 207-2,35.5595296,129.2987009
504,무거동롯데캐슬,울산광역시 남구 무거동 1584,35.5480319,129.2531349
369,범서읍사무소,울산광역시 울주군 범서읍 천상리 442-2,35.568429,129.231277
368,울산대공원 남문주차장,울산광역시 남구 옥동 364,35.5266591,129.2856489
367,울산대공원 정문주차장,울산광역시 남구 옥동 146-1,35.53241,129.291982
71,울산지사,울산광역시 남구 신정동 142-1,35.541383,129.324816
8112,중부산지사(공용),부산광역시 서구 토성동1가 23,35.099494,129.023212
5944,(전주거치형)중앙동 객화차담 밑,부산광역시 중구 중앙동4가 90-1,35.1085754,129.0390765
5309,남부건설본부,부산광역시 서구 토성동1가 29,35.098611,129.0238691
4918,부산국제수산물유통시설관리사업소,부산광역시 서구 암남동 761,35.0574357,129.0121199
4917,오르미 복합문화주차타워,부산광역시 중구 보수동1가 41-45,35.1061409,129.0254751
4916,국민건강보험공단,부산광역시 사하구 신평동 646-1,35.0946641,128.9619197
4567,낙동강하구에코센터,부산광역시 사하구 하단동 1150-8,35.1054783,128.9479611
3982,사하구 제2청사,부산광역시 사하구 신평동 646-2,35.0949372,128.9618933
3893,송도현대아파트,부산광역시 서구 암남동 611-1,35.070507,129.01709
2709,부민e-편한세상,부산광역시 서구 부민동3가 76,35.1043711,129.0165843
2532,을숙도 공영주차장,부산광역시 사하구 하단동 1149-35,35.1093071,128.9461857
1710,당리혜성 아파트,부산광역시 사하구 당리동 17-2,35.1100228,128.9794498
1709,다대현대 아파트,부산광역시 사하구 다대동 120-1,35.0614799,128.9793116
1133,대신 롯데캐슬,부산광역시 서구 서대신동3가 762,35.116669,129.010377
896,구평한신휴플러스,부산광역시 사하구 구평동 497,35.0863647,128.9849736
375,부산 중구청,부산광역시 중구 대청동1가 1-4,35.10653,129.03228
72,중부산지사,부산광역시 서구 토성동1가 23,35.099494,129.023212
8048,경남직할(공용),경상남도 창원시 의창구 신월동 99-4,35.2312378,128.6882754
5773,경남지방병무청,경상남도 창원시 성산구 신월동 103-4,35.23396,128.6911
5772,경상남도 교통문화연수원,경상남도 창원시 성산구 반림동 6-4,35.23684,128.6717
5136,성주동170공영주차장,경상남도 창원시 성산구 성주동 169,35.192906,128.721782
5135,대동백화점,경상남도 창원시 성산구 상남동 44-1,35.22034,128.69089
5127,케이프타운상가,경상남도 창원시 성산구 반지동 78,35.2397,128.66287
4788,경남연구원,경상남도 창원시 성산구 용호동 5-1,35.235525,128.68738
4785,경상남도의회,경상남도 창원시 의창구 사림동 1-1,35.235451,128.693533
4481,대원민원센터,경상남도 창원시 의창구 대원동 93-1,35.232376,128.6505116
4254,명서시장 공영주차장,경상남도 창원시 의창구 명서동 49-14,35.250075,128.6459867
4241,동정동 노외주차장,경상남도 창원시 의창구 동정동 250,35.2673651,128.6172111
4240,중앙입체 공영주차장,경상남도 창원시 성산구 중앙동 4-8,35.2290888,128.6767904
4239,시민생활체육관 뒤 공영주차장,경상남도 창원시 성산구 상남동 43-2,35.2223874,128.6880221
4238,가음정시장 공영주차장,경상남도 창원시 성산구 가음동 21-3,35.2083573,128.6976482
4237,웅남동행정복지센터,경상남도 창원시 성산구 신촌동 14,35.2053589,128.6271796
4236,한국농어촌공사 창원지사,경상남도 창원시 의창구 대산면 제동리 260-1,35.3361043,128.7096988
4235,창원단감테마공원,경상남도 창원시 의창구 동읍 화양리 665,35.2966948,128.6628378
4234,대방황토방 앞 공영주차장,경상남도 창원시 성산구 대방동 361-1,35.2090526,128.7066965
3748,주남저수지,경상남도 창원시 의창구 동읍 월잠리 303-7,35.3065851,128.6781326
3648,포레나대원아파트,경상남도 창원시 의창구 대원동 40,35.2350072,128.6475662
3347,상남꿈에그린아파트,경남 창원시 성산구 상남동 65-1,35.2155488,128.6801829
3141,대동그린파크아파트,경상남도 창원시 성산구 반지동 창원천로 292,35.244842,128.669896
3066,창원국제사격장 충전소,경상남도 창원시 의창구 퇴촌동 409,35.249757,128.6838007
2801,창원송정주공아파트,경상남도 창원시 의창구 동읍 송정리 21-1,35.2780201,128.7016198
2627,감계힐스테이트3차,경상남도 창원시 의창구 북면 감계리 227-1,35.3032052,128.5885276
2471,화천민원센터,경상남도 창원시 의창구 북면 외감리 165-1,35.2996119,128.6027813
2212,남창원농협 농수산물유통센터,경상남도 창원시 성산구 가음동 47-2,35.20417,128.703138
2003,천수림 아파트,경상남도 창원시 의창구 북면 감계리 252-1,35.3014976,128.5876526
2001,대원파크빌 아파트,경상남도 창원시 의창구 대원동 삼동로 121,35.225185,128.655774
902,휴먼빌2단지 아파트,경상남도 창원시 의창구 북면 무동리 122-1,35.3204301,128.5834527
901,성원2차,경상남도 창원시 성산구 남양동 22,35.2122577,128.7034363
900,대동중앙 아파트,경상남도 창원시 의창구 팔용동 124-2,35.2549117,128.6164226
899,개나리1차,경상남도 창원시 성산구 대방동 357,35.2131697,128.7084738
462,무학서문 아파트,경상남도 창원시 의창구 서상동 11-5,35.2621143,128.6223433
380,LH경남본부,경상남도 창원시 성산구 용호동 4-2,35.2326181,128.6865069
255,대산농협,경상남도 창원시 의창구 대산면 가술리 1,35.3443835,128.710105
254,창원경상대학교병원,경상남도 창원시 성산구 삼정자로 11,35.199234,128.708128
196,창원스포츠파크,경상남도 창원시 의창구 원이대로 450(두대동145),35.234108,128.663252
191,늘푸른전당,경상남도 창원시 의창구 삼동동 산 15-2,35.2293312,128.6548708
84,창원축구센터,경상남도 창원시 성산구 사파정동 318,35.221691,128.70533
81,의창구청,경상남도 창원시 의창구 도계동 908,35.254646,128.639178
74,경남직할,경상남도 창원시 의창구 신월동 99-4,35.2312378,128.6882754
8046,거제지사(공용),경상남도 거제시 고현동 959-11,34.8899823,128.6180427
5783,옥포국제시장주차장 4층,경상남도 거제시 옥포동 530-16,34.8940872,128.6921593
5205,거제씨월드,경상남도 거제시 일운면 소동리 478-1,34.8359203,128.7015551
5204,거제문화예술회관,경상남도 거제시 장승포동 426-33,34.867104,128.7232767
5203,거제시체육관,경상남도 거제시 고현동 910,34.882097,128.6171129
5202,거붕백병원,경상남도 거제시 상동동 943-5,34.873533,128.6263169
4314,옥포국제시장주차장,경상남도 거제시 옥포동 530-16,34.8940872,128.6921593
4313,옥포2동사무소,경상남도 거제시 옥포동 1291-7,34.8965976,128.6875118
4312,청마기념관,경상남도 거제시 둔덕면 방하리 505-1,34.8548697,128.5171214
4311,거제시보건소,경상남도 거제시 양정동 981,34.8919514,128.6365713
4310,농업기술센터,경상남도 거제시 고현동 552,34.882063,128.6185303
4308,숲소리 공원,경상남도 거제시 거제면 서상리 산 13,34.8590394,128.6042318
4307,거제국민체육센터,경상남도 거제시 거제면 서정리 808-7,34.8542367,128.5801418
4306,장승포동 공설시민무료주차장,경상남도 거제시 장승포동 713,34.8668426,128.729636
4304,거제고현시장 공영주차장(전통시장),경상남도 거제시 고현동 104-2,34.8852924,128.6240583
4249,신원 아침의도시,경상남도 거제시 고현동 1092-8,34.8790612,128.6203162
3937,거제2차아이파크,경상남도 거제시 양정동 1096,34.8664886,128.6511877
3402,거제면사무소,경상남도 거제시 거제면 서상리 298-1,34.850951,128.5905066
3379,동부면사무소,경상남도 거제시 동부면 산양리 356-2,34.8216045,128.6082121
2472,포로수용소유적공원,경상남도 거제시 고현동 362,34.8755999,128.6246603
2334,벽산e-솔렌스힐2차,경상남도 거제시 상동동 927-9,34.8599947,128.6298806
2333,덕진봄아파트,경상남도 거제시 사등면 지석리 1224-1,34.9075887,128.5120478
2236,옥명대우2차,경상남도 거제시 능포동 224,34.8747159,128.7336102
2225,거제농수산물종합유통센터,경상남도 거제시 상동동 590-1,34.873964,128.6329584
1767,청명화이트빌,경상남도 거제시 양정동 989-5,34.8913996,128.633505
1150,옥명대우,경상남도 거제시 능포동 224,34.8747159,128.7336102
1149,사곡영진자이온1단지,경상남도 거제시 사등면 사곡리 832-3,34.8921106,128.5679028
1148,미진참사랑,경상남도 거제시 아주동 370-1,34.8641505,128.694094
1147,동원우성 빌라트,경상남도 거제시 옥포동 753,34.8942161,128.6974649
1146,덕산베스트타운 아파트,경상남도 거제시 고현동 1039,34.897033,128.632884
1145,고현e편한세상,경상남도 거제시 고현동 1081-18,34.895395,128.6403862
1144,거제자이 아파트,경상남도 거제시 수월동 1092,34.8923342,128.6433743
904,거제엘크루랜드마크,경상남도 거제시 옥포동 308,34.8884082,128.6909392
279,거제지사,경상남도 거제시 고현동 959-11,34.8899823,128.6180427
8047,거창지사(공용),경상남도 거창군 거창읍 강남로 246,35.687001,127.923721
5326,국민건강보험공단,경상남도 거창군 거창읍 대동리 983-1,35.6935678,127.9206522
5155,경남도립거창대학,경상남도 거창군 거창읍 대평리 1396,35.6751892,127.9114667
4504,한국승강기대학교,경상남도 거창군 거창읍 송정리 700,35.6745924,127.8955133
4190,신원면사무소,경상남도 거창군 신원면 신차로 3067 (과정리_신원면사무소),35.5676738,127.9254199
4189,창포원,경상남도 거창군 남상면 월평리 2286,35.65458,127.9390265
2227,거창사과원예농협 하나로마트,경상남도 거창군 거창읍 수남로 2241,35.678866,127.911338
73,거창지사,경상남도 거창군 거창읍 강남로 246,35.687001,127.923721
8049,한전 고성지사(공용),경상남도 고성군 고성읍 동외리 334-2,34.97267,128.32589
5371,고성군 화물자동차 공영주차장,경상남도 고성군 고성읍 율대리 149-12,34.9666413,128.352357
5370,고성군 버스터미널 공영주차장,경상남도 고성군 고성읍 송학리 416-2,34.9816104,128.3267673
4488,한전 고성지사,경상남도 고성군 고성읍 동외리 334-2,34.97267,128.32589
4317,농업기술센터 주차장,경상남도 고성군 고성읍 우산리 206-2,34.9969915,128.3264229
4316,엄홍길전시관 주차장,경상남도 고성군 거류면 송산리 276,34.9727673,128.3868231
3752,상하수도사업본부,경상남도 고성군 고성읍 송학리 1-1,34.9846552,128.3445861
3394,남산공원 오토캠핑장,경상남도 고성읍 신월리 657-7,34.955684,128.328597
2473,거류체육공원 주차장,경상남도 고성군 거류면 신용리 888,34.983127,128.405541
2211,마암면사무소 주차장,경상남도 고성군 마암면 도전리 670-8,35.05519,128.336717
8050,남해지사(공용),경상남도 남해군 남해읍 심천리 955-1,34.8513255,127.8942036
5126,서면 스포츠파크 공영주차장,경상남도 남해군 서면 서상리 1182-4,34.8074058,127.8336422
5116,파독전시관 주차장,경상남도 남해군 삼동면 봉화리 2572,34.8008036,128.0378578
5115,남해읍 공영주차장,경상남도 남해군 남해읍 북변리 264-4,34.8404876,127.8980495
5106,남해읍 하수처리장,경상남도 남해군 남해읍 남변리 138,34.8372922,127.9056427
4508,동창선 다누리 플랫폼,경상남도 남해군 창선면 오용리 473-1,34.8697957,128.0412103
4507,서면종합복지관,경상남도 남해군 서면 서상리 707-1,34.8098186,127.8388467
4217,보물섬마늘나라,경상남도 남해군 이동면 다정리 906,34.816933,127.9242806
4216,나비생태공원,경상남도 남해군 삼동면 봉화리 2136-5,34.7575664,128.0123945
4215,농업기술센터,경상남도 남해군 이동면 다정리 985,34.8162329,127.9226368
2224,창선대교주차장,경상남도 남해군 창선면 대벽리 6-5,34.9166621,128.0303412
2223,유배문학관주차장,경상남도 남해군 남해읍 남변리 555,34.8323408,127.899904
75,남해지사,경상남도 남해군 남해읍 심천리 955-1,34.8513255,127.8942036
8051,한전마산지사(공용),경상남도 창원시 마산회원구 구암동 92-5,35.251662,128.600803
5706,중리공영주차장,경상남도 창원시 마산회원구 내서읍 중리 1041-2,35.2497491,128.5095786
5156,해양환경공단마산지사,경상남도 창원시 마산합포구 월영동 730,35.1766039,128.568854
4498,덕동시립테니스장,경상남도 창원시 마산합포구 덕동동 692,35.1333608,128.5674855
4494,진동복지타운,경상남도 창원시 마산합포구 진동면 진동리 872,35.1158389,128.483525
4178,창동공영주차장,경상남도 창원시 마산합포구 동성동 158,35.20571,128.576513
4170,마산합포구청,경상남도 창원시 마산합포구 중앙동3가 4-11,35.197305,128.568048
3747,우리누리청소년문화센터,경상남도 창원시 마산회원구 합성동 91-3,35.2401998,128.591931
3746,호계민원센터,경상남도 창원시 마산회원구 내서읍 호계리 172,35.2622274,128.5231827
3446,창원마산 야구장,경상남도 창원시 마산회원구 양덕동 477,35.2218294,128.5801941
3426,월영노외무료주차장,경상남도 창원시 마산합포구 월영동 264-1,35.1855008,128.551598
2906,서진아파트,경상남도 창원시 마산회원구 내서읍 상곡리 67,35.241641,128.50434
2841,숲속마을주공6단지아파트,경상남도 창원시 마산회원구 내서읍 삼계리 508-1,35.228069,128.498244
2425,삼계대동이미지아파트2단지,경상남도 창원시 마산회원구 내서읍 삼계리 260,35.224699,128.50389
2424,삼계대동이미지아파트1단지,경상남도 창원시 마산회원구 내서읍 삼계리 290,35.222808,128.502246
2329,봉암서광아파트,경상남도 창원시 마산회원구 봉암동 277,35.216287,128.612899
1997,양덕코오롱하늘채,경상남도 창원시 마산회원구 양덕동 535,35.226723,128.57965
1996,신성네스트빌,경상남도 창원시 마산회원구 내서읍 상곡리 195,35.242461,128.502208
1995,대권한빛아파트,경상남도 창원시 마산합포구 진동면 진동리 494-3,35.116948,128.488773
1755,현동중흥S클래스프라디움 2차,경상남도 창원시 마산합포구 현동 606,35.144741,128.555894
1754,해운동성아파트,경상남도 창원시 마산합포구 해운동 59,35.183201,128.56365
1752,LH그린품애,경상남도 창원시 마산합포구 현동 620,35.140199,128.558617
898,진동한일유앤아이프라임아파트,경상남도 창원시 마산합포구 진동면 진동리 592,35.12122,128.488638
897,양덕우성아파트,경상남도 창원시 마산회원구 양덕동 888-1,35.228797,128.577717
460,진스빌,경상남도 창원시 마산회원구 석전동 246-10,35.229792,128.576874
198,마산수출자유지역(표준3공장),경상남도 창원시 마산회원구 양덕동 410-47,35.220946,128.592623
197,마산수출자유지역(관리원),경상남도 창원시 마산회원구 양덕동 975-7,35.211318,128.588373
78,한전마산지사,경상남도 창원시 마산회원구 구암동 92-5,35.251662,128.600803
77,마산어시장고객지원센터,경상남도 창원시 마산합포구 동성동 314,35.203899,128.579304
76,내서읍사무소,경상남도 창원시 마산회원구 내서읍 중리 1049-2,35.247412,128.508176
8052,밀양지사(공용),경상남도 밀양시 가곡동 545-6,35.4734328,128.7649554
6681,부북면 나노산단 수소충전소 주차장 ,경남 밀양시 부북면 감천리 584,35.4976811,128.7273035
5849,단장면 표충사 공영주차장,경상남도 밀양시 단장면 구천리 2386,35.5312057,128.9431685
5848,국립식량과학원 남부작물부,경상남도 밀양시 내이동 1076-3,35.4923419,128.7421941
5847,한국농어촌공사 밀양지사,경상남도 밀양시 내이동 1133,35.4923419,128.7421941
5104,용전주유소,경상남도 밀양시 산내면 용전리 37-1,35.561744,128.86103
5090,밀양구치소,경상남도 밀양시 부북면 용지리 26,35.5127706,128.7414509
4497,춘화농공단지 주차장,경상남도 밀양시 부북면 춘화리 839,35.5317811,128.7252837
4496,부북면 행정복지센터,경상남도 밀양시 부북면 운전리 483,35.5110704,128.7297338
4495,산외면 행정복지센터,경상남도 밀양시 산외면 다죽리 217-3,35.502489,128.8149445
4492,산외면 문화센터,경상남도 밀양시 산외면 다죽리 123-2,35.5015478,128.8152599
4487,밀양소방서,경상남도 밀양시 교동 산 26,35.4998796,128.758719
3751,초동면행정복지센터,경상남도 밀양시 초동면 오방리 55,35.421515,128.672639
2758,밀양삼문푸르지오아파트,경상남도 밀양시 삼문동 654,35.4802339,128.745623
2712,밀양삼문휴먼시아,경상남도 밀양시 삼문동 567,35.4803744,128.7503873
2330,현대아파트,경상남도 밀양시 내이동 1515,35.5054821,128.7406468
1758,밀양도뮤토 아파트,경상남도 밀양시 삼문동 755,35.4887731,128.7433675
1757,롯데인벤스 아파트,경상남도 밀양시 내이동 1390,35.4880796,128.7399458
163,밀양지사,경상남도 밀양시 가곡동 545-6,35.4734328,128.7649554
8053,사천지사(공용),경상남도 사천시 동금6길 28,34.931316,128.081532
5774,곤양면 서부노인복지회관,경상남도 사천시 곤양면 서정리 998-1,35.0554856,127.958911
5083,한국국토정보공사,경상남도 사천시 용현면 덕곡리 707,35.00203,128.06497
4219,상족암군립공원사업소,경상남도 고성군 하이면 덕명리 12,34.9106611,128.1556313
4218,남양만남의광장,경상남도 사천시 사천시 진삼로 392-9 (노룡동),34.9821009,128.0579446
4214,사천바다케이블카 주차장,경상남도 사천시 사천대로 18 (대방동_사천바다 케이블카 대방정류장),34.9327581,128.053956
3703,사천용강정우하이뷰,경상남도 사천시 용강동 924,34.9476183,128.0840228
3457,서포면사무소주차장,경상남도 사천시 서포면 구평리 614-1,35.005778,127.97803
3425,삼천포체육관 주차장,경상남도 사천시 용강동 817,34.943219,128.088083
2216,이마트 사천점,경상남도 사천시 삼천포대교로 591,34.950233,128.077154
1759,사천리가 아파트,경상남도 사천시 사남면 월성1길 89,35.063032,128.077074
1134,사천대경파미르 아파트,경상남도 사천시 사천읍 사천향교로 13,35.085649,128.099764
79,사천지사,경상남도 사천시 동금6길 28,34.931316,128.081532
8054,산청지사(공용),경상남도 산청군 산청읍 웅석봉로 45,35.413117,127.874859
5669,묵곡생태공원,경상남도 산청군 단성면 묵곡리 942-1,35.2800402,127.9655985
5668,남사 사양정사 주차장,경상남도 산청군 단성면 남사리 250-5,35.2738164,127.9381526
5373,(고속도로)산청휴게소 통영방향,경상남도 산청군 단성면 방목리 산 66-1,35.3329708,127.9372822
5372,(고속도로)산청휴게소 대전방향,경상남도 산청군 단성면 방목리 산 71-6,35.3330014,127.9391468
5093,산청함양사건추모공원,경상남도 산청군 금서면 방곡리 722-6,35.426935,127.780744
5092,홍화원휴게소,경상남도 산청군 신안면 외송리 621-10,35.3494334,127.9351897
5091,생초시장,경상남도 산청군 생초면 어서리 259,35.4942133,127.8359824
5089,신안면사무소,경상남도 산청군 신안면 하정리 606-8,35.3041089,127.9738115
5088,금서면보건지소,경상남도 산청군 금서면 주상리 248-7,35.4617864,127.7933996
5087,새마을금고역사관,경상남도 산청군 산청읍 지리 590,35.4199339,127.8819206
5086,산청군청,경상남도 산청군 산청읍 옥산리 465-3,35.4148882,127.8733414
4229,산청읍사무소,경상남도 산청군 산청읍 지리 321-6,35.4134286,127.8775754
4228,국민건강보험공단진주산청지사 산청출장소,경상남도 산청군 산청읍 지리 737,35.4190318,127.8803638
3749,산청군보건의료원,경상남도 산청군 산청읍 지리 797,35.4160019,127.8840963
2475,산청실내체육관주차장,경상남도 산청군 금서면 매촌리 1,35.421968,127.872601
2474,동의보감촌 주차장,경상남도 산청군 금서면 특리 1300-30,35.442317,127.830126
164,산청지사,경상남도 산청군 산청읍 웅석봉로 45,35.413117,127.874859
80,의령지사,경상남도 의령군 의령읍 서동리 327-1,35.3193714,128.2566277
7356,가좌 우수저류시설 공영주차장,경남 진주시 가좌동 1981,35.1539023,128.111869
5777,진주전력지사,경상남도 진주시 상대동 33-78,35.1824739,128.1224238
5776,명석면사무소,경상남도 진주시 명석면 관지리 305-3,35.2193674,128.0403115
5775,상대동 행정복지센터,경상남도 진주시 상대동 299-3,35.1801652,128.1118315
5103,한빛장례식장,경상남도 진주시 상평동 164-2,35.1712211,128.1190256
5102,한국도로공사 진주지사,경상남도 진주시 호탄동 530,35.1641958,128.119961
5101,진주교도소,경상남도 진주시 대곡면 광석리 700,35.2815437,128.1618085
5100,중앙관세분석소,경상남도 진주시 충무공동 16-1,35.180241,128.1354731
5099,국민건강보험공단,경상남도 진주시 충무공동 19-2,35.1782521,128.1356348
5082,중소벤처기업진흥공단,경상남도 진주시 충무공동 16-4,35.1793793,128.1389355
4482,경남문화예술회관 주차장,경상남도 진주시 칠암동 500-15,35.1859818,128.0934119
4213,초전공원,경상남도 진주시 초전동 1583-14,35.205538,128.1265543
4212,한국세라믹기술원 세라믹섬유융복합센터,경상남도 진주시 충무공동 15-3,35.1782411,128.1351214
4211,한국세라믹기술원,경상남도 진주시 충무공동 15-4,35.1774923,128.1351988
4210,무지개동산,경상남도 진주시 내동면 삼계리 663,35.1600301,128.0318728
4209,내동면사무소,경상남도 진주시 내동면 독산리 65-7,35.1605698,128.0681224
4208,농업기술센터,경상남도 진주시 문산읍 두산리 777,35.1483282,128.1469549
4207,망경한보아파트,경상남도 진주시 망경동 253,35.1825342,128.0808699
4206,신안주공1차아파트,경상남도 진주시 신안동 708-1,35.1775305,128.0696177
3938,혁신도시LH아파트 3단지,경상남도 진주시 충무공동 219,35.1806633,128.1523133
3750,진주종합경기장,경상남도 진주시 충무공동 8,35.1832313,128.1378503
3646,평거하우스토리,경상남도 진주시 평거동 150-4,35.1758393,128.0601441
3511,진주지사,경상남도 진주시 상대동 33-85,35.1808952,128.1218532
3378,경남도청 서부청사,경상남도 진주시 초전동 348-2,35.212715,128.12072
2696,금빛마을현대아파트,경상남도 진주시 집현면 진산로 675,35.238201,128.090897
2665,진주푸르지오1단지아파트,경상남도 진주시 금산면 덕의길 15,35.219277,128.146288
2426,진주혁신도시 센텀리버파크,경상남도 진주시 충무공동 사들로 157,35.182103,128.148228
2219,이마트 진주점,경상남도 진주시 진양호로 477,35.191489,128.077416
2007,한림풀에버 아파트,경상남도 진주시 충무공동 소호로 39,35.172516,128.132403
2006,하대현대 아파트,경상남도 진주시 하대동 101,35.192259,128.126578
1764,진주금산두산위브 아파트,경상남도 진주시 금산면 중장로154번길 49,35.221197,128.149034
1142,한주럭키타운,경상남도 진주시 주약동 156,35.17628,128.090592
1141,평거휴먼시아3단지,경상남도 진주시 평거동 새평거로 111,35.169873,128.058793
1140,이현하이클래스웰가,경상남도 진주시 이현동 진주대로 1317,35.194484,128.058741
1139,엠코타운더프라하,경상남도 진주시 평거동 새평거로 30,35.164497,128.052969
1138,들말흥한타운,경상남도 진주시 평거동 석갑로 45,35.175308,128.065007
1137,가호에일린의뜰,경상남도 진주시 가좌동 강변길 31,35.165494,128.108752
82,진주지사(공용),경상남도 진주시 상대동 33-85,35.1805327,128.1223038
8055,진해지사(공용),경상남도 창원시 진해구 여좌천로 122,35.163688,128.661621
6963,청안동 480번지 공영주차장,경남 창원시 진해구 청안동 480,35.1073075,128.8044494
5349,웅동51번길 공영주차장,경상남도 창원시 진해구 마천동 129-5,35.1257527,128.7828948
5348,소사로5번길 공영주차장,경상남도 창원시 진해구 소사동 205-146,35.1257146,128.7811992
5157,경화로8번길 공영주차장,경상남도 창원시 진해구 경화동 185,35.1542132,128.6866137
5105,웅동2동 민원센터,경상남도 창원시 진해구 용원동 1339-1,35.10107,128.8145
4777,풍호동행정복지센터,경상남도 창원시 진해구 풍호동 176-6,35.1375199,128.7073369
4204,진해 벚꽃공원 전기차충전소,경상남도 창원시 진해구 행암동 24,35.1228846,128.7073353
4203,용원국민체육관 전기차 충전기,경상남도 창원시 진해구 청안동 319-5,35.1065449,128.8030444
4202,해군회관,경상남도 창원시 진해구 현동 18-4,35.1487175,128.6521504
2770,진해시영아파트,경상남도 창원시 진해구 풍호동 75-1,35.1371406,128.7124244
1763,자은더샵 아파트,경상남도 창원시 진해구 자은동 774-3,35.1422246,128.7075773
1762,삼정그린코아 아파트2단지,경상남도 창원시 진해구 경화동 1291,35.1616682,128.6832542
1761,삼정그린코아 아파트,경상남도 창원시 진해구 경화동 1428-1,35.1616058,128.6818897
1143,LH자은프라임,경상남도 창원시 진해구 자은동 121,35.1524435,128.7208673
1136,창원마린푸르지오1단지,경상남도 창원시 진해구 풍호동 천자로 386,35.133243,128.707882
903,진해녹산1차부영 아파트,경상남도 창원시 진해구 청안동 477,35.1021406,128.8044714
280,진해지사,경상남도 창원시 진해구 여좌천로 122,35.163688,128.661621
83,진해경화시장,경상남도 창원시 진해구 이동 524-6,35.1545008,128.6924454
8056,창녕지사(공용),경상남도 창녕군 창녕읍 교하리 34,35.536541,128.501016
4895,고암농협 하나로마트 고암점,경상남도 창녕군 고암면 창밀로 384 (우천리),35.5751603,128.5116098
4893,술정리공용주차장,경상남도 창녕군 창녕읍 술정리 313,35.5405887,128.4900222
4889,창녕군립체육관,경상남도 창녕군 창녕읍 퇴천리 61,35.5199111,128.5059378
4792,장마면사무소 주차장,경상남도 창녕군 장마면 강리 950-1,35.4578965,128.4730968
4687,영신버스터미널 전기버스 충전소,경상남도 창녕군 창녕읍 교리 992-6,35.5437671,128.4891594
4493,도천면주민자치센터 전기차 충전소,경상남도 창녕군 도천면 일리 663-1,35.4361733,128.5153495
4491,대합일반산업단지 전기차 충전소,경상남도 창녕군 대합면 합리 1422,35.6110039,128.4367825
4305,산토끼노래동산,경상남도 창녕군 이방면 안리 739,35.5763696,128.3860877
4303,체육공원주차장,경상남도 창녕군 대합면 십이리 436-1,35.61315,128.4701059
4293,영산오토밸리 EVC충전소,경상남도 창녕군 영산면 서리 554,35.4565319,128.5217042
4292,영산면사무소 EVC충전소,경상남도 창녕군 영산면 동리 137-3,35.4534847,128.528035
3428,창녕군보건소,경상남도 창녕군 창녕읍 교리 996-1,35.5439363,128.4905968
2759,동보하이빌아파트,경상남도 창녕군 대지면 효정리 35,35.5465372,128.4841143
2477,창녕군 우포늪관리사무소 주차장,경상남도 창녕군 유어면 세진리 423,35.5425947,128.4166838
2476,자하곡매표소 주차장,경상남도 창녕군 창녕읍 말흘리 35,35.540175,128.507549
166,창녕지사,경상남도 창녕군 창녕읍 교하리 34,35.536541,128.501016
5600,거제대교 휴게소,경상남도 통영시 용남면 장평리 125-24,34.8906027,128.4712567
5599,평림생활체육공원,경상남도 통영시 평림동 471-3,34.8567407,128.397149
5515,통영전력지사,경상남도 통영시 정량동 271-1,34.8483633,128.431993
5216,통영시욕지면사무소,경상남도 통영시 욕지면 동항리 788,34.6364135,128.2633751
5215,통영시사량면사무소,경상남도 통영시 사량면 금평리 123-1,34.8453845,128.2198159
5214,통영시종합사회복지관,경상남도 통영시 무전동 464-1,34.8593156,128.4324856
5098,통영시청2청사,경상남도 통영시 무전동 376-1,34.8558904,128.4309371
4182,통영시장애인종합복지관,경상남도 통영시 용남면 장문리 912,34.8733192,128.4199269
4181,한려해상생태탐방원,경상남도 통영시 산양읍 연화리 1192,34.7798299,128.3895996
4179,통영항여객선터미널,경상남도 통영시 서호동 316,34.8396235,128.4202703
4176,휴엔하임아파트,경상남도 통영시 무전동 1025-2,34.858531,128.4248109
3512,통영지사,경상남도 통영시 광도면 죽림리 1575-2,34.882401,128.416489
3458,통영 충무체육관,경상남도 통영시 북신동 80-1,34.8515755,128.4293946
3363,한진로즈힐비치(1단지),경상남도 통영시 무전동 1054-2,34.8617732,128.423107
3303,한진로즈힐비치(2단지),경상남도 통영시 무전동 1054-5,34.8644877,128.4215834
3201,주영더팰리스2차,경상남도 통영시 광도면 죽림리 248-4,34.8833747,128.4145454
2332,일성한샘빌라1차,경상남도 통영시 무전동 1024-1,34.858548,128.424269
2222,케이블카제2주차장,경상남도 통영시 도남동 349-1,34.826465,128.426887
2221,이마트 통영점,경상남도 통영시 광도면 죽림리 1566-2,34.887743,128.418207
2010,장원썬비치 아파트,경상남도 통영시 미수동 960-1,34.831315,128.408237
2009,미수현대 아파트,경상남도 통영시 미수동 291-3,34.82886,128.407612
2008,덕진왈츠1차,경상남도 통영시 용남면 장평리 222-2,34.885122,128.467442
1766,현대성우오스타1단지,경상남도 통영시 광도면 안정리 1075,34.945551,128.41191
1765,한선파라디움,경상남도 통영시 광도면 죽림리 1578-2,34.8783046,128.4173836
1151,일성한솔타운,경상남도 통영시 무전동 994-12,34.857451,128.431501
464,통영죽림푸르지오1차 아파트,경상남도 통영시 광도면 죽림리 1579,34.879332,128.419226
85,통영지사(공용),경상남도 통영시 광도면 죽림리 1575-2,34.882401,128.416489
8057,하동지사(공용),경상남도 하동군 하동읍 경서대로 83 (광평리_한국전력하동지점),35.0646944,127.7455966
5343,하동군 녹차연구소,경상남도 하동군 화개면 부춘리 539,35.169716,127.6453026
5342,하동군 편백 자연휴양림,경상남도 하동군 옥종면 위태리 산 281-3,35.1871313,127.8400287
5341,국민건강보험공단(하동남해지사),경상남도 하동군 하동읍 광평리 290-11,35.0651468,127.7489408
5340,하동군 소방서,경상남도 하동군 금성면 궁항리 348-1,34.977597,127.796074
5339,하동군 보건소,경상남도 하동군 하동읍 읍내리 149-1,35.0662752,127.7517645
4201,하동레일바이크 주차장,경상남도 하동군 북천면 직전리 1477-2,35.1134412,127.8931037
4200,고포수변공원 캠핑장,경상남도 하동군 금성면 고포리 543-141,34.9655588,127.7717375
4198,하동군 다목적캠핑장 충전소,경상남도 하동군 옥종면 두양리 28-11,35.245783,127.8902018
4197,하동군 수도사업과 주차장,경상남도 하동군 하동읍 신기리 3-10,35.0585683,127.7803437
4196,하동군 농업기술센터 충전소,경상남도 하동군 적량면 동산리 1694,35.07877,127.7683203
4193,하동 복합교통타운 주차장 전기차충전소,경상남도 하동군 하동읍 비파리 250,35.0642573,127.7604386
3427,북천보건지소,경상남도 하동군 북천면 경서대로 2455 (직전리_북천보건지소),35.1151118,127.8928647
2479,화개장터 주차장,경상남도 하동군 화개면 탑리 734-5,35.188769,127.625339
2478,최참판댁 소형 주차장,경상남도 하동군 악양면 평사리 378-9,35.151051,127.689676
2011,하동대경송림타운,경상남도 하동군 하동읍 광평리 428,35.0649517,127.7445151
1768,하동송보파인빌,경상남도 하동군 하동읍 중앙로 103 (읍내리_송보파인빌),35.0731012,127.7416384
322,하동지사,경상남도 하동군 하동읍 경서대로 83 (광평리_한국전력하동지점),35.0646944,127.7455966
8058,함안지사(공용),경상남도 함안군 가야읍 도항리 344,35.2744799,128.3987679
5780,함안군의회,경상남도 함안군 가야읍 말산리 212-1,35.2731377,128.407434
5386,(고속도로)칠서휴게소 양평방향,경상남도 함안군 칠서면 계내리 29,35.3714392,128.496708
5316,승마공원,경상남도 함안군 가야읍 신음리 827-1,35.2501939,128.3924496
4480,공단복지회관,경상남도 함안군 법수면 윤외리 1475-11,35.3152467,128.3630987
4479,산인공단회관,경상남도 함안군 산인면 신산리 578,35.2699415,128.4671991
4478,파수공단복지회관,경상남도 함안군 함안면 파수리 465-9,35.2379871,128.4070103
4477,법수문화마을회관,경상남도 함안군 법수면 우거리 1003-3,35.3133679,128.3542988
4476,칠북면 보건지소,경상남도 함안군 칠북면 검단리 379-3,35.3456969,128.5213946
4188,칠북면사무소,경상남도 함안군 칠북면 검단리 1289-2,35.3466315,128.521679
4187,함안군청,경상남도 함안군 가야읍 말산리 213,35.2724766,128.4067306
3026,함안 시외버스터미널,경상남도 함안군 가야읍 말산리 616,35.2793843,128.4100753
3025,함안공설운동장,경상남도 함안군 가야읍 도항리 264-1,35.2801999,128.3995622
2956,서정에이스아파트,경상남도 함안군 법수면 윤외리 168,35.3171057,128.3816296
2331,광려천벽산블루밍2차아파트,경상남도 함안군 칠원읍 오곡리 113,35.2760088,128.5215868
2005,광려천벽산블루밍 아파트,경상남도 함안군 칠원읍 오곡리 87,35.2757224,128.5194631
2004,광려천메트로자이 아파트,경상남도 함안군 칠원읍 오곡리 1-1,35.2738555,128.5245581
86,함안지사,경상남도 함안군 가야읍 도항리 344,35.2744799,128.3987679
8059,함양지사(공용),경상남도 함양군 함양읍 함양로 1207,35.526495,127.72892
5112,마천버스정류장주차장,경상남도 함양군 마천면 가흥리 303-3,35.3974222,127.6671865
5111,서상시장,경상남도 함양군 서상면 도천리 1074-1,35.6798006,127.6880646
5110,연암체육관,경상남도 함양군 안의면 석천리 121-1,35.6285993,127.8175696
5109,대봉캠핑랜드주차장,경상남도 함양군 병곡면 원산리 산 1-4,35.5870802,127.6793567
5108,한들생태환경주차장(B),경상남도 함양군 함양읍 용평리 656,35.5177025,127.732031
5107,한들생태환경주차장(A),경상남도 함양군 함양읍 용평리 634-4,35.5208822,127.7334379
4299,상림공원,경상남도 함양군 함양읍 교산리 1069-4,35.5240385,127.7214791
4298,함양용추오토캠핑장,경상남도 함양군 안의면 상원리 758-2,35.6747313,127.7735961
4297,상림제2주차장,경상남도 함양군 함양읍 죽곡리 255-1,35.5292591,127.7118364
4296,백무동계곡 주차장,경상남도 함양군 마천면 강청리 194,35.3630521,127.679903
4295,하림공원,경상남도 함양군 함양읍 용평리 118,35.5117064,127.7413049
4294,대봉산휴양밸리 주차장,경상남도 함양군 병곡면 광평리 663,35.5679833,127.7153134
4168,함양시장 제1주차장,경상남도 함양군 함양읍 용평리 607-119,35.5184995,127.7294479
4167,함양군청 주차장,경상남도 함양군 함양읍 운림리 31-2,35.5207359,127.7251403
3403,안의면사무소,경상남도 함양군 안의면 금성길 7,35.628443,127.811291
2483,농업기술센터 주차장,경상남도 함양군 함양읍 이은리 67,35.5075918,127.7413972
2482,수동공영주차장,경상남도 함양군 수동면 화산리 1186-4,35.5214561,127.7846324
905,라비두스,경상남도 함양군 함양읍 교산리 155,35.5228859,127.7307141
167,함양지사,경상남도 함양군 함양읍 함양로 1207,35.526495,127.72892
8060,합천지사(공용),경상남도 합천군 합천읍 대야로 921,35.570276,128.163234
5369,경상남도안전체험관,경상남도 합천군 용주면 고품리 910-210,35.5538665,128.1135274
4191,한국농어촌공사,경상남도 합천군 합천읍 합천리 117-2,35.5656689,128.1702706
2484,합천영상테마파크,경상남도 합천군 용주면 가호리 256-5,35.547921,128.072368
2214,대장경테마파크,경상남도 합천군 가야면 가야산로 1160,35.765625,128.135074
321,합천지사,경상남도 합천군 합천읍 대야로 921,35.570276,128.163234
8136,제주직할(공용),제주특별자치도 제주시 연동 322-2,33.4890371,126.5013016
8135,제주전력지사(공용),제주특별자치도 제주시 가령로 68,33.498596,126.536653
5806,용담삼동공영주차장,제주특별자치도 제주시 용담삼동 1210-5,33.5174216,126.4993239
5804,동복리체육센터,제주특별자치도 제주시 구좌읍 동복리 1717,33.5435542,126.7077667
5803,농어업인회관,제주특별자치도 제주시 연동 313-105,33.4865811,126.4989473
5802,4.3평화교육센터,제주특별자치도 제주시 봉개동 237-2,33.4533043,126.6197538
5801,삼양축구장,제주특별자치도 제주시 삼양일동 745,33.5323593,126.5978339
5703,봉개동 공영주차장,제주특별자치도 제주시 봉개동 1854-3,33.4903106,126.5955777
5640,수선화시영연립주택 인근주차장,제주특별자치도 제주시 이도이동 1928-9,33.4946937,126.5497289
5447,제주소년원,제주특별자치도 제주시 애월읍 소길리 산194-5,33.4083809,126.3860661
5446,제주해녀박물관,제주특별자치도 제주시 구좌읍 하도리 3204-1,33.523217,126.8627388
5445,테크노파크 용암해수센터,제주특별자치도 제주시 구좌읍 한동리 4849-9,33.5410894,126.816158
5440,제주교도소,제주특별자치도 제주시 오라이동 161,33.4628101,126.5146843
5014,SK렌터카 제주지점,제주특별자치도 제주시 용담이동 723,33.5038732,126.5010714
4763,위더스빌16차,제주특별자치도 제주시 이도이동 1961-6,33.4936041,126.5462352
4724,고스트타운,제주특별자치도 제주시 애월읍 신엄리 2880-12,33.4758349,126.3565619
4704,제주아트센터,제주특별자치도 제주시 오라이동 898-8,33.4771214,126.5154599
4703,제주시민속오일시장 3주차장,제주특별자치도 제주시 도두일동 1212,33.496376,126.4763708
4702,제주특별자치도 복지이음마루,제주특별자치도 제주시 오라삼동 2747-2,33.4927191,126.5029526
4701,웅전공영주차장,제주특별자치도 제주시 노형동 2515-2,33.4826195,126.4720019
4700,노형 제2공영주차장,제주특별자치도 제주시 노형동 1290-3,33.4873091,126.4797824
4699,한수풀도서관,제주특별자치도 제주시 한림읍 대림리 1877,33.4202984,126.2685489
4698,한라산렌트카,제주특별자치도 제주시 도두일동 2203-1,33.4957526,126.47076
4697,종달리 종합복지회관,제주특별자치도 제주시 구좌읍 종달리 1113-55,33.4926248,126.9005699
4695,신성로 공영주차장,제주특별자치도 제주시 도남동 87-8,33.4959736,126.5297437
4694,동물위생시험소(동물보호센터),제주특별자치도 제주시 용강동 1065,33.4559,126.5890795
4657,이도2동 공영주차장,제주특별자치도 제주시 이도이동 1052-2,33.4967789,126.5349867
4656,용흥리사무소,제주특별자치도 제주시 애월읍 신엄리 1818-1,33.4587799,126.3694207
4655,국제대학교 버스차고지,제주특별자치도 제주시 영평동 2235,33.4387928,126.5706526
3862,제주전력지사(공용),제주특별자치도 제주시 이도이동 996-7,33.498309,126.536698
3842,제주산학융합원,제주특별자치도 제주시 아라일동 3005-3,33.4473236,126.5674903
3840,구좌119센터,제주특별자치도 제주시 구좌읍 세화리 1360,33.5201955,126.8600973
3833,한경농협 하나로마트,제주특별자치도 제주시 한경면 신창리 18-2,33.346648,126.1902545
3832,도로교통공단 제주지부,제주특별자치도 제주시 노형동 3220,33.4750458,126.4647777
3831,삼성혈,제주특별자치도 제주시 이도일동 1313,33.5043012,126.5288722
3830,저지리사무소,제주특별자치도 제주시 한경면 저지리 1863-1,33.3326266,126.2558563
3644,아이고운 힐 D지구,제주특별자치도 제주시 오라삼동 2895,33.4885611,126.503231
3643,신제주아파트,제주특별자치도 제주시 노형동 1274-9,33.4894601,126.4811
3467,제주해양경찰서,제주특별자치도 건입동 908,33.519952,126.540272
3461,제주대학교,제주특별자치도 제주시 아라1동 1,33.4570069,126.56405
3448,생각하는정원,제주특별자치도 제주시 한경면 저지리 1525-3,33.3253363,126.2549869
3404,아트리움공연장,제주특별자치도 제주시 해안동 2139-1,33.4649423,126.4551684
3368,제주탐라교육원,제주특별자치도 제주시 오라2동 산 100,33.427087,126.53171
3367,제주경찰교육센터,제주특별자치도 제주시 아라1동 산 1-6,33.4411316,126.5656366
3366,농어촌공사 제주지역본부,제주특별자치도 제주시 삼양2동 2127-1,33.5225764,126.5872451
3362,재영샤르빌아파트 11차,제주특별자치도 제주시 화북이동 4955-16,33.5132388,126.5557093
3302,라움힐,제주특별자치도 제주시 영평동 2697-2,33.4875146,126.5524206
3282,명주2차 아파트,제주특별자치도 제주시 이도이동 1909-6,33.4893543,126.5311424
3256,영평휴스토리,제주특별자치도 제주시 영평동 2680-3,33.4880348,126.5532795
3165,봉개갤럭시타운 1_2차,제주특별자치도 제주시 봉개동 1965-1,33.4895583,126.5927711
3137,새마을금고제주연수원,제주특별자치도 제주시 애월읍 소길리 155-18,33.4128894,126.3944119
3043,베라체 공영주차장,제주특별자치도 제주시 이도2동 1963-7,33.4930399,126.5454123
3042,삼양2동 공영주차장,제주특별자치도 제주시 삼양2동 2176-13,33.5199117,126.5825044
3041,화북2동 공영주차장,제주특별자치도 제주시 화북2동 3378-6,33.5090443,126.5607299
3024,제주도교육청,제주특별자치도 제주시 연동 311-46,33.4905576,126.4979399
3023,제주 교육대학교,제주특별자치도 제주시 화북1동 4810,33.5142806,126.5526229
2983,샤르망,제주특별자치도 제주시 아라이동 1082-1,33.4841109,126.5527983
2976,영산홍주택,제주특별자치도 제주시 이도이동 405,33.4960989,126.5403389
2899,아라인빌,제주특별자치도 제주시 아라1동 1,33.4561344,126.5569956
2804,미듬밀레니엄아파트,제주특별자치도 제주시 삼도이동 중앙로12길 34,33.5123187,126.5207825
2762,연동대림1차아파트,제주특별자치도 제주시 연동 1399,33.48051,126.4885563
2750,헤르지아 하임,제주특별자치도 제주시 오라이동 1231-6,33.493183,126.513214
2626,아름아이빌8차,제주특별자치도 제주시 도련1동 1750,33.5096906,126.591521
2427,다담빌리지,제주특별자치도 제주시 아라이동 아봉로 88,33.4777179,126.5532709
2336,조양상떼빌,제주특별자치도 제주시 연동 연삼로 30,33.4933714,126.4954874
2233,하얀빌라,제주특별자치도 제주시 노형동 1070-4,33.4899049,126.4793746
2232,용두암1차현대아파트,제주특별자치도 제주시 용담삼동 505,33.5155312,126.507795
2230,문화아파트,제주특별자치도 제주시 화북이동 4955-2,33.5137664,126.5556252
2229,제주공항,제주특별자치도 제주시 용담이동 2002,33.5047571,126.4933755
2018,화북주공2 아파트,제주특별자치도 제주시 동화로1길 39,33.5209609,126.5775048
2017,화북4 아파트,제주특별자치도 제주시 화북일동 동화로1길 10,33.5180018,126.5739456
2016,폴라리스빌5차,제주특별자치도 제주시 월평동 1372,33.4754554,126.5693802
2015,조천도화썬빌리지,제주특별자치도 제주시 조천읍 조천18길 23-2,33.5394725,126.6455147
2013,연동뜨레모아 아파트,제주특별자치도 제주시 연동 연동4길 36,33.4826883,126.4873163
2012,아라주원라비앙,제주특별자치도 제주시 아라일동 아연로 512,33.476001,126.5345813
1783,파인그로브,제주특별자치도 제주시 연동 484,33.4781533,126.4997352
1782,제주이도한일베라체 아파트,제주특별자치도 제주시 이도이동 1956,33.4929983,126.5473411
1778,아라하임,제주특별자치도 제주시 아라이동 1374-1,33.4852428,126.5451539
1777,아너써클,제주특별자치도 제주시 해안동 821,33.4677896,126.4619627
1776,방선문6차빌리지,제주특별자치도 제주시 아라일동 아란1길 28-1,33.4751649,126.5395519
1775,미듬하나로 아파트,제주특별자치도 제주시 도련일동 삼봉로 115-1,33.5110383,126.5900983
1773,도남2차e-편한세상,제주특별자치도 제주시 도남동 서광로22길 32,33.4976429,126.5222666
1772,대유대림 아파트,제주특별자치도 제주시 일도이동 남광로 181,33.5031405,126.5516207
1770,노형하이어스,제주특별자치도 제주시 노형동 광평서길 22,33.4772169,126.4650179
1769,광덕 아파트,제주특별자치도 제주시 건입동 사라봉1길 50,33.5146388,126.5411081
1209,화북1 아파트,제주특별자치도 제주시 화북일동 10-1,33.5202558,126.5750571
1208,혜성대유 아파트,제주특별자치도 제주시 일도이동 46-1,33.5056724,126.5452249
1207,현일 아파트,제주특별자치도 제주시 삼도일동 796-15,33.5085888,126.5191082
1206,현대3차 아파트,제주특별자치도 제주시 용담이동 619,33.5109104,126.5102269
1205,현대3노형부영5차 아파트,제주특별자치도 제주시 노형동 754,33.4781815,126.4837772
1204,해오름 아파트,제주특별자치도 제주시 노형동 732-1,33.4802135,126.486589
1202,제주화북3LH 아파트,제주특별자치도 제주시 화북일동 9-1,33.5198316,126.5775273
1201,제주한림LH 아파트,제주특별자치도 제주시 한림읍 대림리 1885,33.4194319,126.2661679
1200,제주하귀휴먼시아1단지,제주특별자치도 제주시 애월읍 하귀1리 167,33.4825875,126.4164083
1199,제주하귀휴먼시아2단지,제주특별자치도 제주시 애월읍 하귀1리 166-1,33.4806562,126.4155042
1198,제주정든마을3단지LH 아파트,제주특별자치도 제주시 노형동 2582-2,33.489486,126.4732769
1197,제주정든마을1단지LH 아파트,제주특별자치도 제주시 노형동 2582-4,33.4883301,126.4739308
1196,제주으뜸마을LH 아파트,제주특별자치도 제주시 노형동 753,33.4782424,126.4815972
1195,제주외도아름마을LH 아파트,제주특별자치도 제주시 외도일동 641-1,33.4845398,126.4281641
1194,제주아라스위첸 아파트,제주특별자치도 제주시 아라일동 6088,33.4735474,126.5428798
1193,제주아라LH 아파트,제주특별자치도 제주시 아라일동 6136,33.4730366,126.5469025
1192,제주삼화3단지LH 아파트,제주특별자치도 제주시 도련이동 550,33.5146147,126.5865123
1191,제주삼화1단지LH 아파트,제주특별자치도 제주시 화북일동 1002-1,33.5160812,126.5749237
1190,제주부영1차 아파트,제주특별자치도 제주시 노형동 732,33.4801812,126.4854263
1189,제주도련LH 아파트,제주특별자치도 제주시 도련일동 1618,33.5078683,126.5889943
1188,제주노형삼환3차 아파트,제주특별자치도 제주시 노형동 1040-1,33.4911163,126.4760642
1187,제주고성LH 아파트,제주특별자치도 제주시 애월읍 고성리 1488-1,33.4660767,126.4107164
1186,제일일출연립주택,제주특별자치도 제주시 해안동 2344,33.4642867,126.4506411
1185,제일빌리지,제주특별자치도 제주시 애월읍 광령리 43,33.462381,126.4450497
1184,정원파인즈 10차,제주특별자치도 제주시 도남동 137-4,33.4882799,126.5283622
1183,일도2차신천지,제주특별자치도 제주시 일도이동 46,33.5064772,126.5460225
1182,오하임타운하우스,제주특별자치도 제주시 오라이동 3140,33.4843657,126.5021491
1181,오등동 진평연립주택,제주특별자치도 제주시 오등동 1352,33.4703805,126.5245959
1180,연동한일시티,제주특별자치도 제주시 연동 2325-7,33.4916004,126.4885491
1179,연동아델하임 아파트,제주특별자치도 제주시 연동 308-6,33.4827058,126.4966567
1178,연동2차미화주택,제주특별자치도 제주시 연동 326-2,33.4837605,126.5006237
1177,에덴빌리지2차,제주특별자치도 제주시 조천읍 함덕리 1752-2,33.5309846,126.6658824
1176,아이린4차 아파트,제주특별자치도 제주시 이도일동 1245-5,33.5027397,126.5326346
1175,아이고운힐C,제주특별자치도 제주시 오라삼동 2895-1,33.4881235,126.5030842
1172,아라아이파크,제주특별자치도 제주시 아라일동 6121,33.4758234,126.5506138
1170,아라뜨래별연립주택,제주특별자치도 제주시 아라이동 890-4,33.4770416,126.5515957
1169,아델리움,제주특별자치도 제주시 연동 1459,33.4799249,126.4942011
1168,신화위더스빌,제주특별자치도 제주시 오라이동 3178-1,33.4807901,126.5026604
1167,삼부비치 아파트,제주특별자치도 제주시 삼양이동 2113-6,33.5237727,126.5858077
1166,봉개블루힐,제주특별자치도 제주시 봉개동 1317,33.4867535,126.5996513
1165,방선문3차빌리지,제주특별자치도 제주시 도남동 642-1,33.4862618,126.5257491
1164,방선문4차빌리지,제주특별자치도 제주시 도남동 629,33.4865874,126.5262356
1163,방선문2차빌리지,제주특별자치도 제주시 아라이동 930,33.4790055,126.5508563
1162,방선문5차빌리지,제주특별자치도 제주시 아라일동 2216,33.474592,126.5393617
1161,미듬아뜨리에 아파트,제주특별자치도 제주시 삼도이동 300-4,33.5049977,126.5228442
1160,루온토빌리지,제주특별자치도 제주시 오라이동 1673,33.4800753,126.5068134
1159,도남1차e-편한세상,제주특별자치도 제주시 도남동 800,33.49396,126.521533
1158,노형해든빌,제주특별자치도 제주시 노형동 920-13,33.4829199,126.4815165
1157,노형지구중흥S클래스 아파트,제주특별자치도 제주시 노형동 2585-1,33.4857484,126.467991
1156,노형아이파크,제주특별자치도 제주시 노형동 731-1,33.4804682,126.4839145
1155,노형2차부영 아파트,제주특별자치도 제주시 노형동 754-4,33.4769844,126.4846039
1154,노형 대림 아파트,제주특별자치도 제주시 노형동 1290-1,33.4877114,126.4803157
1153,금천뜨래별,제주특별자치도 제주시 아라이동 955,33.4799741,126.5531961
1152,건입현대 아파트,제주특별자치도 제주시 건입동 940-3,33.5168441,126.5346067
678,서부농업기술센터,제주특별자치도 제주시 한림읍 월림7길 90,33.3537618,126.2486856
421,한라산국립공원 어리목탐방안내소,제주특별자치도 제주시 1100로 2070-61,33.392437,126.494598
420,한라산국립공원 관음사탐방안내소,제주특별자치도 제주시 오등동 산 180-3,33.4219407,126.5505902
419,조천119센터,제주특별자치도 제주시 조천읍 조천리 833-5,33.5411782,126.6466408
417,제주 동부보건소,제주특별자치도 제주시 구좌읍 김녕료 14길 6,33.554663,126.751331
416,유수암,제주특별자치도 제주시 애월읍 유수암리 1017-1,33.424263,126.408643
415,유리의성,제주특별자치도 제주시 한경면 저지리 3135-1,33.3137273,126.2723234
414,애월119센터,제주특별자치도 제주시 애월읍 일주서로 6513,33.466829,126.348878
412,서부경찰서,제주특별자치도 제주시 애월읍 애조로 215,33.473854,126.406239
409,베스트힐 주차장(조천읍),제주특별자치도 제주시 조천읍 남조로 2109-38,33.456637,126.656834
407,동부농업기술센타,제주특별자치도 제주시 구좌읍 김녕리 1892,33.5502224,126.7503976
406,도두동 주민센터,제주특별자치도 제주시 도두1길 9-1,33.50311,126.468194
405,김창열미술관,제주특별자치도 제주시 한림읍 용금로 883-5,33.339346,126.268699
404,국립제주박물관,제주특별자치도 제주시 일주동로 17,33.514248,126.54897
403,LH제주본부,제주특별자치도 제주시 삼도1동 305-4,33.5041279,126.523389
386,개인택시조합,제주특별자치도 제주시 도두1동 2198-7,33.4956549,126.4688946
259,한림체육관,제주특별자치도 제주시 한림읍 한림리 887-2,33.4095484,126.2681392
258,제주의료원,제주특별자치도 제주시 아라1동 4-17,33.445522,126.560081
257,제주 삼양 유적지,제주특별자치도 제주시 삼양일동 1660-5,33.523015,126.588182
256,서부소방서,제주특별자치도 제주시 한림읍 한림중앙로 150,33.402687,126.270434
199,종합경기장,제주특별자치도 제주시 오라일동 1165,33.4980692,126.5146921
139,한전APT,제주특별자치도 제주시 선사로6길 63,33.5278871,126.5911383
137,제주직할,제주특별자치도 제주시 연동 322-2,33.4890371,126.5013016
136,제주전력지사,제주특별자치도 제주시 가령로 68,33.498596,126.536653
134,서제주변환소,제주특별자치도 제주시 월산남길 243,33.4551397,126.4736679
8134,서귀포지사(공용),제주특별자치도 서귀포시 신중로 56,33.254374,126.510819
5792,서귀포시 상예동 다목적회관,제주특별자치도 서귀포시 상예동 1526-1,33.2535779,126.3894448
5585,에코라운지,제주특별자치도 서귀포시 상예동 2676,33.2649116,126.3886066
5450,제주국가생약자원관리센터,제주특별자치도 서귀포시 상효동 2072,33.3055831,126.5704046
4757,농업기술원,제주특별자치도 서귀포시 강정동 3458,33.2612175,126.4890888
4756,남원공영주차장,제주특별자치도 서귀포시 남원읍 남원리 83-2,33.2791728,126.7211246
4755,동광리버스차고지,제주특별자치도 서귀포시 안덕면 동광리 826-2,33.311869,126.342535
4707,표선공영주차장,제주특별자치도 서귀포시 표선면 표선리 701,33.3263542,126.8317566
4706,천지공영주차장,제주특별자치도 서귀포시 서귀동 305-1,33.2515278,126.5592891
3864,대정읍사무소,제주특별자치도 서귀포시 대정읍 하모리 1413,33.2266535,126.2521624
3839,강정생명평화교회,제주특별자치도 서귀포시 선반로65번길 61,33.2376416,126.4955331
3838,물영아리주차장,제주특별자치도 서귀포시 남원읍 수망리 산 182-7,33.360748,126.6924479
3837,서귀포향토오일장,제주특별자치도 서귀포시 동홍동 779-1,33.2671638,126.5730313
3836,번개과학체험관,제주특별자치도 서귀포시 토평동 1799,33.2895229,126.5886129
3835,서귀포개인택시조합,제주특별자치도 서귀포시 토평동 1379,33.2694366,126.5928839
3834,방주교회,제주특별자치도 서귀포시 안덕면 상천리 427,33.3051262,126.3872926
3450,건강과 성박물관,제주특별자치도 서귀포시 안덕면 감산리 1404,33.2550553,126.346811
3449,토이파크,제주특별자치도 서귀포시 안덕면 동광리 383,33.3189031,126.3453568
3382,서커스월드공연장,제주특별자치도 서귀포시 안덕면 동광리 886,33.314364,126.3445961
3380,김영갑갤러리,제주특별자치도 서귀포시 성산읍 삼달리 437-5,33.3722237,126.8544308
3053,서귀포시교육지원청,제주특별자치도 서귀포시 토평동 1442-1,33.2707973,126.5893104
3030,표선 해양경비단,제주특별자치도 서귀포시 표선면 하천리 1493-4,33.3571391,126.8228739
3029,제주권역재활센터,제주특별자치도 서귀포시 서귀동 284-1,33.2527601,126.5622876
2980,지산오차드힐아파트,제주특별자치도 서귀포시 서홍동 1597-1,33.2611802,126.554988
1786,서귀포혁신LH2단지,제주특별자치도 서귀포시 서호동 서호남로 92-16,33.2480065,126.5198351
1785,서귀포혁신LH1단지,제주특별자치도 서귀포시 서호동 서호남로 92-15,33.2495864,126.5236551
1784,삼아 아파트,제주특별자치도 서귀포시 동홍동 태평로 536,33.2518227,126.574465
1218,제주서귀포동홍6단지LH 아파트,제주특별자치도 서귀포시 동홍동 1312,33.2630683,126.5607144
1217,오페라하우스,제주특별자치도 서귀포시 서홍동 서홍로178번길 45,33.2606034,126.5545595
1216,아우룸숲,제주특별자치도 서귀포시 서홍동 홍중로 105,33.2617742,126.5551932
1215,서귀포동홍3LH 아파트,제주특별자치도 서귀포시 동홍동 353-1,33.2498267,126.5739183
1214,서귀포대정LH 아파트,제주특별자치도 서귀포시 대정읍 하모리 1450,33.2277446,126.2516064
1213,서귀포남원LH 아파트,제주특별자치도 서귀포시 남원읍 남원리 2494,33.2812009,126.722097
1211,동홍인터불고코아루 아파트,제주특별자치도 서귀포시 동홍동 157,33.2538737,126.5736239
1210,강정상록 아파트,제주특별자치도 서귀포시 강정동 신서로 55,33.2549079,126.5047563
441,안덕면종합복지회관,제주특별자치도 서귀포시 안덕면 화순로 121-6 (화순리_안덕면 종합복지회관),33.2460305,126.3335341
440,청소년 문화의 집,제주특별자치도 서귀포시 화순로 56번길 20,33.249783,126.337094
439,제주국제평화센터,제주특별자치도 서귀포시 중문관광로 227-24,33.244668,126.421889
438,용머리해안,제주특별자치도 서귀포시 안덕면 사계남로216번길 28,33.2339822,126.3111
436,영어교육도시119센터,제주특별자치도 서귀포시 대정읍 보성리 산 1-16,33.2789362,126.2732747
435,영실매표소,제주특별자치도 서귀포시 영실로 246,33.340577,126.480083
434,안덕생활체육관,제주특별자치도 서귀포시 화순서서로 59,33.256075,126.328364
433,안덕계곡 주차장,제주특별자치도 서귀포시 감산리 345,33.257836,126.353287
431,성산하수처리장,제주특별자치도 서귀포시 성산읍 오조리 57-35,33.452052,126.918956
430,서귀포해양경찰서,제주특별자치도 서귀포시 서호남로 11,33.251271,126.513811
429,동부소방서,제주특별자치도 서귀포시 성산읍 일주동로 4120번길 7,33.460444,126.910027
428,대천동주민센터,제주특별자치도 서귀포시 도순로 44,33.251056,126.477564
427,남원 의례회관 주차장,제주특별자치도 서귀포시 남원리 381,33.294428,126.711368
425,가시리 조랑말체험공원,제주특별자치도 서귀포시 표선면 가시리 3149-33,33.383955,126.735769
385,정방폭포,제주특별자치도 서귀포시 동홍동278,33.245004,126.573164
384,수산1리 복지회관,제주특별자치도 서귀포시 성산읍 수산리 703-1,33.446088,126.883146
383,서귀포의료원,제주특별자치도 서귀포시 동홍동 1530-2,33.25623,126.564014
382,난산리 다목적회관,제주특별자치도 서귀포시 성산읍 난산리 1108,33.401291,126.870952
133,서귀포지사,제주특별자치도 서귀포시 신중로 56,33.254374,126.510819
